nohup: ignoring input
myrank: 0 local_rank: 0 device_count: 1 world_size: 1
====================================================================================================
        - platform : local
        - local_rank : 0
        - rank : 0
        - device : cuda:0
        - world_size : 1
        - random_seed : 110
        - lr : 0.0005
        - weight_decay : 0.01
        - correct_bias : True
        - adam_epislon : 1e-06
        - no_decay_bias : False
        - adam_beta1 : 0.9
        - adam_beta2 : 0.999
        - scheduler : None
        - max_step : None
        - max_epoch : 5
        - warmup_step : 500
        - i_steps : 0
        - i_lrs : 0.00025
        - galore_rank : 128
        - update_proj_gap : 50
        - galore_scale : 1.0
        - proj_type : std
        - train_data : ./data/e2e/train.jsonl
        - valid_data : ./data/e2e/valid.jsonl
        - train_batch_size : 8
        - valid_batch_size : 4
        - grad_acc : 1
        - clip : 0.0
        - seq_len : 512
        - model_card : gpt2.md
        - init_checkpoint : ./pretrained_checkpoints/gpt2-medium-pytorch_model.bin
        - fp16 : False
        - log_interval : 100
        - eval_interval : 2000
        - save_interval : 1000
        - work_dir : ./trained_models/GPT2_M/e2e
        - lora_dim : 4
        - lora_alpha : 32
        - obj : clm
        - lora_dropout : 0.1
        - label_smooth : 0.1
        - roll_interval : -1
        - roll_lr : 1e-05
        - roll_step : 100
        - eval_epoch : 1
        - dist : <module 'torch.distributed' from '/home/ycyh/miniconda3/envs/LoRA/lib/python3.11/site-packages/torch/distributed/__init__.py'>
====================================================================================================
Experiment dir : ./trained_models/GPT2_M/e2e
loading model pretrained weight.
set max_step: 26290
start to train the model................ 1
================================================================================
[Memory Breakdown] step 100
Parameter memory      : 1355.04 MB
Gradient memory       : 0.00 MB
Optimizer state memory: 3.00 MB
GaLore projector mem  : 0.00 MB
CUDA allocated        : 2257.87 MB
CUDA reserved         : 18264.00 MB
CUDA peak allocated   : 17272.64 MB
================================================================================
|===========================================================================|
|                  PyTorch CUDA memory summary, device ID 0                 |
|---------------------------------------------------------------------------|
|            CUDA OOMs: 0            |        cudaMalloc retries: 0         |
|===========================================================================|
|        Metric         | Cur Usage  | Peak Usage | Tot Alloc  | Tot Freed  |
|---------------------------------------------------------------------------|
| Allocated memory      |   2257 MiB |  17272 MiB |   9585 GiB |   9582 GiB |
|       from large pool |   2250 MiB |  17264 MiB |   9568 GiB |   9566 GiB |
|       from small pool |      7 MiB |     10 MiB |     16 GiB |     16 GiB |
|---------------------------------------------------------------------------|
| Active memory         |   2257 MiB |  17272 MiB |   9585 GiB |   9582 GiB |
|       from large pool |   2250 MiB |  17264 MiB |   9568 GiB |   9566 GiB |
|       from small pool |      7 MiB |     10 MiB |     16 GiB |     16 GiB |
|---------------------------------------------------------------------------|
| Requested memory      |   2257 MiB |  17269 MiB |   9584 GiB |   9582 GiB |
|       from large pool |   2249 MiB |  17261 MiB |   9567 GiB |   9565 GiB |
|       from small pool |      7 MiB |     10 MiB |     16 GiB |     16 GiB |
|---------------------------------------------------------------------------|
| GPU reserved memory   |  18264 MiB |  18264 MiB |  18264 MiB |      0 B   |
|       from large pool |  18252 MiB |  18252 MiB |  18252 MiB |      0 B   |
|       from small pool |     12 MiB |     12 MiB |     12 MiB |      0 B   |
|---------------------------------------------------------------------------|
| Non-releasable memory | 141443 KiB |   1855 MiB |   5607 GiB |   5607 GiB |
|       from large pool | 140732 KiB |   1853 MiB |   5591 GiB |   5590 GiB |
|       from small pool |    711 KiB |      3 MiB |     16 GiB |     16 GiB |
|---------------------------------------------------------------------------|
| Allocations           |     469    |     908    |  377001    |  376532    |
|       from large pool |     125    |     513    |  248655    |  248530    |
|       from small pool |     344    |     401    |  128346    |  128002    |
|---------------------------------------------------------------------------|
| Active allocs         |     469    |     908    |  377001    |  376532    |
|       from large pool |     125    |     513    |  248655    |  248530    |
|       from small pool |     344    |     401    |  128346    |  128002    |
|---------------------------------------------------------------------------|
| GPU reserved segments |     230    |     230    |     230    |       0    |
|       from large pool |     224    |     224    |     224    |       0    |
|       from small pool |       6    |       6    |       6    |       0    |
|---------------------------------------------------------------------------|
| Non-releasable allocs |      12    |      47    |  261618    |  261606    |
|       from large pool |       5    |      39    |  152346    |  152341    |
|       from small pool |       7    |      10    |  109272    |  109265    |
|---------------------------------------------------------------------------|
| Oversize allocations  |       0    |       0    |       0    |       0    |
|---------------------------------------------------------------------------|
| Oversize GPU segments |       0    |       0    |       0    |       0    |
|===========================================================================|

| epoch   1 step      100 |    100 batches | lr 0.0005 | ms/batch 779.68 | loss  3.37 | avg loss  3.29 | ppl 26.72
================================================================================
[Memory Breakdown] step 200
Parameter memory      : 1355.04 MB
Gradient memory       : 0.00 MB
Optimizer state memory: 3.00 MB
GaLore projector mem  : 0.00 MB
CUDA allocated        : 2257.87 MB
CUDA reserved         : 18264.00 MB
CUDA peak allocated   : 17272.64 MB
================================================================================
|===========================================================================|
|                  PyTorch CUDA memory summary, device ID 0                 |
|---------------------------------------------------------------------------|
|            CUDA OOMs: 0            |        cudaMalloc retries: 0         |
|===========================================================================|
|        Metric         | Cur Usage  | Peak Usage | Tot Alloc  | Tot Freed  |
|---------------------------------------------------------------------------|
| Allocated memory      |   2257 MiB |  17272 MiB |  19167 GiB |  19164 GiB |
|       from large pool |   2250 MiB |  17264 MiB |  19133 GiB |  19131 GiB |
|       from small pool |      7 MiB |     10 MiB |     33 GiB |     33 GiB |
|---------------------------------------------------------------------------|
| Active memory         |   2257 MiB |  17272 MiB |  19167 GiB |  19164 GiB |
|       from large pool |   2250 MiB |  17264 MiB |  19133 GiB |  19131 GiB |
|       from small pool |      7 MiB |     10 MiB |     33 GiB |     33 GiB |
|---------------------------------------------------------------------------|
| Requested memory      |   2257 MiB |  17269 MiB |  19166 GiB |  19164 GiB |
|       from large pool |   2249 MiB |  17261 MiB |  19132 GiB |  19130 GiB |
|       from small pool |      7 MiB |     10 MiB |     33 GiB |     33 GiB |
|---------------------------------------------------------------------------|
| GPU reserved memory   |  18264 MiB |  18264 MiB |  18264 MiB |      0 B   |
|       from large pool |  18252 MiB |  18252 MiB |  18252 MiB |      0 B   |
|       from small pool |     12 MiB |     12 MiB |     12 MiB |      0 B   |
|---------------------------------------------------------------------------|
| Non-releasable memory | 141443 KiB |   1855 MiB |  11231 GiB |  11231 GiB |
|       from large pool | 140732 KiB |   1853 MiB |  11197 GiB |  11197 GiB |
|       from small pool |    711 KiB |      3 MiB |     33 GiB |     33 GiB |
|---------------------------------------------------------------------------|
| Allocations           |     469    |     908    |     753 K  |     753 K  |
|       from large pool |     125    |     513    |     497 K  |     497 K  |
|       from small pool |     344    |     401    |     256 K  |     256 K  |
|---------------------------------------------------------------------------|
| Active allocs         |     469    |     908    |     753 K  |     753 K  |
|       from large pool |     125    |     513    |     497 K  |     497 K  |
|       from small pool |     344    |     401    |     256 K  |     256 K  |
|---------------------------------------------------------------------------|
| GPU reserved segments |     230    |     230    |     230    |       0    |
|       from large pool |     224    |     224    |     224    |       0    |
|       from small pool |       6    |       6    |       6    |       0    |
|---------------------------------------------------------------------------|
| Non-releasable allocs |      11    |      47    |  523647    |  523636    |
|       from large pool |       5    |      39    |  304846    |  304841    |
|       from small pool |       6    |      10    |  218801    |  218795    |
|---------------------------------------------------------------------------|
| Oversize allocations  |       0    |       0    |       0    |       0    |
|---------------------------------------------------------------------------|
| Oversize GPU segments |       0    |       0    |       0    |       0    |
|===========================================================================|

| epoch   1 step      200 |    200 batches | lr 0.0005 | ms/batch 783.54 | loss  2.86 | avg loss  2.87 | ppl 17.55
================================================================================
[Memory Breakdown] step 300
Parameter memory      : 1355.04 MB
Gradient memory       : 0.00 MB
Optimizer state memory: 3.00 MB
GaLore projector mem  : 0.00 MB
CUDA allocated        : 2257.87 MB
CUDA reserved         : 18264.00 MB
CUDA peak allocated   : 17272.64 MB
================================================================================
|===========================================================================|
|                  PyTorch CUDA memory summary, device ID 0                 |
|---------------------------------------------------------------------------|
|            CUDA OOMs: 0            |        cudaMalloc retries: 0         |
|===========================================================================|
|        Metric         | Cur Usage  | Peak Usage | Tot Alloc  | Tot Freed  |
|---------------------------------------------------------------------------|
| Allocated memory      |   2257 MiB |  17272 MiB |  28749 GiB |  28746 GiB |
|       from large pool |   2250 MiB |  17264 MiB |  28698 GiB |  28696 GiB |
|       from small pool |      7 MiB |     10 MiB |     50 GiB |     50 GiB |
|---------------------------------------------------------------------------|
| Active memory         |   2257 MiB |  17272 MiB |  28749 GiB |  28746 GiB |
|       from large pool |   2250 MiB |  17264 MiB |  28698 GiB |  28696 GiB |
|       from small pool |      7 MiB |     10 MiB |     50 GiB |     50 GiB |
|---------------------------------------------------------------------------|
| Requested memory      |   2257 MiB |  17269 MiB |  28748 GiB |  28745 GiB |
|       from large pool |   2249 MiB |  17261 MiB |  28697 GiB |  28695 GiB |
|       from small pool |      7 MiB |     10 MiB |     50 GiB |     50 GiB |
|---------------------------------------------------------------------------|
| GPU reserved memory   |  18264 MiB |  18264 MiB |  18264 MiB |      0 B   |
|       from large pool |  18252 MiB |  18252 MiB |  18252 MiB |      0 B   |
|       from small pool |     12 MiB |     12 MiB |     12 MiB |      0 B   |
|---------------------------------------------------------------------------|
| Non-releasable memory | 141443 KiB |   1855 MiB |  16854 GiB |  16854 GiB |
|       from large pool | 140732 KiB |   1853 MiB |  16803 GiB |  16803 GiB |
|       from small pool |    711 KiB |      3 MiB |     50 GiB |     50 GiB |
|---------------------------------------------------------------------------|
| Allocations           |     469    |     908    |    1130 K  |    1129 K  |
|       from large pool |     125    |     513    |     745 K  |     745 K  |
|       from small pool |     344    |     401    |     384 K  |     384 K  |
|---------------------------------------------------------------------------|
| Active allocs         |     469    |     908    |    1130 K  |    1129 K  |
|       from large pool |     125    |     513    |     745 K  |     745 K  |
|       from small pool |     344    |     401    |     384 K  |     384 K  |
|---------------------------------------------------------------------------|
| GPU reserved segments |     230    |     230    |     230    |       0    |
|       from large pool |     224    |     224    |     224    |       0    |
|       from small pool |       6    |       6    |       6    |       0    |
|---------------------------------------------------------------------------|
| Non-releasable allocs |      11    |      47    |     785 K  |     785 K  |
|       from large pool |       5    |      39    |     457 K  |     457 K  |
|       from small pool |       6    |      10    |     328 K  |     328 K  |
|---------------------------------------------------------------------------|
| Oversize allocations  |       0    |       0    |       0    |       0    |
|---------------------------------------------------------------------------|
| Oversize GPU segments |       0    |       0    |       0    |       0    |
|===========================================================================|

| epoch   1 step      300 |    300 batches | lr 0.0005 | ms/batch 788.73 | loss  2.85 | avg loss  2.81 | ppl 16.59
================================================================================
[Memory Breakdown] step 400
Parameter memory      : 1355.04 MB
Gradient memory       : 0.00 MB
Optimizer state memory: 3.00 MB
GaLore projector mem  : 0.00 MB
CUDA allocated        : 2257.87 MB
CUDA reserved         : 18264.00 MB
CUDA peak allocated   : 17272.64 MB
================================================================================
|===========================================================================|
|                  PyTorch CUDA memory summary, device ID 0                 |
|---------------------------------------------------------------------------|
|            CUDA OOMs: 0            |        cudaMalloc retries: 0         |
|===========================================================================|
|        Metric         | Cur Usage  | Peak Usage | Tot Alloc  | Tot Freed  |
|---------------------------------------------------------------------------|
| Allocated memory      |   2257 MiB |  17272 MiB |  38331 GiB |  38328 GiB |
|       from large pool |   2250 MiB |  17264 MiB |  38264 GiB |  38262 GiB |
|       from small pool |      7 MiB |     10 MiB |     66 GiB |     66 GiB |
|---------------------------------------------------------------------------|
| Active memory         |   2257 MiB |  17272 MiB |  38331 GiB |  38328 GiB |
|       from large pool |   2250 MiB |  17264 MiB |  38264 GiB |  38262 GiB |
|       from small pool |      7 MiB |     10 MiB |     66 GiB |     66 GiB |
|---------------------------------------------------------------------------|
| Requested memory      |   2257 MiB |  17269 MiB |  38329 GiB |  38327 GiB |
|       from large pool |   2249 MiB |  17261 MiB |  38262 GiB |  38260 GiB |
|       from small pool |      7 MiB |     10 MiB |     66 GiB |     66 GiB |
|---------------------------------------------------------------------------|
| GPU reserved memory   |  18264 MiB |  18264 MiB |  18264 MiB |      0 B   |
|       from large pool |  18252 MiB |  18252 MiB |  18252 MiB |      0 B   |
|       from small pool |     12 MiB |     12 MiB |     12 MiB |      0 B   |
|---------------------------------------------------------------------------|
| Non-releasable memory | 141443 KiB |   1855 MiB |  22477 GiB |  22477 GiB |
|       from large pool | 140732 KiB |   1853 MiB |  22409 GiB |  22409 GiB |
|       from small pool |    711 KiB |      3 MiB |     67 GiB |     67 GiB |
|---------------------------------------------------------------------------|
| Allocations           |     469    |     908    |    1506 K  |    1506 K  |
|       from large pool |     125    |     513    |     994 K  |     994 K  |
|       from small pool |     344    |     401    |     512 K  |     512 K  |
|---------------------------------------------------------------------------|
| Active allocs         |     469    |     908    |    1506 K  |    1506 K  |
|       from large pool |     125    |     513    |     994 K  |     994 K  |
|       from small pool |     344    |     401    |     512 K  |     512 K  |
|---------------------------------------------------------------------------|
| GPU reserved segments |     230    |     230    |     230    |       0    |
|       from large pool |     224    |     224    |     224    |       0    |
|       from small pool |       6    |       6    |       6    |       0    |
|---------------------------------------------------------------------------|
| Non-releasable allocs |      12    |      47    |    1047 K  |    1047 K  |
|       from large pool |       5    |      39    |     609 K  |     609 K  |
|       from small pool |       7    |      10    |     437 K  |     437 K  |
|---------------------------------------------------------------------------|
| Oversize allocations  |       0    |       0    |       0    |       0    |
|---------------------------------------------------------------------------|
| Oversize GPU segments |       0    |       0    |       0    |       0    |
|===========================================================================|

| epoch   1 step      400 |    400 batches | lr 0.0005 | ms/batch 786.53 | loss  2.91 | avg loss  2.80 | ppl 16.36
================================================================================
[Memory Breakdown] step 500
Parameter memory      : 1355.04 MB
Gradient memory       : 0.00 MB
Optimizer state memory: 3.00 MB
GaLore projector mem  : 0.00 MB
CUDA allocated        : 2257.87 MB
CUDA reserved         : 18264.00 MB
CUDA peak allocated   : 17272.64 MB
================================================================================
|===========================================================================|
|                  PyTorch CUDA memory summary, device ID 0                 |
|---------------------------------------------------------------------------|
|            CUDA OOMs: 0            |        cudaMalloc retries: 0         |
|===========================================================================|
|        Metric         | Cur Usage  | Peak Usage | Tot Alloc  | Tot Freed  |
|---------------------------------------------------------------------------|
| Allocated memory      |   2257 MiB |  17272 MiB |  47913 GiB |  47911 GiB |
|       from large pool |   2250 MiB |  17264 MiB |  47829 GiB |  47827 GiB |
|       from small pool |      7 MiB |     10 MiB |     83 GiB |     83 GiB |
|---------------------------------------------------------------------------|
| Active memory         |   2257 MiB |  17272 MiB |  47913 GiB |  47911 GiB |
|       from large pool |   2250 MiB |  17264 MiB |  47829 GiB |  47827 GiB |
|       from small pool |      7 MiB |     10 MiB |     83 GiB |     83 GiB |
|---------------------------------------------------------------------------|
| Requested memory      |   2257 MiB |  17269 MiB |  47911 GiB |  47909 GiB |
|       from large pool |   2249 MiB |  17261 MiB |  47827 GiB |  47825 GiB |
|       from small pool |      7 MiB |     10 MiB |     83 GiB |     83 GiB |
|---------------------------------------------------------------------------|
| GPU reserved memory   |  18264 MiB |  18264 MiB |  18264 MiB |      0 B   |
|       from large pool |  18252 MiB |  18252 MiB |  18252 MiB |      0 B   |
|       from small pool |     12 MiB |     12 MiB |     12 MiB |      0 B   |
|---------------------------------------------------------------------------|
| Non-releasable memory | 141443 KiB |   1855 MiB |  28100 GiB |  28100 GiB |
|       from large pool | 140732 KiB |   1853 MiB |  28016 GiB |  28016 GiB |
|       from small pool |    711 KiB |      3 MiB |     84 GiB |     84 GiB |
|---------------------------------------------------------------------------|
| Allocations           |     469    |     908    |    1883 K  |    1882 K  |
|       from large pool |     125    |     513    |    1242 K  |    1242 K  |
|       from small pool |     344    |     401    |     640 K  |     640 K  |
|---------------------------------------------------------------------------|
| Active allocs         |     469    |     908    |    1883 K  |    1882 K  |
|       from large pool |     125    |     513    |    1242 K  |    1242 K  |
|       from small pool |     344    |     401    |     640 K  |     640 K  |
|---------------------------------------------------------------------------|
| GPU reserved segments |     230    |     230    |     230    |       0    |
|       from large pool |     224    |     224    |     224    |       0    |
|       from small pool |       6    |       6    |       6    |       0    |
|---------------------------------------------------------------------------|
| Non-releasable allocs |      11    |      47    |    1309 K  |    1309 K  |
|       from large pool |       5    |      39    |     762 K  |     762 K  |
|       from small pool |       6    |      10    |     547 K  |     547 K  |
|---------------------------------------------------------------------------|
| Oversize allocations  |       0    |       0    |       0    |       0    |
|---------------------------------------------------------------------------|
| Oversize GPU segments |       0    |       0    |       0    |       0    |
|===========================================================================|

| epoch   1 step      500 |    500 batches | lr 0.0005 | ms/batch 784.38 | loss  2.64 | avg loss  2.75 | ppl 15.64
================================================================================
[Memory Breakdown] step 600
Parameter memory      : 1355.04 MB
Gradient memory       : 0.00 MB
Optimizer state memory: 3.00 MB
GaLore projector mem  : 0.00 MB
CUDA allocated        : 2257.87 MB
CUDA reserved         : 18264.00 MB
CUDA peak allocated   : 17272.64 MB
================================================================================
|===========================================================================|
|                  PyTorch CUDA memory summary, device ID 0                 |
|---------------------------------------------------------------------------|
|            CUDA OOMs: 0            |        cudaMalloc retries: 0         |
|===========================================================================|
|        Metric         | Cur Usage  | Peak Usage | Tot Alloc  | Tot Freed  |
|---------------------------------------------------------------------------|
| Allocated memory      |   2257 MiB |  17272 MiB |  57495 GiB |  57493 GiB |
|       from large pool |   2250 MiB |  17264 MiB |  57394 GiB |  57392 GiB |
|       from small pool |      7 MiB |     10 MiB |    100 GiB |    100 GiB |
|---------------------------------------------------------------------------|
| Active memory         |   2257 MiB |  17272 MiB |  57495 GiB |  57493 GiB |
|       from large pool |   2250 MiB |  17264 MiB |  57394 GiB |  57392 GiB |
|       from small pool |      7 MiB |     10 MiB |    100 GiB |    100 GiB |
|---------------------------------------------------------------------------|
| Requested memory      |   2257 MiB |  17269 MiB |  57493 GiB |  57490 GiB |
|       from large pool |   2249 MiB |  17261 MiB |  57392 GiB |  57390 GiB |
|       from small pool |      7 MiB |     10 MiB |    100 GiB |    100 GiB |
|---------------------------------------------------------------------------|
| GPU reserved memory   |  18264 MiB |  18264 MiB |  18264 MiB |      0 B   |
|       from large pool |  18252 MiB |  18252 MiB |  18252 MiB |      0 B   |
|       from small pool |     12 MiB |     12 MiB |     12 MiB |      0 B   |
|---------------------------------------------------------------------------|
| Non-releasable memory | 141443 KiB |   1855 MiB |  33724 GiB |  33723 GiB |
|       from large pool | 140732 KiB |   1853 MiB |  33622 GiB |  33622 GiB |
|       from small pool |    711 KiB |      3 MiB |    101 GiB |    101 GiB |
|---------------------------------------------------------------------------|
| Allocations           |     469    |     908    |    2259 K  |    2259 K  |
|       from large pool |     125    |     513    |    1491 K  |    1491 K  |
|       from small pool |     344    |     401    |     768 K  |     768 K  |
|---------------------------------------------------------------------------|
| Active allocs         |     469    |     908    |    2259 K  |    2259 K  |
|       from large pool |     125    |     513    |    1491 K  |    1491 K  |
|       from small pool |     344    |     401    |     768 K  |     768 K  |
|---------------------------------------------------------------------------|
| GPU reserved segments |     230    |     230    |     230    |       0    |
|       from large pool |     224    |     224    |     224    |       0    |
|       from small pool |       6    |       6    |       6    |       0    |
|---------------------------------------------------------------------------|
| Non-releasable allocs |      11    |      47    |    1571 K  |    1571 K  |
|       from large pool |       5    |      39    |     914 K  |     914 K  |
|       from small pool |       6    |      10    |     656 K  |     656 K  |
|---------------------------------------------------------------------------|
| Oversize allocations  |       0    |       0    |       0    |       0    |
|---------------------------------------------------------------------------|
| Oversize GPU segments |       0    |       0    |       0    |       0    |
|===========================================================================|

| epoch   1 step      600 |    600 batches | lr 0.0005 | ms/batch 789.77 | loss  2.62 | avg loss  2.72 | ppl 15.12
================================================================================
[Memory Breakdown] step 700
Parameter memory      : 1355.04 MB
Gradient memory       : 0.00 MB
Optimizer state memory: 3.00 MB
GaLore projector mem  : 0.00 MB
CUDA allocated        : 2257.87 MB
CUDA reserved         : 18264.00 MB
CUDA peak allocated   : 17272.64 MB
================================================================================
|===========================================================================|
|                  PyTorch CUDA memory summary, device ID 0                 |
|---------------------------------------------------------------------------|
|            CUDA OOMs: 0            |        cudaMalloc retries: 0         |
|===========================================================================|
|        Metric         | Cur Usage  | Peak Usage | Tot Alloc  | Tot Freed  |
|---------------------------------------------------------------------------|
| Allocated memory      |   2257 MiB |  17272 MiB |  67077 GiB |  67075 GiB |
|       from large pool |   2250 MiB |  17264 MiB |  66960 GiB |  66957 GiB |
|       from small pool |      7 MiB |     10 MiB |    117 GiB |    117 GiB |
|---------------------------------------------------------------------------|
| Active memory         |   2257 MiB |  17272 MiB |  67077 GiB |  67075 GiB |
|       from large pool |   2250 MiB |  17264 MiB |  66960 GiB |  66957 GiB |
|       from small pool |      7 MiB |     10 MiB |    117 GiB |    117 GiB |
|---------------------------------------------------------------------------|
| Requested memory      |   2257 MiB |  17269 MiB |  67074 GiB |  67072 GiB |
|       from large pool |   2249 MiB |  17261 MiB |  66957 GiB |  66955 GiB |
|       from small pool |      7 MiB |     10 MiB |    117 GiB |    117 GiB |
|---------------------------------------------------------------------------|
| GPU reserved memory   |  18264 MiB |  18264 MiB |  18264 MiB |      0 B   |
|       from large pool |  18252 MiB |  18252 MiB |  18252 MiB |      0 B   |
|       from small pool |     12 MiB |     12 MiB |     12 MiB |      0 B   |
|---------------------------------------------------------------------------|
| Non-releasable memory | 141443 KiB |   1855 MiB |  39347 GiB |  39347 GiB |
|       from large pool | 140732 KiB |   1853 MiB |  39228 GiB |  39228 GiB |
|       from small pool |    711 KiB |      3 MiB |    118 GiB |    118 GiB |
|---------------------------------------------------------------------------|
| Allocations           |     469    |     908    |    2636 K  |    2635 K  |
|       from large pool |     125    |     513    |    1739 K  |    1739 K  |
|       from small pool |     344    |     401    |     896 K  |     896 K  |
|---------------------------------------------------------------------------|
| Active allocs         |     469    |     908    |    2636 K  |    2635 K  |
|       from large pool |     125    |     513    |    1739 K  |    1739 K  |
|       from small pool |     344    |     401    |     896 K  |     896 K  |
|---------------------------------------------------------------------------|
| GPU reserved segments |     230    |     230    |     230    |       0    |
|       from large pool |     224    |     224    |     224    |       0    |
|       from small pool |       6    |       6    |       6    |       0    |
|---------------------------------------------------------------------------|
| Non-releasable allocs |      12    |      47    |    1833 K  |    1833 K  |
|       from large pool |       5    |      39    |    1067 K  |    1067 K  |
|       from small pool |       7    |      10    |     766 K  |     766 K  |
|---------------------------------------------------------------------------|
| Oversize allocations  |       0    |       0    |       0    |       0    |
|---------------------------------------------------------------------------|
| Oversize GPU segments |       0    |       0    |       0    |       0    |
|===========================================================================|

| epoch   1 step      700 |    700 batches | lr 0.0005 | ms/batch 791.32 | loss  2.84 | avg loss  2.70 | ppl 14.82
================================================================================
[Memory Breakdown] step 800
Parameter memory      : 1355.04 MB
Gradient memory       : 0.00 MB
Optimizer state memory: 3.00 MB
GaLore projector mem  : 0.00 MB
CUDA allocated        : 2257.87 MB
CUDA reserved         : 18264.00 MB
CUDA peak allocated   : 17272.64 MB
================================================================================
|===========================================================================|
|                  PyTorch CUDA memory summary, device ID 0                 |
|---------------------------------------------------------------------------|
|            CUDA OOMs: 0            |        cudaMalloc retries: 0         |
|===========================================================================|
|        Metric         | Cur Usage  | Peak Usage | Tot Alloc  | Tot Freed  |
|---------------------------------------------------------------------------|
| Allocated memory      |   2257 MiB |  17272 MiB |  76659 GiB |  76657 GiB |
|       from large pool |   2250 MiB |  17264 MiB |  76525 GiB |  76523 GiB |
|       from small pool |      7 MiB |     10 MiB |    133 GiB |    133 GiB |
|---------------------------------------------------------------------------|
| Active memory         |   2257 MiB |  17272 MiB |  76659 GiB |  76657 GiB |
|       from large pool |   2250 MiB |  17264 MiB |  76525 GiB |  76523 GiB |
|       from small pool |      7 MiB |     10 MiB |    133 GiB |    133 GiB |
|---------------------------------------------------------------------------|
| Requested memory      |   2257 MiB |  17269 MiB |  76656 GiB |  76654 GiB |
|       from large pool |   2249 MiB |  17261 MiB |  76522 GiB |  76520 GiB |
|       from small pool |      7 MiB |     10 MiB |    133 GiB |    133 GiB |
|---------------------------------------------------------------------------|
| GPU reserved memory   |  18264 MiB |  18264 MiB |  18264 MiB |      0 B   |
|       from large pool |  18252 MiB |  18252 MiB |  18252 MiB |      0 B   |
|       from small pool |     12 MiB |     12 MiB |     12 MiB |      0 B   |
|---------------------------------------------------------------------------|
| Non-releasable memory | 141443 KiB |   1855 MiB |  44970 GiB |  44970 GiB |
|       from large pool | 140732 KiB |   1853 MiB |  44835 GiB |  44834 GiB |
|       from small pool |    711 KiB |      3 MiB |    135 GiB |    135 GiB |
|---------------------------------------------------------------------------|
| Allocations           |     469    |     908    |    3012 K  |    3012 K  |
|       from large pool |     125    |     513    |    1988 K  |    1988 K  |
|       from small pool |     344    |     401    |    1024 K  |    1024 K  |
|---------------------------------------------------------------------------|
| Active allocs         |     469    |     908    |    3012 K  |    3012 K  |
|       from large pool |     125    |     513    |    1988 K  |    1988 K  |
|       from small pool |     344    |     401    |    1024 K  |    1024 K  |
|---------------------------------------------------------------------------|
| GPU reserved segments |     230    |     230    |     230    |       0    |
|       from large pool |     224    |     224    |     224    |       0    |
|       from small pool |       6    |       6    |       6    |       0    |
|---------------------------------------------------------------------------|
| Non-releasable allocs |      11    |      47    |    2095 K  |    2095 K  |
|       from large pool |       5    |      39    |    1219 K  |    1219 K  |
|       from small pool |       6    |      10    |     876 K  |     875 K  |
|---------------------------------------------------------------------------|
| Oversize allocations  |       0    |       0    |       0    |       0    |
|---------------------------------------------------------------------------|
| Oversize GPU segments |       0    |       0    |       0    |       0    |
|===========================================================================|

| epoch   1 step      800 |    800 batches | lr 0.0005 | ms/batch 791.18 | loss  2.41 | avg loss  2.68 | ppl 14.57
================================================================================
[Memory Breakdown] step 900
Parameter memory      : 1355.04 MB
Gradient memory       : 0.00 MB
Optimizer state memory: 3.00 MB
GaLore projector mem  : 0.00 MB
CUDA allocated        : 2257.87 MB
CUDA reserved         : 18264.00 MB
CUDA peak allocated   : 17272.64 MB
================================================================================
|===========================================================================|
|                  PyTorch CUDA memory summary, device ID 0                 |
|---------------------------------------------------------------------------|
|            CUDA OOMs: 0            |        cudaMalloc retries: 0         |
|===========================================================================|
|        Metric         | Cur Usage  | Peak Usage | Tot Alloc  | Tot Freed  |
|---------------------------------------------------------------------------|
| Allocated memory      |   2257 MiB |  17272 MiB |  86241 GiB |  86239 GiB |
|       from large pool |   2250 MiB |  17264 MiB |  86090 GiB |  86088 GiB |
|       from small pool |      7 MiB |     10 MiB |    150 GiB |    150 GiB |
|---------------------------------------------------------------------------|
| Active memory         |   2257 MiB |  17272 MiB |  86241 GiB |  86239 GiB |
|       from large pool |   2250 MiB |  17264 MiB |  86090 GiB |  86088 GiB |
|       from small pool |      7 MiB |     10 MiB |    150 GiB |    150 GiB |
|---------------------------------------------------------------------------|
| Requested memory      |   2257 MiB |  17269 MiB |  86238 GiB |  86235 GiB |
|       from large pool |   2249 MiB |  17261 MiB |  86087 GiB |  86085 GiB |
|       from small pool |      7 MiB |     10 MiB |    150 GiB |    150 GiB |
|---------------------------------------------------------------------------|
| GPU reserved memory   |  18264 MiB |  18264 MiB |  18264 MiB |      0 B   |
|       from large pool |  18252 MiB |  18252 MiB |  18252 MiB |      0 B   |
|       from small pool |     12 MiB |     12 MiB |     12 MiB |      0 B   |
|---------------------------------------------------------------------------|
| Non-releasable memory | 141443 KiB |   1855 MiB |  50593 GiB |  50593 GiB |
|       from large pool | 140732 KiB |   1853 MiB |  50441 GiB |  50441 GiB |
|       from small pool |    711 KiB |      3 MiB |    152 GiB |    152 GiB |
|---------------------------------------------------------------------------|
| Allocations           |     469    |     908    |    3389 K  |    3388 K  |
|       from large pool |     125    |     513    |    2236 K  |    2236 K  |
|       from small pool |     344    |     401    |    1152 K  |    1152 K  |
|---------------------------------------------------------------------------|
| Active allocs         |     469    |     908    |    3389 K  |    3388 K  |
|       from large pool |     125    |     513    |    2236 K  |    2236 K  |
|       from small pool |     344    |     401    |    1152 K  |    1152 K  |
|---------------------------------------------------------------------------|
| GPU reserved segments |     230    |     230    |     230    |       0    |
|       from large pool |     224    |     224    |     224    |       0    |
|       from small pool |       6    |       6    |       6    |       0    |
|---------------------------------------------------------------------------|
| Non-releasable allocs |      11    |      47    |    2357 K  |    2357 K  |
|       from large pool |       5    |      39    |    1372 K  |    1372 K  |
|       from small pool |       6    |      10    |     985 K  |     985 K  |
|---------------------------------------------------------------------------|
| Oversize allocations  |       0    |       0    |       0    |       0    |
|---------------------------------------------------------------------------|
| Oversize GPU segments |       0    |       0    |       0    |       0    |
|===========================================================================|

| epoch   1 step      900 |    900 batches | lr 0.0005 | ms/batch 790.85 | loss  2.43 | avg loss  2.68 | ppl 14.53
================================================================================
[Memory Breakdown] step 1000
Parameter memory      : 1355.04 MB
Gradient memory       : 0.00 MB
Optimizer state memory: 3.00 MB
GaLore projector mem  : 0.00 MB
CUDA allocated        : 2257.87 MB
CUDA reserved         : 18264.00 MB
CUDA peak allocated   : 17272.64 MB
================================================================================
|===========================================================================|
|                  PyTorch CUDA memory summary, device ID 0                 |
|---------------------------------------------------------------------------|
|            CUDA OOMs: 0            |        cudaMalloc retries: 0         |
|===========================================================================|
|        Metric         | Cur Usage  | Peak Usage | Tot Alloc  | Tot Freed  |
|---------------------------------------------------------------------------|
| Allocated memory      |   2257 MiB |  17272 MiB |  95823 GiB |  95821 GiB |
|       from large pool |   2250 MiB |  17264 MiB |  95656 GiB |  95653 GiB |
|       from small pool |      7 MiB |     10 MiB |    167 GiB |    167 GiB |
|---------------------------------------------------------------------------|
| Active memory         |   2257 MiB |  17272 MiB |  95823 GiB |  95821 GiB |
|       from large pool |   2250 MiB |  17264 MiB |  95656 GiB |  95653 GiB |
|       from small pool |      7 MiB |     10 MiB |    167 GiB |    167 GiB |
|---------------------------------------------------------------------------|
| Requested memory      |   2257 MiB |  17269 MiB |  95819 GiB |  95817 GiB |
|       from large pool |   2249 MiB |  17261 MiB |  95652 GiB |  95650 GiB |
|       from small pool |      7 MiB |     10 MiB |    167 GiB |    167 GiB |
|---------------------------------------------------------------------------|
| GPU reserved memory   |  18264 MiB |  18264 MiB |  18264 MiB |      0 B   |
|       from large pool |  18252 MiB |  18252 MiB |  18252 MiB |      0 B   |
|       from small pool |     12 MiB |     12 MiB |     12 MiB |      0 B   |
|---------------------------------------------------------------------------|
| Non-releasable memory | 141443 KiB |   1855 MiB |  56216 GiB |  56216 GiB |
|       from large pool | 140732 KiB |   1853 MiB |  56047 GiB |  56047 GiB |
|       from small pool |    711 KiB |      3 MiB |    169 GiB |    169 GiB |
|---------------------------------------------------------------------------|
| Allocations           |     469    |     908    |    3765 K  |    3765 K  |
|       from large pool |     125    |     513    |    2485 K  |    2485 K  |
|       from small pool |     344    |     401    |    1280 K  |    1280 K  |
|---------------------------------------------------------------------------|
| Active allocs         |     469    |     908    |    3765 K  |    3765 K  |
|       from large pool |     125    |     513    |    2485 K  |    2485 K  |
|       from small pool |     344    |     401    |    1280 K  |    1280 K  |
|---------------------------------------------------------------------------|
| GPU reserved segments |     230    |     230    |     230    |       0    |
|       from large pool |     224    |     224    |     224    |       0    |
|       from small pool |       6    |       6    |       6    |       0    |
|---------------------------------------------------------------------------|
| Non-releasable allocs |      12    |      47    |    2619 K  |    2619 K  |
|       from large pool |       5    |      39    |    1524 K  |    1524 K  |
|       from small pool |       7    |      10    |    1095 K  |    1095 K  |
|---------------------------------------------------------------------------|
| Oversize allocations  |       0    |       0    |       0    |       0    |
|---------------------------------------------------------------------------|
| Oversize GPU segments |       0    |       0    |       0    |       0    |
|===========================================================================|

| epoch   1 step     1000 |   1000 batches | lr 0.0005 | ms/batch 790.56 | loss  3.19 | avg loss  2.70 | ppl 14.85
saving checkpoint ./trained_models/GPT2_M/e2e/model.1000.pt
/home/ycyh/miniconda3/envs/LoRA/lib/python3.11/site-packages/torch/distributed/distributed_c10d.py:4631: UserWarning: No device id is provided via `init_process_group` or `barrier `. Using the current device set by the user. 
  warnings.warn(  # warn only once
================================================================================
[Memory Breakdown] step 1100
Parameter memory      : 1355.04 MB
Gradient memory       : 0.00 MB
Optimizer state memory: 3.00 MB
GaLore projector mem  : 0.00 MB
CUDA allocated        : 2257.87 MB
CUDA reserved         : 18264.00 MB
CUDA peak allocated   : 17272.64 MB
================================================================================
|===========================================================================|
|                  PyTorch CUDA memory summary, device ID 0                 |
|---------------------------------------------------------------------------|
|            CUDA OOMs: 0            |        cudaMalloc retries: 0         |
|===========================================================================|
|        Metric         | Cur Usage  | Peak Usage | Tot Alloc  | Tot Freed  |
|---------------------------------------------------------------------------|
| Allocated memory      |   2257 MiB |  17272 MiB | 105405 GiB | 105403 GiB |
|       from large pool |   2250 MiB |  17264 MiB | 105221 GiB | 105219 GiB |
|       from small pool |      7 MiB |     10 MiB |    184 GiB |    184 GiB |
|---------------------------------------------------------------------------|
| Active memory         |   2257 MiB |  17272 MiB | 105405 GiB | 105403 GiB |
|       from large pool |   2250 MiB |  17264 MiB | 105221 GiB | 105219 GiB |
|       from small pool |      7 MiB |     10 MiB |    184 GiB |    184 GiB |
|---------------------------------------------------------------------------|
| Requested memory      |   2257 MiB |  17269 MiB | 105401 GiB | 105399 GiB |
|       from large pool |   2249 MiB |  17261 MiB | 105217 GiB | 105215 GiB |
|       from small pool |      7 MiB |     10 MiB |    184 GiB |    184 GiB |
|---------------------------------------------------------------------------|
| GPU reserved memory   |  18264 MiB |  18264 MiB |  18264 MiB |      0 B   |
|       from large pool |  18252 MiB |  18252 MiB |  18252 MiB |      0 B   |
|       from small pool |     12 MiB |     12 MiB |     12 MiB |      0 B   |
|---------------------------------------------------------------------------|
| Non-releasable memory | 141443 KiB |   1855 MiB |  61840 GiB |  61840 GiB |
|       from large pool | 140732 KiB |   1853 MiB |  61653 GiB |  61653 GiB |
|       from small pool |    711 KiB |      3 MiB |    186 GiB |    186 GiB |
|---------------------------------------------------------------------------|
| Allocations           |     470    |     909    |    4142 K  |    4141 K  |
|       from large pool |     125    |     513    |    2733 K  |    2733 K  |
|       from small pool |     345    |     402    |    1408 K  |    1408 K  |
|---------------------------------------------------------------------------|
| Active allocs         |     470    |     909    |    4142 K  |    4141 K  |
|       from large pool |     125    |     513    |    2733 K  |    2733 K  |
|       from small pool |     345    |     402    |    1408 K  |    1408 K  |
|---------------------------------------------------------------------------|
| GPU reserved segments |     230    |     230    |     230    |       0    |
|       from large pool |     224    |     224    |     224    |       0    |
|       from small pool |       6    |       6    |       6    |       0    |
|---------------------------------------------------------------------------|
| Non-releasable allocs |      12    |      47    |    2882 K  |    2882 K  |
|       from large pool |       5    |      39    |    1677 K  |    1677 K  |
|       from small pool |       7    |      10    |    1205 K  |    1204 K  |
|---------------------------------------------------------------------------|
| Oversize allocations  |       0    |       0    |       0    |       0    |
|---------------------------------------------------------------------------|
| Oversize GPU segments |       0    |       0    |       0    |       0    |
|===========================================================================|

| epoch   1 step     1100 |   1100 batches | lr 0.0005 | ms/batch 794.18 | loss  2.71 | avg loss  2.71 | ppl 14.98
================================================================================
[Memory Breakdown] step 1200
Parameter memory      : 1355.04 MB
Gradient memory       : 0.00 MB
Optimizer state memory: 3.00 MB
GaLore projector mem  : 0.00 MB
CUDA allocated        : 2257.87 MB
CUDA reserved         : 18264.00 MB
CUDA peak allocated   : 17272.64 MB
================================================================================
|===========================================================================|
|                  PyTorch CUDA memory summary, device ID 0                 |
|---------------------------------------------------------------------------|
|            CUDA OOMs: 0            |        cudaMalloc retries: 0         |
|===========================================================================|
|        Metric         | Cur Usage  | Peak Usage | Tot Alloc  | Tot Freed  |
|---------------------------------------------------------------------------|
| Allocated memory      |   2257 MiB |  17272 MiB | 114987 GiB | 114985 GiB |
|       from large pool |   2250 MiB |  17264 MiB | 114786 GiB | 114784 GiB |
|       from small pool |      7 MiB |     10 MiB |    200 GiB |    200 GiB |
|---------------------------------------------------------------------------|
| Active memory         |   2257 MiB |  17272 MiB | 114987 GiB | 114985 GiB |
|       from large pool |   2250 MiB |  17264 MiB | 114786 GiB | 114784 GiB |
|       from small pool |      7 MiB |     10 MiB |    200 GiB |    200 GiB |
|---------------------------------------------------------------------------|
| Requested memory      |   2257 MiB |  17269 MiB | 114983 GiB | 114980 GiB |
|       from large pool |   2249 MiB |  17261 MiB | 114782 GiB | 114780 GiB |
|       from small pool |      7 MiB |     10 MiB |    200 GiB |    200 GiB |
|---------------------------------------------------------------------------|
| GPU reserved memory   |  18264 MiB |  18264 MiB |  18264 MiB |      0 B   |
|       from large pool |  18252 MiB |  18252 MiB |  18252 MiB |      0 B   |
|       from small pool |     12 MiB |     12 MiB |     12 MiB |      0 B   |
|---------------------------------------------------------------------------|
| Non-releasable memory | 141443 KiB |   1855 MiB |  67463 GiB |  67463 GiB |
|       from large pool | 140732 KiB |   1853 MiB |  67260 GiB |  67260 GiB |
|       from small pool |    711 KiB |      3 MiB |    203 GiB |    203 GiB |
|---------------------------------------------------------------------------|
| Allocations           |     470    |     909    |    4518 K  |    4518 K  |
|       from large pool |     125    |     513    |    2982 K  |    2982 K  |
|       from small pool |     345    |     402    |    1536 K  |    1536 K  |
|---------------------------------------------------------------------------|
| Active allocs         |     470    |     909    |    4518 K  |    4518 K  |
|       from large pool |     125    |     513    |    2982 K  |    2982 K  |
|       from small pool |     345    |     402    |    1536 K  |    1536 K  |
|---------------------------------------------------------------------------|
| GPU reserved segments |     230    |     230    |     230    |       0    |
|       from large pool |     224    |     224    |     224    |       0    |
|       from small pool |       6    |       6    |       6    |       0    |
|---------------------------------------------------------------------------|
| Non-releasable allocs |      11    |      47    |    3144 K  |    3144 K  |
|       from large pool |       5    |      39    |    1829 K  |    1829 K  |
|       from small pool |       6    |      10    |    1314 K  |    1314 K  |
|---------------------------------------------------------------------------|
| Oversize allocations  |       0    |       0    |       0    |       0    |
|---------------------------------------------------------------------------|
| Oversize GPU segments |       0    |       0    |       0    |       0    |
|===========================================================================|

| epoch   1 step     1200 |   1200 batches | lr 0.0005 | ms/batch 792.83 | loss  2.54 | avg loss  2.71 | ppl 14.97
================================================================================
[Memory Breakdown] step 1300
Parameter memory      : 1355.04 MB
Gradient memory       : 0.00 MB
Optimizer state memory: 3.00 MB
GaLore projector mem  : 0.00 MB
CUDA allocated        : 2257.87 MB
CUDA reserved         : 18264.00 MB
CUDA peak allocated   : 17272.64 MB
================================================================================
|===========================================================================|
|                  PyTorch CUDA memory summary, device ID 0                 |
|---------------------------------------------------------------------------|
|            CUDA OOMs: 0            |        cudaMalloc retries: 0         |
|===========================================================================|
|        Metric         | Cur Usage  | Peak Usage | Tot Alloc  | Tot Freed  |
|---------------------------------------------------------------------------|
| Allocated memory      |   2257 MiB |  17272 MiB | 124569 GiB | 124567 GiB |
|       from large pool |   2250 MiB |  17264 MiB | 124351 GiB | 124349 GiB |
|       from small pool |      7 MiB |     10 MiB |    217 GiB |    217 GiB |
|---------------------------------------------------------------------------|
| Active memory         |   2257 MiB |  17272 MiB | 124569 GiB | 124567 GiB |
|       from large pool |   2250 MiB |  17264 MiB | 124351 GiB | 124349 GiB |
|       from small pool |      7 MiB |     10 MiB |    217 GiB |    217 GiB |
|---------------------------------------------------------------------------|
| Requested memory      |   2257 MiB |  17269 MiB | 124564 GiB | 124562 GiB |
|       from large pool |   2249 MiB |  17261 MiB | 124347 GiB | 124345 GiB |
|       from small pool |      7 MiB |     10 MiB |    217 GiB |    217 GiB |
|---------------------------------------------------------------------------|
| GPU reserved memory   |  18264 MiB |  18264 MiB |  18264 MiB |      0 B   |
|       from large pool |  18252 MiB |  18252 MiB |  18252 MiB |      0 B   |
|       from small pool |     12 MiB |     12 MiB |     12 MiB |      0 B   |
|---------------------------------------------------------------------------|
| Non-releasable memory | 141443 KiB |   1855 MiB |  73086 GiB |  73086 GiB |
|       from large pool | 140732 KiB |   1853 MiB |  72866 GiB |  72866 GiB |
|       from small pool |    711 KiB |      3 MiB |    220 GiB |    220 GiB |
|---------------------------------------------------------------------------|
| Allocations           |     470    |     909    |    4895 K  |    4894 K  |
|       from large pool |     125    |     513    |    3230 K  |    3230 K  |
|       from small pool |     345    |     402    |    1664 K  |    1664 K  |
|---------------------------------------------------------------------------|
| Active allocs         |     470    |     909    |    4895 K  |    4894 K  |
|       from large pool |     125    |     513    |    3230 K  |    3230 K  |
|       from small pool |     345    |     402    |    1664 K  |    1664 K  |
|---------------------------------------------------------------------------|
| GPU reserved segments |     230    |     230    |     230    |       0    |
|       from large pool |     224    |     224    |     224    |       0    |
|       from small pool |       6    |       6    |       6    |       0    |
|---------------------------------------------------------------------------|
| Non-releasable allocs |      12    |      47    |    3407 K  |    3407 K  |
|       from large pool |       5    |      39    |    1982 K  |    1982 K  |
|       from small pool |       7    |      10    |    1424 K  |    1424 K  |
|---------------------------------------------------------------------------|
| Oversize allocations  |       0    |       0    |       0    |       0    |
|---------------------------------------------------------------------------|
| Oversize GPU segments |       0    |       0    |       0    |       0    |
|===========================================================================|

| epoch   1 step     1300 |   1300 batches | lr 0.0005 | ms/batch 792.86 | loss  2.59 | avg loss  2.68 | ppl 14.52
================================================================================
[Memory Breakdown] step 1400
Parameter memory      : 1355.04 MB
Gradient memory       : 0.00 MB
Optimizer state memory: 3.00 MB
GaLore projector mem  : 0.00 MB
CUDA allocated        : 2257.87 MB
CUDA reserved         : 18264.00 MB
CUDA peak allocated   : 17272.64 MB
================================================================================
|===========================================================================|
|                  PyTorch CUDA memory summary, device ID 0                 |
|---------------------------------------------------------------------------|
|            CUDA OOMs: 0            |        cudaMalloc retries: 0         |
|===========================================================================|
|        Metric         | Cur Usage  | Peak Usage | Tot Alloc  | Tot Freed  |
|---------------------------------------------------------------------------|
| Allocated memory      |   2257 MiB |  17272 MiB | 134151 GiB | 134149 GiB |
|       from large pool |   2250 MiB |  17264 MiB | 133917 GiB | 133914 GiB |
|       from small pool |      7 MiB |     10 MiB |    234 GiB |    234 GiB |
|---------------------------------------------------------------------------|
| Active memory         |   2257 MiB |  17272 MiB | 134151 GiB | 134149 GiB |
|       from large pool |   2250 MiB |  17264 MiB | 133917 GiB | 133914 GiB |
|       from small pool |      7 MiB |     10 MiB |    234 GiB |    234 GiB |
|---------------------------------------------------------------------------|
| Requested memory      |   2257 MiB |  17269 MiB | 134146 GiB | 134144 GiB |
|       from large pool |   2249 MiB |  17261 MiB | 133912 GiB | 133909 GiB |
|       from small pool |      7 MiB |     10 MiB |    234 GiB |    234 GiB |
|---------------------------------------------------------------------------|
| GPU reserved memory   |  18264 MiB |  18264 MiB |  18264 MiB |      0 B   |
|       from large pool |  18252 MiB |  18252 MiB |  18252 MiB |      0 B   |
|       from small pool |     12 MiB |     12 MiB |     12 MiB |      0 B   |
|---------------------------------------------------------------------------|
| Non-releasable memory | 141443 KiB |   1855 MiB |  78709 GiB |  78709 GiB |
|       from large pool | 140732 KiB |   1853 MiB |  78472 GiB |  78472 GiB |
|       from small pool |    711 KiB |      3 MiB |    236 GiB |    236 GiB |
|---------------------------------------------------------------------------|
| Allocations           |     470    |     909    |    5271 K  |    5271 K  |
|       from large pool |     125    |     513    |    3479 K  |    3479 K  |
|       from small pool |     345    |     402    |    1792 K  |    1792 K  |
|---------------------------------------------------------------------------|
| Active allocs         |     470    |     909    |    5271 K  |    5271 K  |
|       from large pool |     125    |     513    |    3479 K  |    3479 K  |
|       from small pool |     345    |     402    |    1792 K  |    1792 K  |
|---------------------------------------------------------------------------|
| GPU reserved segments |     230    |     230    |     230    |       0    |
|       from large pool |     224    |     224    |     224    |       0    |
|       from small pool |       6    |       6    |       6    |       0    |
|---------------------------------------------------------------------------|
| Non-releasable allocs |      12    |      47    |    3669 K  |    3669 K  |
|       from large pool |       5    |      39    |    2134 K  |    2134 K  |
|       from small pool |       7    |      10    |    1534 K  |    1534 K  |
|---------------------------------------------------------------------------|
| Oversize allocations  |       0    |       0    |       0    |       0    |
|---------------------------------------------------------------------------|
| Oversize GPU segments |       0    |       0    |       0    |       0    |
|===========================================================================|

| epoch   1 step     1400 |   1400 batches | lr 0.0005 | ms/batch 793.20 | loss  2.65 | avg loss  2.67 | ppl 14.42
================================================================================
[Memory Breakdown] step 1500
Parameter memory      : 1355.04 MB
Gradient memory       : 0.00 MB
Optimizer state memory: 3.00 MB
GaLore projector mem  : 0.00 MB
CUDA allocated        : 2257.87 MB
CUDA reserved         : 18264.00 MB
CUDA peak allocated   : 17272.64 MB
================================================================================
|===========================================================================|
|                  PyTorch CUDA memory summary, device ID 0                 |
|---------------------------------------------------------------------------|
|            CUDA OOMs: 0            |        cudaMalloc retries: 0         |
|===========================================================================|
|        Metric         | Cur Usage  | Peak Usage | Tot Alloc  | Tot Freed  |
|---------------------------------------------------------------------------|
| Allocated memory      |   2257 MiB |  17272 MiB | 143733 GiB | 143731 GiB |
|       from large pool |   2250 MiB |  17264 MiB | 143482 GiB | 143480 GiB |
|       from small pool |      7 MiB |     10 MiB |    251 GiB |    251 GiB |
|---------------------------------------------------------------------------|
| Active memory         |   2257 MiB |  17272 MiB | 143733 GiB | 143731 GiB |
|       from large pool |   2250 MiB |  17264 MiB | 143482 GiB | 143480 GiB |
|       from small pool |      7 MiB |     10 MiB |    251 GiB |    251 GiB |
|---------------------------------------------------------------------------|
| Requested memory      |   2257 MiB |  17269 MiB | 143728 GiB | 143725 GiB |
|       from large pool |   2249 MiB |  17261 MiB | 143477 GiB | 143474 GiB |
|       from small pool |      7 MiB |     10 MiB |    251 GiB |    251 GiB |
|---------------------------------------------------------------------------|
| GPU reserved memory   |  18264 MiB |  18264 MiB |  18264 MiB |      0 B   |
|       from large pool |  18252 MiB |  18252 MiB |  18252 MiB |      0 B   |
|       from small pool |     12 MiB |     12 MiB |     12 MiB |      0 B   |
|---------------------------------------------------------------------------|
| Non-releasable memory | 141443 KiB |   1855 MiB |  84333 GiB |  84332 GiB |
|       from large pool | 140732 KiB |   1853 MiB |  84079 GiB |  84078 GiB |
|       from small pool |    711 KiB |      3 MiB |    253 GiB |    253 GiB |
|---------------------------------------------------------------------------|
| Allocations           |     470    |     909    |    5648 K  |    5647 K  |
|       from large pool |     125    |     513    |    3727 K  |    3727 K  |
|       from small pool |     345    |     402    |    1920 K  |    1920 K  |
|---------------------------------------------------------------------------|
| Active allocs         |     470    |     909    |    5648 K  |    5647 K  |
|       from large pool |     125    |     513    |    3727 K  |    3727 K  |
|       from small pool |     345    |     402    |    1920 K  |    1920 K  |
|---------------------------------------------------------------------------|
| GPU reserved segments |     230    |     230    |     230    |       0    |
|       from large pool |     224    |     224    |     224    |       0    |
|       from small pool |       6    |       6    |       6    |       0    |
|---------------------------------------------------------------------------|
| Non-releasable allocs |      11    |      47    |    3932 K  |    3932 K  |
|       from large pool |       5    |      39    |    2287 K  |    2287 K  |
|       from small pool |       6    |      10    |    1644 K  |    1644 K  |
|---------------------------------------------------------------------------|
| Oversize allocations  |       0    |       0    |       0    |       0    |
|---------------------------------------------------------------------------|
| Oversize GPU segments |       0    |       0    |       0    |       0    |
|===========================================================================|

| epoch   1 step     1500 |   1500 batches | lr 0.0005 | ms/batch 793.18 | loss  2.64 | avg loss  2.69 | ppl 14.74
================================================================================
[Memory Breakdown] step 1600
Parameter memory      : 1355.04 MB
Gradient memory       : 0.00 MB
Optimizer state memory: 3.00 MB
GaLore projector mem  : 0.00 MB
CUDA allocated        : 2257.87 MB
CUDA reserved         : 18264.00 MB
CUDA peak allocated   : 17272.64 MB
================================================================================
|===========================================================================|
|                  PyTorch CUDA memory summary, device ID 0                 |
|---------------------------------------------------------------------------|
|            CUDA OOMs: 0            |        cudaMalloc retries: 0         |
|===========================================================================|
|        Metric         | Cur Usage  | Peak Usage | Tot Alloc  | Tot Freed  |
|---------------------------------------------------------------------------|
| Allocated memory      |   2257 MiB |  17272 MiB | 153315 GiB | 153313 GiB |
|       from large pool |   2250 MiB |  17264 MiB | 153047 GiB | 153045 GiB |
|       from small pool |      7 MiB |     10 MiB |    267 GiB |    267 GiB |
|---------------------------------------------------------------------------|
| Active memory         |   2257 MiB |  17272 MiB | 153315 GiB | 153313 GiB |
|       from large pool |   2250 MiB |  17264 MiB | 153047 GiB | 153045 GiB |
|       from small pool |      7 MiB |     10 MiB |    267 GiB |    267 GiB |
|---------------------------------------------------------------------------|
| Requested memory      |   2257 MiB |  17269 MiB | 153309 GiB | 153307 GiB |
|       from large pool |   2249 MiB |  17261 MiB | 153042 GiB | 153039 GiB |
|       from small pool |      7 MiB |     10 MiB |    267 GiB |    267 GiB |
|---------------------------------------------------------------------------|
| GPU reserved memory   |  18264 MiB |  18264 MiB |  18264 MiB |      0 B   |
|       from large pool |  18252 MiB |  18252 MiB |  18252 MiB |      0 B   |
|       from small pool |     12 MiB |     12 MiB |     12 MiB |      0 B   |
|---------------------------------------------------------------------------|
| Non-releasable memory | 141443 KiB |   1855 MiB |  89956 GiB |  89956 GiB |
|       from large pool | 140732 KiB |   1853 MiB |  89685 GiB |  89685 GiB |
|       from small pool |    711 KiB |      3 MiB |    270 GiB |    270 GiB |
|---------------------------------------------------------------------------|
| Allocations           |     470    |     909    |    6024 K  |    6024 K  |
|       from large pool |     125    |     513    |    3976 K  |    3976 K  |
|       from small pool |     345    |     402    |    2048 K  |    2048 K  |
|---------------------------------------------------------------------------|
| Active allocs         |     470    |     909    |    6024 K  |    6024 K  |
|       from large pool |     125    |     513    |    3976 K  |    3976 K  |
|       from small pool |     345    |     402    |    2048 K  |    2048 K  |
|---------------------------------------------------------------------------|
| GPU reserved segments |     230    |     230    |     230    |       0    |
|       from large pool |     224    |     224    |     224    |       0    |
|       from small pool |       6    |       6    |       6    |       0    |
|---------------------------------------------------------------------------|
| Non-releasable allocs |      12    |      47    |    4194 K  |    4194 K  |
|       from large pool |       5    |      39    |    2439 K  |    2439 K  |
|       from small pool |       7    |      10    |    1754 K  |    1754 K  |
|---------------------------------------------------------------------------|
| Oversize allocations  |       0    |       0    |       0    |       0    |
|---------------------------------------------------------------------------|
| Oversize GPU segments |       0    |       0    |       0    |       0    |
|===========================================================================|

| epoch   1 step     1600 |   1600 batches | lr 0.0005 | ms/batch 793.14 | loss  2.76 | avg loss  2.65 | ppl 14.14
================================================================================
[Memory Breakdown] step 1700
Parameter memory      : 1355.04 MB
Gradient memory       : 0.00 MB
Optimizer state memory: 3.00 MB
GaLore projector mem  : 0.00 MB
CUDA allocated        : 2257.87 MB
CUDA reserved         : 18264.00 MB
CUDA peak allocated   : 17272.64 MB
================================================================================
|===========================================================================|
|                  PyTorch CUDA memory summary, device ID 0                 |
|---------------------------------------------------------------------------|
|            CUDA OOMs: 0            |        cudaMalloc retries: 0         |
|===========================================================================|
|        Metric         | Cur Usage  | Peak Usage | Tot Alloc  | Tot Freed  |
|---------------------------------------------------------------------------|
| Allocated memory      |   2257 MiB |  17272 MiB | 162897 GiB | 162895 GiB |
|       from large pool |   2250 MiB |  17264 MiB | 162613 GiB | 162610 GiB |
|       from small pool |      7 MiB |     10 MiB |    284 GiB |    284 GiB |
|---------------------------------------------------------------------------|
| Active memory         |   2257 MiB |  17272 MiB | 162897 GiB | 162895 GiB |
|       from large pool |   2250 MiB |  17264 MiB | 162613 GiB | 162610 GiB |
|       from small pool |      7 MiB |     10 MiB |    284 GiB |    284 GiB |
|---------------------------------------------------------------------------|
| Requested memory      |   2257 MiB |  17269 MiB | 162891 GiB | 162889 GiB |
|       from large pool |   2249 MiB |  17261 MiB | 162606 GiB | 162604 GiB |
|       from small pool |      7 MiB |     10 MiB |    284 GiB |    284 GiB |
|---------------------------------------------------------------------------|
| GPU reserved memory   |  18264 MiB |  18264 MiB |  18264 MiB |      0 B   |
|       from large pool |  18252 MiB |  18252 MiB |  18252 MiB |      0 B   |
|       from small pool |     12 MiB |     12 MiB |     12 MiB |      0 B   |
|---------------------------------------------------------------------------|
| Non-releasable memory | 141443 KiB |   1855 MiB |  95579 GiB |  95579 GiB |
|       from large pool | 140732 KiB |   1853 MiB |  95291 GiB |  95291 GiB |
|       from small pool |    711 KiB |      3 MiB |    287 GiB |    287 GiB |
|---------------------------------------------------------------------------|
| Allocations           |     470    |     909    |    6401 K  |    6400 K  |
|       from large pool |     125    |     513    |    4224 K  |    4224 K  |
|       from small pool |     345    |     402    |    2176 K  |    2176 K  |
|---------------------------------------------------------------------------|
| Active allocs         |     470    |     909    |    6401 K  |    6400 K  |
|       from large pool |     125    |     513    |    4224 K  |    4224 K  |
|       from small pool |     345    |     402    |    2176 K  |    2176 K  |
|---------------------------------------------------------------------------|
| GPU reserved segments |     230    |     230    |     230    |       0    |
|       from large pool |     224    |     224    |     224    |       0    |
|       from small pool |       6    |       6    |       6    |       0    |
|---------------------------------------------------------------------------|
| Non-releasable allocs |      12    |      47    |    4456 K  |    4456 K  |
|       from large pool |       5    |      39    |    2592 K  |    2592 K  |
|       from small pool |       7    |      10    |    1864 K  |    1864 K  |
|---------------------------------------------------------------------------|
| Oversize allocations  |       0    |       0    |       0    |       0    |
|---------------------------------------------------------------------------|
| Oversize GPU segments |       0    |       0    |       0    |       0    |
|===========================================================================|

| epoch   1 step     1700 |   1700 batches | lr 0.0005 | ms/batch 792.77 | loss  2.48 | avg loss  2.66 | ppl 14.33
================================================================================
[Memory Breakdown] step 1800
Parameter memory      : 1355.04 MB
Gradient memory       : 0.00 MB
Optimizer state memory: 3.00 MB
GaLore projector mem  : 0.00 MB
CUDA allocated        : 2257.87 MB
CUDA reserved         : 18264.00 MB
CUDA peak allocated   : 17272.64 MB
================================================================================
|===========================================================================|
|                  PyTorch CUDA memory summary, device ID 0                 |
|---------------------------------------------------------------------------|
|            CUDA OOMs: 0            |        cudaMalloc retries: 0         |
|===========================================================================|
|        Metric         | Cur Usage  | Peak Usage | Tot Alloc  | Tot Freed  |
|---------------------------------------------------------------------------|
| Allocated memory      |   2257 MiB |  17272 MiB | 172479 GiB | 172477 GiB |
|       from large pool |   2250 MiB |  17264 MiB | 172178 GiB | 172176 GiB |
|       from small pool |      7 MiB |     10 MiB |    301 GiB |    301 GiB |
|---------------------------------------------------------------------------|
| Active memory         |   2257 MiB |  17272 MiB | 172479 GiB | 172477 GiB |
|       from large pool |   2250 MiB |  17264 MiB | 172178 GiB | 172176 GiB |
|       from small pool |      7 MiB |     10 MiB |    301 GiB |    301 GiB |
|---------------------------------------------------------------------------|
| Requested memory      |   2257 MiB |  17269 MiB | 172473 GiB | 172470 GiB |
|       from large pool |   2249 MiB |  17261 MiB | 172171 GiB | 172169 GiB |
|       from small pool |      7 MiB |     10 MiB |    301 GiB |    301 GiB |
|---------------------------------------------------------------------------|
| GPU reserved memory   |  18264 MiB |  18264 MiB |  18264 MiB |      0 B   |
|       from large pool |  18252 MiB |  18252 MiB |  18252 MiB |      0 B   |
|       from small pool |     12 MiB |     12 MiB |     12 MiB |      0 B   |
|---------------------------------------------------------------------------|
| Non-releasable memory | 141443 KiB |   1855 MiB | 101202 GiB | 101202 GiB |
|       from large pool | 140732 KiB |   1853 MiB | 100897 GiB | 100897 GiB |
|       from small pool |    711 KiB |      3 MiB |    304 GiB |    304 GiB |
|---------------------------------------------------------------------------|
| Allocations           |     470    |     909    |    6777 K  |    6777 K  |
|       from large pool |     125    |     513    |    4473 K  |    4473 K  |
|       from small pool |     345    |     402    |    2304 K  |    2304 K  |
|---------------------------------------------------------------------------|
| Active allocs         |     470    |     909    |    6777 K  |    6777 K  |
|       from large pool |     125    |     513    |    4473 K  |    4473 K  |
|       from small pool |     345    |     402    |    2304 K  |    2304 K  |
|---------------------------------------------------------------------------|
| GPU reserved segments |     230    |     230    |     230    |       0    |
|       from large pool |     224    |     224    |     224    |       0    |
|       from small pool |       6    |       6    |       6    |       0    |
|---------------------------------------------------------------------------|
| Non-releasable allocs |      11    |      47    |    4719 K  |    4719 K  |
|       from large pool |       5    |      39    |    2744 K  |    2744 K  |
|       from small pool |       6    |      10    |    1974 K  |    1974 K  |
|---------------------------------------------------------------------------|
| Oversize allocations  |       0    |       0    |       0    |       0    |
|---------------------------------------------------------------------------|
| Oversize GPU segments |       0    |       0    |       0    |       0    |
|===========================================================================|

| epoch   1 step     1800 |   1800 batches | lr 0.0005 | ms/batch 793.15 | loss  2.59 | avg loss  2.67 | ppl 14.39
================================================================================
[Memory Breakdown] step 1900
Parameter memory      : 1355.04 MB
Gradient memory       : 0.00 MB
Optimizer state memory: 3.00 MB
GaLore projector mem  : 0.00 MB
CUDA allocated        : 2257.87 MB
CUDA reserved         : 18264.00 MB
CUDA peak allocated   : 17272.64 MB
================================================================================
|===========================================================================|
|                  PyTorch CUDA memory summary, device ID 0                 |
|---------------------------------------------------------------------------|
|            CUDA OOMs: 0            |        cudaMalloc retries: 0         |
|===========================================================================|
|        Metric         | Cur Usage  | Peak Usage | Tot Alloc  | Tot Freed  |
|---------------------------------------------------------------------------|
| Allocated memory      |   2257 MiB |  17272 MiB | 182061 GiB | 182059 GiB |
|       from large pool |   2250 MiB |  17264 MiB | 181743 GiB | 181741 GiB |
|       from small pool |      7 MiB |     10 MiB |    318 GiB |    317 GiB |
|---------------------------------------------------------------------------|
| Active memory         |   2257 MiB |  17272 MiB | 182061 GiB | 182059 GiB |
|       from large pool |   2250 MiB |  17264 MiB | 181743 GiB | 181741 GiB |
|       from small pool |      7 MiB |     10 MiB |    318 GiB |    317 GiB |
|---------------------------------------------------------------------------|
| Requested memory      |   2257 MiB |  17269 MiB | 182054 GiB | 182052 GiB |
|       from large pool |   2249 MiB |  17261 MiB | 181736 GiB | 181734 GiB |
|       from small pool |      7 MiB |     10 MiB |    317 GiB |    317 GiB |
|---------------------------------------------------------------------------|
| GPU reserved memory   |  18264 MiB |  18264 MiB |  18264 MiB |      0 B   |
|       from large pool |  18252 MiB |  18252 MiB |  18252 MiB |      0 B   |
|       from small pool |     12 MiB |     12 MiB |     12 MiB |      0 B   |
|---------------------------------------------------------------------------|
| Non-releasable memory | 141443 KiB |   1855 MiB | 106825 GiB | 106825 GiB |
|       from large pool | 140732 KiB |   1853 MiB | 106504 GiB | 106504 GiB |
|       from small pool |    711 KiB |      3 MiB |    321 GiB |    321 GiB |
|---------------------------------------------------------------------------|
| Allocations           |     470    |     909    |    7154 K  |    7153 K  |
|       from large pool |     125    |     513    |    4721 K  |    4721 K  |
|       from small pool |     345    |     402    |    2432 K  |    2432 K  |
|---------------------------------------------------------------------------|
| Active allocs         |     470    |     909    |    7154 K  |    7153 K  |
|       from large pool |     125    |     513    |    4721 K  |    4721 K  |
|       from small pool |     345    |     402    |    2432 K  |    2432 K  |
|---------------------------------------------------------------------------|
| GPU reserved segments |     230    |     230    |     230    |       0    |
|       from large pool |     224    |     224    |     224    |       0    |
|       from small pool |       6    |       6    |       6    |       0    |
|---------------------------------------------------------------------------|
| Non-releasable allocs |      12    |      47    |    4981 K  |    4981 K  |
|       from large pool |       5    |      39    |    2897 K  |    2897 K  |
|       from small pool |       7    |      10    |    2084 K  |    2084 K  |
|---------------------------------------------------------------------------|
| Oversize allocations  |       0    |       0    |       0    |       0    |
|---------------------------------------------------------------------------|
| Oversize GPU segments |       0    |       0    |       0    |       0    |
|===========================================================================|

| epoch   1 step     1900 |   1900 batches | lr 0.0005 | ms/batch 797.84 | loss  2.72 | avg loss  2.66 | ppl 14.31
================================================================================
[Memory Breakdown] step 2000
Parameter memory      : 1355.04 MB
Gradient memory       : 0.00 MB
Optimizer state memory: 3.00 MB
GaLore projector mem  : 0.00 MB
CUDA allocated        : 2257.87 MB
CUDA reserved         : 18264.00 MB
CUDA peak allocated   : 17272.64 MB
================================================================================
|===========================================================================|
|                  PyTorch CUDA memory summary, device ID 0                 |
|---------------------------------------------------------------------------|
|            CUDA OOMs: 0            |        cudaMalloc retries: 0         |
|===========================================================================|
|        Metric         | Cur Usage  | Peak Usage | Tot Alloc  | Tot Freed  |
|---------------------------------------------------------------------------|
| Allocated memory      |   2257 MiB |  17272 MiB | 191643 GiB | 191641 GiB |
|       from large pool |   2250 MiB |  17264 MiB | 191308 GiB | 191306 GiB |
|       from small pool |      7 MiB |     10 MiB |    334 GiB |    334 GiB |
|---------------------------------------------------------------------------|
| Active memory         |   2257 MiB |  17272 MiB | 191643 GiB | 191641 GiB |
|       from large pool |   2250 MiB |  17264 MiB | 191308 GiB | 191306 GiB |
|       from small pool |      7 MiB |     10 MiB |    334 GiB |    334 GiB |
|---------------------------------------------------------------------------|
| Requested memory      |   2257 MiB |  17269 MiB | 191636 GiB | 191634 GiB |
|       from large pool |   2249 MiB |  17261 MiB | 191301 GiB | 191299 GiB |
|       from small pool |      7 MiB |     10 MiB |    334 GiB |    334 GiB |
|---------------------------------------------------------------------------|
| GPU reserved memory   |  18264 MiB |  18264 MiB |  18264 MiB |      0 B   |
|       from large pool |  18252 MiB |  18252 MiB |  18252 MiB |      0 B   |
|       from small pool |     12 MiB |     12 MiB |     12 MiB |      0 B   |
|---------------------------------------------------------------------------|
| Non-releasable memory | 141443 KiB |   1855 MiB | 112449 GiB | 112448 GiB |
|       from large pool | 140732 KiB |   1853 MiB | 112110 GiB | 112110 GiB |
|       from small pool |    711 KiB |      3 MiB |    338 GiB |    338 GiB |
|---------------------------------------------------------------------------|
| Allocations           |     470    |     909    |    7530 K  |    7530 K  |
|       from large pool |     125    |     513    |    4970 K  |    4970 K  |
|       from small pool |     345    |     402    |    2560 K  |    2560 K  |
|---------------------------------------------------------------------------|
| Active allocs         |     470    |     909    |    7530 K  |    7530 K  |
|       from large pool |     125    |     513    |    4970 K  |    4970 K  |
|       from small pool |     345    |     402    |    2560 K  |    2560 K  |
|---------------------------------------------------------------------------|
| GPU reserved segments |     230    |     230    |     230    |       0    |
|       from large pool |     224    |     224    |     224    |       0    |
|       from small pool |       6    |       6    |       6    |       0    |
|---------------------------------------------------------------------------|
| Non-releasable allocs |      12    |      47    |    5244 K  |    5244 K  |
|       from large pool |       5    |      39    |    3049 K  |    3049 K  |
|       from small pool |       7    |      10    |    2194 K  |    2194 K  |
|---------------------------------------------------------------------------|
| Oversize allocations  |       0    |       0    |       0    |       0    |
|---------------------------------------------------------------------------|
| Oversize GPU segments |       0    |       0    |       0    |       0    |
|===========================================================================|

| epoch   1 step     2000 |   2000 batches | lr 0.0005 | ms/batch 794.24 | loss  2.55 | avg loss  2.66 | ppl 14.27
saving checkpoint ./trained_models/GPT2_M/e2e/model.2000.pt
/home/ycyh/miniconda3/envs/LoRA/lib/python3.11/site-packages/torch/nn/_reduction.py:51: UserWarning: size_average and reduce args will be deprecated, please use reduction='none' instead.
  warnings.warn(warning.format(ret))
eval samples: 0 loss: tensor(1.2832, device='cuda:0')
eval samples: 100 loss: tensor(0.8843, device='cuda:0')
eval samples: 200 loss: tensor(1.3161, device='cuda:0')
eval samples: 300 loss: tensor(1.1897, device='cuda:0')
eval samples: 400 loss: tensor(1.0215, device='cuda:0')
eval samples: 500 loss: tensor(0.6052, device='cuda:0')
eval samples: 600 loss: tensor(1.2690, device='cuda:0')
eval samples: 700 loss: tensor(0.8244, device='cuda:0')
eval samples: 800 loss: tensor(1.2231, device='cuda:0')
eval samples: 900 loss: tensor(1.8233, device='cuda:0')
eval samples: 1000 loss: tensor(1.0229, device='cuda:0')
eval samples: 1100 loss: tensor(1.5629, device='cuda:0')
average loss 1.2759636280267206
----------------------------------------------------------------------------------------------------
| Eval   1 at step     2000 | time: 199.78s | valid loss  1.28 | valid ppl  3.58 | best ppl  3.58 
----------------------------------------------------------------------------------------------------
================================================================================
[Memory Breakdown] step 2100
Parameter memory      : 1355.04 MB
Gradient memory       : 0.00 MB
Optimizer state memory: 3.00 MB
GaLore projector mem  : 0.00 MB
CUDA allocated        : 2257.87 MB
CUDA reserved         : 18264.00 MB
CUDA peak allocated   : 17272.64 MB
================================================================================
|===========================================================================|
|                  PyTorch CUDA memory summary, device ID 0                 |
|---------------------------------------------------------------------------|
|            CUDA OOMs: 0            |        cudaMalloc retries: 0         |
|===========================================================================|
|        Metric         | Cur Usage  | Peak Usage | Tot Alloc  | Tot Freed  |
|---------------------------------------------------------------------------|
| Allocated memory      |   2257 MiB |  17272 MiB | 226579 GiB | 226576 GiB |
|       from large pool |   2250 MiB |  17264 MiB | 226061 GiB | 226058 GiB |
|       from small pool |      7 MiB |     10 MiB |    517 GiB |    517 GiB |
|---------------------------------------------------------------------------|
| Active memory         |   2257 MiB |  17272 MiB | 226579 GiB | 226576 GiB |
|       from large pool |   2250 MiB |  17264 MiB | 226061 GiB | 226058 GiB |
|       from small pool |      7 MiB |     10 MiB |    517 GiB |    517 GiB |
|---------------------------------------------------------------------------|
| Requested memory      |   2257 MiB |  17269 MiB | 226571 GiB | 226568 GiB |
|       from large pool |   2249 MiB |  17261 MiB | 226053 GiB | 226050 GiB |
|       from small pool |      7 MiB |     10 MiB |    517 GiB |    517 GiB |
|---------------------------------------------------------------------------|
| GPU reserved memory   |  18264 MiB |  18264 MiB |  18264 MiB |      0 B   |
|       from large pool |  18252 MiB |  18252 MiB |  18252 MiB |      0 B   |
|       from small pool |     12 MiB |     12 MiB |     12 MiB |      0 B   |
|---------------------------------------------------------------------------|
| Non-releasable memory | 141443 KiB |   1855 MiB | 131212 GiB | 131212 GiB |
|       from large pool | 140732 KiB |   1853 MiB | 130690 GiB | 130690 GiB |
|       from small pool |    711 KiB |      3 MiB |    521 GiB |    521 GiB |
|---------------------------------------------------------------------------|
| Allocations           |     470    |     909    |    9510 K  |    9510 K  |
|       from large pool |     125    |     513    |    6381 K  |    6381 K  |
|       from small pool |     345    |     402    |    3128 K  |    3128 K  |
|---------------------------------------------------------------------------|
| Active allocs         |     470    |     909    |    9510 K  |    9510 K  |
|       from large pool |     125    |     513    |    6381 K  |    6381 K  |
|       from small pool |     345    |     402    |    3128 K  |    3128 K  |
|---------------------------------------------------------------------------|
| GPU reserved segments |     230    |     230    |     230    |       0    |
|       from large pool |     224    |     224    |     224    |       0    |
|       from small pool |       6    |       6    |       6    |       0    |
|---------------------------------------------------------------------------|
| Non-releasable allocs |      11    |      47    |    6691 K  |    6691 K  |
|       from large pool |       5    |      39    |    4087 K  |    4087 K  |
|       from small pool |       6    |      11    |    2603 K  |    2603 K  |
|---------------------------------------------------------------------------|
| Oversize allocations  |       0    |       0    |       0    |       0    |
|---------------------------------------------------------------------------|
| Oversize GPU segments |       0    |       0    |       0    |       0    |
|===========================================================================|

| epoch   1 step     2100 |   2100 batches | lr 0.0005 | ms/batch 2793.10 | loss  2.69 | avg loss  2.65 | ppl 14.12
================================================================================
[Memory Breakdown] step 2200
Parameter memory      : 1355.04 MB
Gradient memory       : 0.00 MB
Optimizer state memory: 3.00 MB
GaLore projector mem  : 0.00 MB
CUDA allocated        : 2257.87 MB
CUDA reserved         : 18264.00 MB
CUDA peak allocated   : 17272.64 MB
================================================================================
|===========================================================================|
|                  PyTorch CUDA memory summary, device ID 0                 |
|---------------------------------------------------------------------------|
|            CUDA OOMs: 0            |        cudaMalloc retries: 0         |
|===========================================================================|
|        Metric         | Cur Usage  | Peak Usage | Tot Alloc  | Tot Freed  |
|---------------------------------------------------------------------------|
| Allocated memory      |   2257 MiB |  17272 MiB | 236161 GiB | 236158 GiB |
|       from large pool |   2250 MiB |  17264 MiB | 235626 GiB | 235624 GiB |
|       from small pool |      7 MiB |     10 MiB |    534 GiB |    534 GiB |
|---------------------------------------------------------------------------|
| Active memory         |   2257 MiB |  17272 MiB | 236161 GiB | 236158 GiB |
|       from large pool |   2250 MiB |  17264 MiB | 235626 GiB | 235624 GiB |
|       from small pool |      7 MiB |     10 MiB |    534 GiB |    534 GiB |
|---------------------------------------------------------------------------|
| Requested memory      |   2257 MiB |  17269 MiB | 236152 GiB | 236150 GiB |
|       from large pool |   2249 MiB |  17261 MiB | 235618 GiB | 235615 GiB |
|       from small pool |      7 MiB |     10 MiB |    534 GiB |    534 GiB |
|---------------------------------------------------------------------------|
| GPU reserved memory   |  18264 MiB |  18264 MiB |  18264 MiB |      0 B   |
|       from large pool |  18252 MiB |  18252 MiB |  18252 MiB |      0 B   |
|       from small pool |     12 MiB |     12 MiB |     12 MiB |      0 B   |
|---------------------------------------------------------------------------|
| Non-releasable memory | 141443 KiB |   1855 MiB | 136835 GiB | 136835 GiB |
|       from large pool | 140732 KiB |   1853 MiB | 136297 GiB | 136296 GiB |
|       from small pool |    711 KiB |      3 MiB |    538 GiB |    538 GiB |
|---------------------------------------------------------------------------|
| Allocations           |     470    |     909    |    9887 K  |    9886 K  |
|       from large pool |     125    |     513    |    6630 K  |    6630 K  |
|       from small pool |     345    |     402    |    3256 K  |    3256 K  |
|---------------------------------------------------------------------------|
| Active allocs         |     470    |     909    |    9887 K  |    9886 K  |
|       from large pool |     125    |     513    |    6630 K  |    6630 K  |
|       from small pool |     345    |     402    |    3256 K  |    3256 K  |
|---------------------------------------------------------------------------|
| GPU reserved segments |     230    |     230    |     230    |       0    |
|       from large pool |     224    |     224    |     224    |       0    |
|       from small pool |       6    |       6    |       6    |       0    |
|---------------------------------------------------------------------------|
| Non-releasable allocs |      12    |      47    |    6953 K  |    6953 K  |
|       from large pool |       5    |      39    |    4240 K  |    4240 K  |
|       from small pool |       7    |      11    |    2713 K  |    2713 K  |
|---------------------------------------------------------------------------|
| Oversize allocations  |       0    |       0    |       0    |       0    |
|---------------------------------------------------------------------------|
| Oversize GPU segments |       0    |       0    |       0    |       0    |
|===========================================================================|

| epoch   1 step     2200 |   2200 batches | lr 0.0005 | ms/batch 792.92 | loss  2.96 | avg loss  2.65 | ppl 14.14
================================================================================
[Memory Breakdown] step 2300
Parameter memory      : 1355.04 MB
Gradient memory       : 0.00 MB
Optimizer state memory: 3.00 MB
GaLore projector mem  : 0.00 MB
CUDA allocated        : 2257.87 MB
CUDA reserved         : 18264.00 MB
CUDA peak allocated   : 17272.64 MB
================================================================================
|===========================================================================|
|                  PyTorch CUDA memory summary, device ID 0                 |
|---------------------------------------------------------------------------|
|            CUDA OOMs: 0            |        cudaMalloc retries: 0         |
|===========================================================================|
|        Metric         | Cur Usage  | Peak Usage | Tot Alloc  | Tot Freed  |
|---------------------------------------------------------------------------|
| Allocated memory      |   2257 MiB |  17272 MiB | 245743 GiB | 245740 GiB |
|       from large pool |   2250 MiB |  17264 MiB | 245191 GiB | 245189 GiB |
|       from small pool |      7 MiB |     10 MiB |    551 GiB |    551 GiB |
|---------------------------------------------------------------------------|
| Active memory         |   2257 MiB |  17272 MiB | 245743 GiB | 245740 GiB |
|       from large pool |   2250 MiB |  17264 MiB | 245191 GiB | 245189 GiB |
|       from small pool |      7 MiB |     10 MiB |    551 GiB |    551 GiB |
|---------------------------------------------------------------------------|
| Requested memory      |   2257 MiB |  17269 MiB | 245734 GiB | 245732 GiB |
|       from large pool |   2249 MiB |  17261 MiB | 245183 GiB | 245180 GiB |
|       from small pool |      7 MiB |     10 MiB |    551 GiB |    551 GiB |
|---------------------------------------------------------------------------|
| GPU reserved memory   |  18264 MiB |  18264 MiB |  18264 MiB |      0 B   |
|       from large pool |  18252 MiB |  18252 MiB |  18252 MiB |      0 B   |
|       from small pool |     12 MiB |     12 MiB |     12 MiB |      0 B   |
|---------------------------------------------------------------------------|
| Non-releasable memory | 141443 KiB |   1855 MiB | 142459 GiB | 142459 GiB |
|       from large pool | 140732 KiB |   1853 MiB | 141903 GiB | 141903 GiB |
|       from small pool |    711 KiB |      3 MiB |    555 GiB |    555 GiB |
|---------------------------------------------------------------------------|
| Allocations           |     470    |     909    |   10263 K  |   10263 K  |
|       from large pool |     125    |     513    |    6878 K  |    6878 K  |
|       from small pool |     345    |     402    |    3384 K  |    3384 K  |
|---------------------------------------------------------------------------|
| Active allocs         |     470    |     909    |   10263 K  |   10263 K  |
|       from large pool |     125    |     513    |    6878 K  |    6878 K  |
|       from small pool |     345    |     402    |    3384 K  |    3384 K  |
|---------------------------------------------------------------------------|
| GPU reserved segments |     230    |     230    |     230    |       0    |
|       from large pool |     224    |     224    |     224    |       0    |
|       from small pool |       6    |       6    |       6    |       0    |
|---------------------------------------------------------------------------|
| Non-releasable allocs |      11    |      47    |    7215 K  |    7215 K  |
|       from large pool |       5    |      39    |    4392 K  |    4392 K  |
|       from small pool |       6    |      11    |    2823 K  |    2823 K  |
|---------------------------------------------------------------------------|
| Oversize allocations  |       0    |       0    |       0    |       0    |
|---------------------------------------------------------------------------|
| Oversize GPU segments |       0    |       0    |       0    |       0    |
|===========================================================================|

| epoch   1 step     2300 |   2300 batches | lr 0.0005 | ms/batch 792.88 | loss  2.66 | avg loss  2.64 | ppl 14.00
================================================================================
[Memory Breakdown] step 2400
Parameter memory      : 1355.04 MB
Gradient memory       : 0.00 MB
Optimizer state memory: 3.00 MB
GaLore projector mem  : 0.00 MB
CUDA allocated        : 2257.87 MB
CUDA reserved         : 18264.00 MB
CUDA peak allocated   : 17272.64 MB
================================================================================
|===========================================================================|
|                  PyTorch CUDA memory summary, device ID 0                 |
|---------------------------------------------------------------------------|
|            CUDA OOMs: 0            |        cudaMalloc retries: 0         |
|===========================================================================|
|        Metric         | Cur Usage  | Peak Usage | Tot Alloc  | Tot Freed  |
|---------------------------------------------------------------------------|
| Allocated memory      |   2257 MiB |  17272 MiB | 255325 GiB | 255323 GiB |
|       from large pool |   2250 MiB |  17264 MiB | 254757 GiB | 254754 GiB |
|       from small pool |      7 MiB |     10 MiB |    568 GiB |    568 GiB |
|---------------------------------------------------------------------------|
| Active memory         |   2257 MiB |  17272 MiB | 255325 GiB | 255323 GiB |
|       from large pool |   2250 MiB |  17264 MiB | 254757 GiB | 254754 GiB |
|       from small pool |      7 MiB |     10 MiB |    568 GiB |    568 GiB |
|---------------------------------------------------------------------------|
| Requested memory      |   2257 MiB |  17269 MiB | 255316 GiB | 255313 GiB |
|       from large pool |   2249 MiB |  17261 MiB | 254747 GiB | 254745 GiB |
|       from small pool |      7 MiB |     10 MiB |    568 GiB |    568 GiB |
|---------------------------------------------------------------------------|
| GPU reserved memory   |  18264 MiB |  18264 MiB |  18264 MiB |      0 B   |
|       from large pool |  18252 MiB |  18252 MiB |  18252 MiB |      0 B   |
|       from small pool |     12 MiB |     12 MiB |     12 MiB |      0 B   |
|---------------------------------------------------------------------------|
| Non-releasable memory | 141443 KiB |   1855 MiB | 148082 GiB | 148082 GiB |
|       from large pool | 140732 KiB |   1853 MiB | 147509 GiB | 147509 GiB |
|       from small pool |    711 KiB |      3 MiB |    572 GiB |    572 GiB |
|---------------------------------------------------------------------------|
| Allocations           |     470    |     909    |   10640 K  |   10639 K  |
|       from large pool |     125    |     513    |    7127 K  |    7127 K  |
|       from small pool |     345    |     402    |    3512 K  |    3512 K  |
|---------------------------------------------------------------------------|
| Active allocs         |     470    |     909    |   10640 K  |   10639 K  |
|       from large pool |     125    |     513    |    7127 K  |    7127 K  |
|       from small pool |     345    |     402    |    3512 K  |    3512 K  |
|---------------------------------------------------------------------------|
| GPU reserved segments |     230    |     230    |     230    |       0    |
|       from large pool |     224    |     224    |     224    |       0    |
|       from small pool |       6    |       6    |       6    |       0    |
|---------------------------------------------------------------------------|
| Non-releasable allocs |      11    |      47    |    7477 K  |    7477 K  |
|       from large pool |       5    |      39    |    4545 K  |    4545 K  |
|       from small pool |       6    |      11    |    2932 K  |    2932 K  |
|---------------------------------------------------------------------------|
| Oversize allocations  |       0    |       0    |       0    |       0    |
|---------------------------------------------------------------------------|
| Oversize GPU segments |       0    |       0    |       0    |       0    |
|===========================================================================|

| epoch   1 step     2400 |   2400 batches | lr 0.0005 | ms/batch 792.90 | loss  2.42 | avg loss  2.65 | ppl 14.18
================================================================================
[Memory Breakdown] step 2500
Parameter memory      : 1355.04 MB
Gradient memory       : 0.00 MB
Optimizer state memory: 3.00 MB
GaLore projector mem  : 0.00 MB
CUDA allocated        : 2257.87 MB
CUDA reserved         : 18264.00 MB
CUDA peak allocated   : 17272.64 MB
================================================================================
|===========================================================================|
|                  PyTorch CUDA memory summary, device ID 0                 |
|---------------------------------------------------------------------------|
|            CUDA OOMs: 0            |        cudaMalloc retries: 0         |
|===========================================================================|
|        Metric         | Cur Usage  | Peak Usage | Tot Alloc  | Tot Freed  |
|---------------------------------------------------------------------------|
| Allocated memory      |   2257 MiB |  17272 MiB | 264907 GiB | 264905 GiB |
|       from large pool |   2250 MiB |  17264 MiB | 264322 GiB | 264320 GiB |
|       from small pool |      7 MiB |     10 MiB |    584 GiB |    584 GiB |
|---------------------------------------------------------------------------|
| Active memory         |   2257 MiB |  17272 MiB | 264907 GiB | 264905 GiB |
|       from large pool |   2250 MiB |  17264 MiB | 264322 GiB | 264320 GiB |
|       from small pool |      7 MiB |     10 MiB |    584 GiB |    584 GiB |
|---------------------------------------------------------------------------|
| Requested memory      |   2257 MiB |  17269 MiB | 264897 GiB | 264895 GiB |
|       from large pool |   2249 MiB |  17261 MiB | 264312 GiB | 264310 GiB |
|       from small pool |      7 MiB |     10 MiB |    584 GiB |    584 GiB |
|---------------------------------------------------------------------------|
| GPU reserved memory   |  18264 MiB |  18264 MiB |  18264 MiB |      0 B   |
|       from large pool |  18252 MiB |  18252 MiB |  18252 MiB |      0 B   |
|       from small pool |     12 MiB |     12 MiB |     12 MiB |      0 B   |
|---------------------------------------------------------------------------|
| Non-releasable memory | 141443 KiB |   1855 MiB | 153705 GiB | 153705 GiB |
|       from large pool | 140732 KiB |   1853 MiB | 153115 GiB | 153115 GiB |
|       from small pool |    711 KiB |      3 MiB |    589 GiB |    589 GiB |
|---------------------------------------------------------------------------|
| Allocations           |     470    |     909    |   11016 K  |   11016 K  |
|       from large pool |     125    |     513    |    7375 K  |    7375 K  |
|       from small pool |     345    |     402    |    3640 K  |    3640 K  |
|---------------------------------------------------------------------------|
| Active allocs         |     470    |     909    |   11016 K  |   11016 K  |
|       from large pool |     125    |     513    |    7375 K  |    7375 K  |
|       from small pool |     345    |     402    |    3640 K  |    3640 K  |
|---------------------------------------------------------------------------|
| GPU reserved segments |     230    |     230    |     230    |       0    |
|       from large pool |     224    |     224    |     224    |       0    |
|       from small pool |       6    |       6    |       6    |       0    |
|---------------------------------------------------------------------------|
| Non-releasable allocs |      12    |      47    |    7740 K  |    7740 K  |
|       from large pool |       5    |      39    |    4697 K  |    4697 K  |
|       from small pool |       7    |      11    |    3042 K  |    3042 K  |
|---------------------------------------------------------------------------|
| Oversize allocations  |       0    |       0    |       0    |       0    |
|---------------------------------------------------------------------------|
| Oversize GPU segments |       0    |       0    |       0    |       0    |
|===========================================================================|

| epoch   1 step     2500 |   2500 batches | lr 0.0005 | ms/batch 792.96 | loss  2.99 | avg loss  2.67 | ppl 14.47
================================================================================
[Memory Breakdown] step 2600
Parameter memory      : 1355.04 MB
Gradient memory       : 0.00 MB
Optimizer state memory: 3.00 MB
GaLore projector mem  : 0.00 MB
CUDA allocated        : 2257.87 MB
CUDA reserved         : 18264.00 MB
CUDA peak allocated   : 17272.64 MB
================================================================================
|===========================================================================|
|                  PyTorch CUDA memory summary, device ID 0                 |
|---------------------------------------------------------------------------|
|            CUDA OOMs: 0            |        cudaMalloc retries: 0         |
|===========================================================================|
|        Metric         | Cur Usage  | Peak Usage | Tot Alloc  | Tot Freed  |
|---------------------------------------------------------------------------|
| Allocated memory      |   2257 MiB |  17272 MiB | 274489 GiB | 274487 GiB |
|       from large pool |   2250 MiB |  17264 MiB | 273887 GiB | 273885 GiB |
|       from small pool |      7 MiB |     10 MiB |    601 GiB |    601 GiB |
|---------------------------------------------------------------------------|
| Active memory         |   2257 MiB |  17272 MiB | 274489 GiB | 274487 GiB |
|       from large pool |   2250 MiB |  17264 MiB | 273887 GiB | 273885 GiB |
|       from small pool |      7 MiB |     10 MiB |    601 GiB |    601 GiB |
|---------------------------------------------------------------------------|
| Requested memory      |   2257 MiB |  17269 MiB | 274479 GiB | 274477 GiB |
|       from large pool |   2249 MiB |  17261 MiB | 273877 GiB | 273875 GiB |
|       from small pool |      7 MiB |     10 MiB |    601 GiB |    601 GiB |
|---------------------------------------------------------------------------|
| GPU reserved memory   |  18264 MiB |  18264 MiB |  18264 MiB |      0 B   |
|       from large pool |  18252 MiB |  18252 MiB |  18252 MiB |      0 B   |
|       from small pool |     12 MiB |     12 MiB |     12 MiB |      0 B   |
|---------------------------------------------------------------------------|
| Non-releasable memory | 141443 KiB |   1855 MiB | 159328 GiB | 159328 GiB |
|       from large pool | 140732 KiB |   1853 MiB | 158722 GiB | 158722 GiB |
|       from small pool |    711 KiB |      3 MiB |    606 GiB |    606 GiB |
|---------------------------------------------------------------------------|
| Allocations           |     470    |     909    |   11393 K  |   11392 K  |
|       from large pool |     125    |     513    |    7624 K  |    7624 K  |
|       from small pool |     345    |     402    |    3768 K  |    3768 K  |
|---------------------------------------------------------------------------|
| Active allocs         |     470    |     909    |   11393 K  |   11392 K  |
|       from large pool |     125    |     513    |    7624 K  |    7624 K  |
|       from small pool |     345    |     402    |    3768 K  |    3768 K  |
|---------------------------------------------------------------------------|
| GPU reserved segments |     230    |     230    |     230    |       0    |
|       from large pool |     224    |     224    |     224    |       0    |
|       from small pool |       6    |       6    |       6    |       0    |
|---------------------------------------------------------------------------|
| Non-releasable allocs |      11    |      47    |    8002 K  |    8002 K  |
|       from large pool |       5    |      39    |    4850 K  |    4850 K  |
|       from small pool |       6    |      11    |    3152 K  |    3152 K  |
|---------------------------------------------------------------------------|
| Oversize allocations  |       0    |       0    |       0    |       0    |
|---------------------------------------------------------------------------|
| Oversize GPU segments |       0    |       0    |       0    |       0    |
|===========================================================================|

| epoch   1 step     2600 |   2600 batches | lr 0.0005 | ms/batch 786.65 | loss  2.84 | avg loss  2.66 | ppl 14.27
================================================================================
[Memory Breakdown] step 2700
Parameter memory      : 1355.04 MB
Gradient memory       : 0.00 MB
Optimizer state memory: 3.00 MB
GaLore projector mem  : 0.00 MB
CUDA allocated        : 2257.87 MB
CUDA reserved         : 18264.00 MB
CUDA peak allocated   : 17272.64 MB
================================================================================
|===========================================================================|
|                  PyTorch CUDA memory summary, device ID 0                 |
|---------------------------------------------------------------------------|
|            CUDA OOMs: 0            |        cudaMalloc retries: 0         |
|===========================================================================|
|        Metric         | Cur Usage  | Peak Usage | Tot Alloc  | Tot Freed  |
|---------------------------------------------------------------------------|
| Allocated memory      |   2257 MiB |  17272 MiB | 284071 GiB | 284069 GiB |
|       from large pool |   2250 MiB |  17264 MiB | 283452 GiB | 283450 GiB |
|       from small pool |      7 MiB |     10 MiB |    618 GiB |    618 GiB |
|---------------------------------------------------------------------------|
| Active memory         |   2257 MiB |  17272 MiB | 284071 GiB | 284069 GiB |
|       from large pool |   2250 MiB |  17264 MiB | 283452 GiB | 283450 GiB |
|       from small pool |      7 MiB |     10 MiB |    618 GiB |    618 GiB |
|---------------------------------------------------------------------------|
| Requested memory      |   2257 MiB |  17269 MiB | 284061 GiB | 284058 GiB |
|       from large pool |   2249 MiB |  17261 MiB | 283442 GiB | 283440 GiB |
|       from small pool |      7 MiB |     10 MiB |    618 GiB |    618 GiB |
|---------------------------------------------------------------------------|
| GPU reserved memory   |  18264 MiB |  18264 MiB |  18264 MiB |      0 B   |
|       from large pool |  18252 MiB |  18252 MiB |  18252 MiB |      0 B   |
|       from small pool |     12 MiB |     12 MiB |     12 MiB |      0 B   |
|---------------------------------------------------------------------------|
| Non-releasable memory | 141443 KiB |   1855 MiB | 164952 GiB | 164951 GiB |
|       from large pool | 140732 KiB |   1853 MiB | 164328 GiB | 164328 GiB |
|       from small pool |    711 KiB |      3 MiB |    623 GiB |    623 GiB |
|---------------------------------------------------------------------------|
| Allocations           |     470    |     909    |   11769 K  |   11769 K  |
|       from large pool |     125    |     513    |    7872 K  |    7872 K  |
|       from small pool |     345    |     402    |    3896 K  |    3896 K  |
|---------------------------------------------------------------------------|
| Active allocs         |     470    |     909    |   11769 K  |   11769 K  |
|       from large pool |     125    |     513    |    7872 K  |    7872 K  |
|       from small pool |     345    |     402    |    3896 K  |    3896 K  |
|---------------------------------------------------------------------------|
| GPU reserved segments |     230    |     230    |     230    |       0    |
|       from large pool |     224    |     224    |     224    |       0    |
|       from small pool |       6    |       6    |       6    |       0    |
|---------------------------------------------------------------------------|
| Non-releasable allocs |      11    |      47    |    8264 K  |    8264 K  |
|       from large pool |       5    |      39    |    5002 K  |    5002 K  |
|       from small pool |       6    |      11    |    3261 K  |    3261 K  |
|---------------------------------------------------------------------------|
| Oversize allocations  |       0    |       0    |       0    |       0    |
|---------------------------------------------------------------------------|
| Oversize GPU segments |       0    |       0    |       0    |       0    |
|===========================================================================|

| epoch   1 step     2700 |   2700 batches | lr 0.0005 | ms/batch 787.99 | loss  2.76 | avg loss  2.64 | ppl 14.05
================================================================================
[Memory Breakdown] step 2800
Parameter memory      : 1355.04 MB
Gradient memory       : 0.00 MB
Optimizer state memory: 3.00 MB
GaLore projector mem  : 0.00 MB
CUDA allocated        : 2257.87 MB
CUDA reserved         : 18264.00 MB
CUDA peak allocated   : 17272.64 MB
================================================================================
|===========================================================================|
|                  PyTorch CUDA memory summary, device ID 0                 |
|---------------------------------------------------------------------------|
|            CUDA OOMs: 0            |        cudaMalloc retries: 0         |
|===========================================================================|
|        Metric         | Cur Usage  | Peak Usage | Tot Alloc  | Tot Freed  |
|---------------------------------------------------------------------------|
| Allocated memory      |   2257 MiB |  17272 MiB | 293653 GiB | 293651 GiB |
|       from large pool |   2250 MiB |  17264 MiB | 293018 GiB | 293016 GiB |
|       from small pool |      7 MiB |     10 MiB |    635 GiB |    635 GiB |
|---------------------------------------------------------------------------|
| Active memory         |   2257 MiB |  17272 MiB | 293653 GiB | 293651 GiB |
|       from large pool |   2250 MiB |  17264 MiB | 293018 GiB | 293016 GiB |
|       from small pool |      7 MiB |     10 MiB |    635 GiB |    635 GiB |
|---------------------------------------------------------------------------|
| Requested memory      |   2257 MiB |  17269 MiB | 293642 GiB | 293640 GiB |
|       from large pool |   2249 MiB |  17261 MiB | 293007 GiB | 293005 GiB |
|       from small pool |      7 MiB |     10 MiB |    635 GiB |    635 GiB |
|---------------------------------------------------------------------------|
| GPU reserved memory   |  18264 MiB |  18264 MiB |  18264 MiB |      0 B   |
|       from large pool |  18252 MiB |  18252 MiB |  18252 MiB |      0 B   |
|       from small pool |     12 MiB |     12 MiB |     12 MiB |      0 B   |
|---------------------------------------------------------------------------|
| Non-releasable memory | 141443 KiB |   1855 MiB | 170575 GiB | 170575 GiB |
|       from large pool | 140732 KiB |   1853 MiB | 169934 GiB | 169934 GiB |
|       from small pool |    711 KiB |      3 MiB |    640 GiB |    640 GiB |
|---------------------------------------------------------------------------|
| Allocations           |     470    |     909    |   12146 K  |   12145 K  |
|       from large pool |     125    |     513    |    8121 K  |    8121 K  |
|       from small pool |     345    |     402    |    4024 K  |    4024 K  |
|---------------------------------------------------------------------------|
| Active allocs         |     470    |     909    |   12146 K  |   12145 K  |
|       from large pool |     125    |     513    |    8121 K  |    8121 K  |
|       from small pool |     345    |     402    |    4024 K  |    4024 K  |
|---------------------------------------------------------------------------|
| GPU reserved segments |     230    |     230    |     230    |       0    |
|       from large pool |     224    |     224    |     224    |       0    |
|       from small pool |       6    |       6    |       6    |       0    |
|---------------------------------------------------------------------------|
| Non-releasable allocs |      12    |      47    |    8526 K  |    8526 K  |
|       from large pool |       5    |      39    |    5155 K  |    5155 K  |
|       from small pool |       7    |      11    |    3371 K  |    3371 K  |
|---------------------------------------------------------------------------|
| Oversize allocations  |       0    |       0    |       0    |       0    |
|---------------------------------------------------------------------------|
| Oversize GPU segments |       0    |       0    |       0    |       0    |
|===========================================================================|

| epoch   1 step     2800 |   2800 batches | lr 0.0005 | ms/batch 788.52 | loss  2.36 | avg loss  2.67 | ppl 14.51
================================================================================
[Memory Breakdown] step 2900
Parameter memory      : 1355.04 MB
Gradient memory       : 0.00 MB
Optimizer state memory: 3.00 MB
GaLore projector mem  : 0.00 MB
CUDA allocated        : 2257.87 MB
CUDA reserved         : 18264.00 MB
CUDA peak allocated   : 17272.64 MB
================================================================================
|===========================================================================|
|                  PyTorch CUDA memory summary, device ID 0                 |
|---------------------------------------------------------------------------|
|            CUDA OOMs: 0            |        cudaMalloc retries: 0         |
|===========================================================================|
|        Metric         | Cur Usage  | Peak Usage | Tot Alloc  | Tot Freed  |
|---------------------------------------------------------------------------|
| Allocated memory      |   2257 MiB |  17272 MiB | 303235 GiB | 303233 GiB |
|       from large pool |   2250 MiB |  17264 MiB | 302583 GiB | 302581 GiB |
|       from small pool |      7 MiB |     10 MiB |    651 GiB |    651 GiB |
|---------------------------------------------------------------------------|
| Active memory         |   2257 MiB |  17272 MiB | 303235 GiB | 303233 GiB |
|       from large pool |   2250 MiB |  17264 MiB | 302583 GiB | 302581 GiB |
|       from small pool |      7 MiB |     10 MiB |    651 GiB |    651 GiB |
|---------------------------------------------------------------------------|
| Requested memory      |   2257 MiB |  17269 MiB | 303224 GiB | 303222 GiB |
|       from large pool |   2249 MiB |  17261 MiB | 302572 GiB | 302570 GiB |
|       from small pool |      7 MiB |     10 MiB |    651 GiB |    651 GiB |
|---------------------------------------------------------------------------|
| GPU reserved memory   |  18264 MiB |  18264 MiB |  18264 MiB |      0 B   |
|       from large pool |  18252 MiB |  18252 MiB |  18252 MiB |      0 B   |
|       from small pool |     12 MiB |     12 MiB |     12 MiB |      0 B   |
|---------------------------------------------------------------------------|
| Non-releasable memory | 141443 KiB |   1855 MiB | 176198 GiB | 176198 GiB |
|       from large pool | 140732 KiB |   1853 MiB | 175541 GiB | 175540 GiB |
|       from small pool |    711 KiB |      3 MiB |    657 GiB |    657 GiB |
|---------------------------------------------------------------------------|
| Allocations           |     470    |     909    |   12522 K  |   12522 K  |
|       from large pool |     125    |     513    |    8369 K  |    8369 K  |
|       from small pool |     345    |     402    |    4152 K  |    4152 K  |
|---------------------------------------------------------------------------|
| Active allocs         |     470    |     909    |   12522 K  |   12522 K  |
|       from large pool |     125    |     513    |    8369 K  |    8369 K  |
|       from small pool |     345    |     402    |    4152 K  |    4152 K  |
|---------------------------------------------------------------------------|
| GPU reserved segments |     230    |     230    |     230    |       0    |
|       from large pool |     224    |     224    |     224    |       0    |
|       from small pool |       6    |       6    |       6    |       0    |
|---------------------------------------------------------------------------|
| Non-releasable allocs |      11    |      47    |    8788 K  |    8788 K  |
|       from large pool |       5    |      39    |    5307 K  |    5307 K  |
|       from small pool |       6    |      11    |    3480 K  |    3480 K  |
|---------------------------------------------------------------------------|
| Oversize allocations  |       0    |       0    |       0    |       0    |
|---------------------------------------------------------------------------|
| Oversize GPU segments |       0    |       0    |       0    |       0    |
|===========================================================================|

| epoch   1 step     2900 |   2900 batches | lr 0.0005 | ms/batch 787.77 | loss  2.83 | avg loss  2.66 | ppl 14.37
================================================================================
[Memory Breakdown] step 3000
Parameter memory      : 1355.04 MB
Gradient memory       : 0.00 MB
Optimizer state memory: 3.00 MB
GaLore projector mem  : 0.00 MB
CUDA allocated        : 2257.87 MB
CUDA reserved         : 18264.00 MB
CUDA peak allocated   : 17272.64 MB
================================================================================
|===========================================================================|
|                  PyTorch CUDA memory summary, device ID 0                 |
|---------------------------------------------------------------------------|
|            CUDA OOMs: 0            |        cudaMalloc retries: 0         |
|===========================================================================|
|        Metric         | Cur Usage  | Peak Usage | Tot Alloc  | Tot Freed  |
|---------------------------------------------------------------------------|
| Allocated memory      |   2257 MiB |  17272 MiB | 312817 GiB | 312815 GiB |
|       from large pool |   2250 MiB |  17264 MiB | 312148 GiB | 312146 GiB |
|       from small pool |      7 MiB |     10 MiB |    668 GiB |    668 GiB |
|---------------------------------------------------------------------------|
| Active memory         |   2257 MiB |  17272 MiB | 312817 GiB | 312815 GiB |
|       from large pool |   2250 MiB |  17264 MiB | 312148 GiB | 312146 GiB |
|       from small pool |      7 MiB |     10 MiB |    668 GiB |    668 GiB |
|---------------------------------------------------------------------------|
| Requested memory      |   2257 MiB |  17269 MiB | 312806 GiB | 312803 GiB |
|       from large pool |   2249 MiB |  17261 MiB | 312137 GiB | 312135 GiB |
|       from small pool |      7 MiB |     10 MiB |    668 GiB |    668 GiB |
|---------------------------------------------------------------------------|
| GPU reserved memory   |  18264 MiB |  18264 MiB |  18264 MiB |      0 B   |
|       from large pool |  18252 MiB |  18252 MiB |  18252 MiB |      0 B   |
|       from small pool |     12 MiB |     12 MiB |     12 MiB |      0 B   |
|---------------------------------------------------------------------------|
| Non-releasable memory | 141443 KiB |   1855 MiB | 181821 GiB | 181821 GiB |
|       from large pool | 140732 KiB |   1853 MiB | 181147 GiB | 181147 GiB |
|       from small pool |    711 KiB |      3 MiB |    674 GiB |    674 GiB |
|---------------------------------------------------------------------------|
| Allocations           |     470    |     909    |   12899 K  |   12898 K  |
|       from large pool |     125    |     513    |    8618 K  |    8618 K  |
|       from small pool |     345    |     402    |    4280 K  |    4280 K  |
|---------------------------------------------------------------------------|
| Active allocs         |     470    |     909    |   12899 K  |   12898 K  |
|       from large pool |     125    |     513    |    8618 K  |    8618 K  |
|       from small pool |     345    |     402    |    4280 K  |    4280 K  |
|---------------------------------------------------------------------------|
| GPU reserved segments |     230    |     230    |     230    |       0    |
|       from large pool |     224    |     224    |     224    |       0    |
|       from small pool |       6    |       6    |       6    |       0    |
|---------------------------------------------------------------------------|
| Non-releasable allocs |      11    |      47    |    9050 K  |    9050 K  |
|       from large pool |       5    |      39    |    5460 K  |    5460 K  |
|       from small pool |       6    |      11    |    3590 K  |    3590 K  |
|---------------------------------------------------------------------------|
| Oversize allocations  |       0    |       0    |       0    |       0    |
|---------------------------------------------------------------------------|
| Oversize GPU segments |       0    |       0    |       0    |       0    |
|===========================================================================|

| epoch   1 step     3000 |   3000 batches | lr 0.0005 | ms/batch 787.57 | loss  2.68 | avg loss  2.63 | ppl 13.87
saving checkpoint ./trained_models/GPT2_M/e2e/model.3000.pt
================================================================================
[Memory Breakdown] step 3100
Parameter memory      : 1355.04 MB
Gradient memory       : 0.00 MB
Optimizer state memory: 3.00 MB
GaLore projector mem  : 0.00 MB
CUDA allocated        : 2257.87 MB
CUDA reserved         : 18264.00 MB
CUDA peak allocated   : 17272.64 MB
================================================================================
|===========================================================================|
|                  PyTorch CUDA memory summary, device ID 0                 |
|---------------------------------------------------------------------------|
|            CUDA OOMs: 0            |        cudaMalloc retries: 0         |
|===========================================================================|
|        Metric         | Cur Usage  | Peak Usage | Tot Alloc  | Tot Freed  |
|---------------------------------------------------------------------------|
| Allocated memory      |   2257 MiB |  17272 MiB | 322399 GiB | 322397 GiB |
|       from large pool |   2250 MiB |  17264 MiB | 321714 GiB | 321711 GiB |
|       from small pool |      7 MiB |     10 MiB |    685 GiB |    685 GiB |
|---------------------------------------------------------------------------|
| Active memory         |   2257 MiB |  17272 MiB | 322399 GiB | 322397 GiB |
|       from large pool |   2250 MiB |  17264 MiB | 321714 GiB | 321711 GiB |
|       from small pool |      7 MiB |     10 MiB |    685 GiB |    685 GiB |
|---------------------------------------------------------------------------|
| Requested memory      |   2257 MiB |  17269 MiB | 322387 GiB | 322385 GiB |
|       from large pool |   2249 MiB |  17261 MiB | 321702 GiB | 321700 GiB |
|       from small pool |      7 MiB |     10 MiB |    685 GiB |    685 GiB |
|---------------------------------------------------------------------------|
| GPU reserved memory   |  18264 MiB |  18264 MiB |  18264 MiB |      0 B   |
|       from large pool |  18252 MiB |  18252 MiB |  18252 MiB |      0 B   |
|       from small pool |     12 MiB |     12 MiB |     12 MiB |      0 B   |
|---------------------------------------------------------------------------|
| Non-releasable memory | 141443 KiB |   1855 MiB | 187444 GiB | 187444 GiB |
|       from large pool | 140732 KiB |   1853 MiB | 186753 GiB | 186753 GiB |
|       from small pool |    711 KiB |      3 MiB |    691 GiB |    691 GiB |
|---------------------------------------------------------------------------|
| Allocations           |     470    |     909    |   13275 K  |   13275 K  |
|       from large pool |     125    |     513    |    8866 K  |    8866 K  |
|       from small pool |     345    |     402    |    4408 K  |    4408 K  |
|---------------------------------------------------------------------------|
| Active allocs         |     470    |     909    |   13275 K  |   13275 K  |
|       from large pool |     125    |     513    |    8866 K  |    8866 K  |
|       from small pool |     345    |     402    |    4408 K  |    4408 K  |
|---------------------------------------------------------------------------|
| GPU reserved segments |     230    |     230    |     230    |       0    |
|       from large pool |     224    |     224    |     224    |       0    |
|       from small pool |       6    |       6    |       6    |       0    |
|---------------------------------------------------------------------------|
| Non-releasable allocs |      12    |      47    |    9313 K  |    9313 K  |
|       from large pool |       5    |      39    |    5612 K  |    5612 K  |
|       from small pool |       7    |      11    |    3700 K  |    3700 K  |
|---------------------------------------------------------------------------|
| Oversize allocations  |       0    |       0    |       0    |       0    |
|---------------------------------------------------------------------------|
| Oversize GPU segments |       0    |       0    |       0    |       0    |
|===========================================================================|

| epoch   1 step     3100 |   3100 batches | lr 0.0005 | ms/batch 790.84 | loss  2.86 | avg loss  2.63 | ppl 13.89
================================================================================
[Memory Breakdown] step 3200
Parameter memory      : 1355.04 MB
Gradient memory       : 0.00 MB
Optimizer state memory: 3.00 MB
GaLore projector mem  : 0.00 MB
CUDA allocated        : 2257.87 MB
CUDA reserved         : 18264.00 MB
CUDA peak allocated   : 17272.64 MB
================================================================================
|===========================================================================|
|                  PyTorch CUDA memory summary, device ID 0                 |
|---------------------------------------------------------------------------|
|            CUDA OOMs: 0            |        cudaMalloc retries: 0         |
|===========================================================================|
|        Metric         | Cur Usage  | Peak Usage | Tot Alloc  | Tot Freed  |
|---------------------------------------------------------------------------|
| Allocated memory      |   2257 MiB |  17272 MiB | 331981 GiB | 331979 GiB |
|       from large pool |   2250 MiB |  17264 MiB | 331279 GiB | 331277 GiB |
|       from small pool |      7 MiB |     10 MiB |    702 GiB |    702 GiB |
|---------------------------------------------------------------------------|
| Active memory         |   2257 MiB |  17272 MiB | 331981 GiB | 331979 GiB |
|       from large pool |   2250 MiB |  17264 MiB | 331279 GiB | 331277 GiB |
|       from small pool |      7 MiB |     10 MiB |    702 GiB |    702 GiB |
|---------------------------------------------------------------------------|
| Requested memory      |   2257 MiB |  17269 MiB | 331969 GiB | 331967 GiB |
|       from large pool |   2249 MiB |  17261 MiB | 331267 GiB | 331265 GiB |
|       from small pool |      7 MiB |     10 MiB |    702 GiB |    702 GiB |
|---------------------------------------------------------------------------|
| GPU reserved memory   |  18264 MiB |  18264 MiB |  18264 MiB |      0 B   |
|       from large pool |  18252 MiB |  18252 MiB |  18252 MiB |      0 B   |
|       from small pool |     12 MiB |     12 MiB |     12 MiB |      0 B   |
|---------------------------------------------------------------------------|
| Non-releasable memory | 141443 KiB |   1855 MiB | 193068 GiB | 193067 GiB |
|       from large pool | 140732 KiB |   1853 MiB | 192359 GiB | 192359 GiB |
|       from small pool |    711 KiB |      3 MiB |    708 GiB |    708 GiB |
|---------------------------------------------------------------------------|
| Allocations           |     470    |     909    |   13652 K  |   13651 K  |
|       from large pool |     125    |     513    |    9115 K  |    9115 K  |
|       from small pool |     345    |     402    |    4536 K  |    4536 K  |
|---------------------------------------------------------------------------|
| Active allocs         |     470    |     909    |   13652 K  |   13651 K  |
|       from large pool |     125    |     513    |    9115 K  |    9115 K  |
|       from small pool |     345    |     402    |    4536 K  |    4536 K  |
|---------------------------------------------------------------------------|
| GPU reserved segments |     230    |     230    |     230    |       0    |
|       from large pool |     224    |     224    |     224    |       0    |
|       from small pool |       6    |       6    |       6    |       0    |
|---------------------------------------------------------------------------|
| Non-releasable allocs |      12    |      47    |    9575 K  |    9575 K  |
|       from large pool |       5    |      39    |    5765 K  |    5765 K  |
|       from small pool |       7    |      11    |    3810 K  |    3810 K  |
|---------------------------------------------------------------------------|
| Oversize allocations  |       0    |       0    |       0    |       0    |
|---------------------------------------------------------------------------|
| Oversize GPU segments |       0    |       0    |       0    |       0    |
|===========================================================================|

| epoch   1 step     3200 |   3200 batches | lr 0.0005 | ms/batch 786.17 | loss  2.70 | avg loss  2.67 | ppl 14.43
================================================================================
[Memory Breakdown] step 3300
Parameter memory      : 1355.04 MB
Gradient memory       : 0.00 MB
Optimizer state memory: 3.00 MB
GaLore projector mem  : 0.00 MB
CUDA allocated        : 2257.87 MB
CUDA reserved         : 18264.00 MB
CUDA peak allocated   : 17272.64 MB
================================================================================
|===========================================================================|
|                  PyTorch CUDA memory summary, device ID 0                 |
|---------------------------------------------------------------------------|
|            CUDA OOMs: 0            |        cudaMalloc retries: 0         |
|===========================================================================|
|        Metric         | Cur Usage  | Peak Usage | Tot Alloc  | Tot Freed  |
|---------------------------------------------------------------------------|
| Allocated memory      |   2257 MiB |  17272 MiB | 341563 GiB | 341561 GiB |
|       from large pool |   2250 MiB |  17264 MiB | 340844 GiB | 340842 GiB |
|       from small pool |      7 MiB |     10 MiB |    718 GiB |    718 GiB |
|---------------------------------------------------------------------------|
| Active memory         |   2257 MiB |  17272 MiB | 341563 GiB | 341561 GiB |
|       from large pool |   2250 MiB |  17264 MiB | 340844 GiB | 340842 GiB |
|       from small pool |      7 MiB |     10 MiB |    718 GiB |    718 GiB |
|---------------------------------------------------------------------------|
| Requested memory      |   2257 MiB |  17269 MiB | 341551 GiB | 341549 GiB |
|       from large pool |   2249 MiB |  17261 MiB | 340832 GiB | 340830 GiB |
|       from small pool |      7 MiB |     10 MiB |    718 GiB |    718 GiB |
|---------------------------------------------------------------------------|
| GPU reserved memory   |  18264 MiB |  18264 MiB |  18264 MiB |      0 B   |
|       from large pool |  18252 MiB |  18252 MiB |  18252 MiB |      0 B   |
|       from small pool |     12 MiB |     12 MiB |     12 MiB |      0 B   |
|---------------------------------------------------------------------------|
| Non-releasable memory | 141443 KiB |   1855 MiB | 198691 GiB | 198691 GiB |
|       from large pool | 140732 KiB |   1853 MiB | 197966 GiB | 197966 GiB |
|       from small pool |    711 KiB |      3 MiB |    725 GiB |    725 GiB |
|---------------------------------------------------------------------------|
| Allocations           |     470    |     909    |   14028 K  |   14028 K  |
|       from large pool |     125    |     513    |    9363 K  |    9363 K  |
|       from small pool |     345    |     402    |    4664 K  |    4664 K  |
|---------------------------------------------------------------------------|
| Active allocs         |     470    |     909    |   14028 K  |   14028 K  |
|       from large pool |     125    |     513    |    9363 K  |    9363 K  |
|       from small pool |     345    |     402    |    4664 K  |    4664 K  |
|---------------------------------------------------------------------------|
| GPU reserved segments |     230    |     230    |     230    |       0    |
|       from large pool |     224    |     224    |     224    |       0    |
|       from small pool |       6    |       6    |       6    |       0    |
|---------------------------------------------------------------------------|
| Non-releasable allocs |      11    |      47    |    9838 K  |    9838 K  |
|       from large pool |       5    |      39    |    5917 K  |    5917 K  |
|       from small pool |       6    |      11    |    3920 K  |    3920 K  |
|---------------------------------------------------------------------------|
| Oversize allocations  |       0    |       0    |       0    |       0    |
|---------------------------------------------------------------------------|
| Oversize GPU segments |       0    |       0    |       0    |       0    |
|===========================================================================|

| epoch   1 step     3300 |   3300 batches | lr 0.0005 | ms/batch 786.72 | loss  3.05 | avg loss  2.63 | ppl 13.84
================================================================================
[Memory Breakdown] step 3400
Parameter memory      : 1355.04 MB
Gradient memory       : 0.00 MB
Optimizer state memory: 3.00 MB
GaLore projector mem  : 0.00 MB
CUDA allocated        : 2257.87 MB
CUDA reserved         : 18264.00 MB
CUDA peak allocated   : 17272.64 MB
================================================================================
|===========================================================================|
|                  PyTorch CUDA memory summary, device ID 0                 |
|---------------------------------------------------------------------------|
|            CUDA OOMs: 0            |        cudaMalloc retries: 0         |
|===========================================================================|
|        Metric         | Cur Usage  | Peak Usage | Tot Alloc  | Tot Freed  |
|---------------------------------------------------------------------------|
| Allocated memory      |   2257 MiB |  17272 MiB | 351145 GiB | 351143 GiB |
|       from large pool |   2250 MiB |  17264 MiB | 350409 GiB | 350407 GiB |
|       from small pool |      7 MiB |     10 MiB |    735 GiB |    735 GiB |
|---------------------------------------------------------------------------|
| Active memory         |   2257 MiB |  17272 MiB | 351145 GiB | 351143 GiB |
|       from large pool |   2250 MiB |  17264 MiB | 350409 GiB | 350407 GiB |
|       from small pool |      7 MiB |     10 MiB |    735 GiB |    735 GiB |
|---------------------------------------------------------------------------|
| Requested memory      |   2257 MiB |  17269 MiB | 351132 GiB | 351130 GiB |
|       from large pool |   2249 MiB |  17261 MiB | 350397 GiB | 350395 GiB |
|       from small pool |      7 MiB |     10 MiB |    735 GiB |    735 GiB |
|---------------------------------------------------------------------------|
| GPU reserved memory   |  18264 MiB |  18264 MiB |  18264 MiB |      0 B   |
|       from large pool |  18252 MiB |  18252 MiB |  18252 MiB |      0 B   |
|       from small pool |     12 MiB |     12 MiB |     12 MiB |      0 B   |
|---------------------------------------------------------------------------|
| Non-releasable memory | 141443 KiB |   1855 MiB | 204314 GiB | 204314 GiB |
|       from large pool | 140732 KiB |   1853 MiB | 203572 GiB | 203572 GiB |
|       from small pool |    711 KiB |      3 MiB |    742 GiB |    742 GiB |
|---------------------------------------------------------------------------|
| Allocations           |     470    |     909    |   14405 K  |   14404 K  |
|       from large pool |     125    |     513    |    9612 K  |    9612 K  |
|       from small pool |     345    |     402    |    4792 K  |    4792 K  |
|---------------------------------------------------------------------------|
| Active allocs         |     470    |     909    |   14405 K  |   14404 K  |
|       from large pool |     125    |     513    |    9612 K  |    9612 K  |
|       from small pool |     345    |     402    |    4792 K  |    4792 K  |
|---------------------------------------------------------------------------|
| GPU reserved segments |     230    |     230    |     230    |       0    |
|       from large pool |     224    |     224    |     224    |       0    |
|       from small pool |       6    |       6    |       6    |       0    |
|---------------------------------------------------------------------------|
| Non-releasable allocs |      12    |      47    |   10100 K  |   10100 K  |
|       from large pool |       5    |      39    |    6070 K  |    6070 K  |
|       from small pool |       7    |      11    |    4030 K  |    4030 K  |
|---------------------------------------------------------------------------|
| Oversize allocations  |       0    |       0    |       0    |       0    |
|---------------------------------------------------------------------------|
| Oversize GPU segments |       0    |       0    |       0    |       0    |
|===========================================================================|

| epoch   1 step     3400 |   3400 batches | lr 0.0005 | ms/batch 786.49 | loss  2.61 | avg loss  2.63 | ppl 13.88
================================================================================
[Memory Breakdown] step 3500
Parameter memory      : 1355.04 MB
Gradient memory       : 0.00 MB
Optimizer state memory: 3.00 MB
GaLore projector mem  : 0.00 MB
CUDA allocated        : 2257.87 MB
CUDA reserved         : 18264.00 MB
CUDA peak allocated   : 17272.64 MB
================================================================================
|===========================================================================|
|                  PyTorch CUDA memory summary, device ID 0                 |
|---------------------------------------------------------------------------|
|            CUDA OOMs: 0            |        cudaMalloc retries: 0         |
|===========================================================================|
|        Metric         | Cur Usage  | Peak Usage | Tot Alloc  | Tot Freed  |
|---------------------------------------------------------------------------|
| Allocated memory      |   2257 MiB |  17272 MiB | 360727 GiB | 360725 GiB |
|       from large pool |   2250 MiB |  17264 MiB | 359975 GiB | 359973 GiB |
|       from small pool |      7 MiB |     10 MiB |    752 GiB |    752 GiB |
|---------------------------------------------------------------------------|
| Active memory         |   2257 MiB |  17272 MiB | 360727 GiB | 360725 GiB |
|       from large pool |   2250 MiB |  17264 MiB | 359975 GiB | 359973 GiB |
|       from small pool |      7 MiB |     10 MiB |    752 GiB |    752 GiB |
|---------------------------------------------------------------------------|
| Requested memory      |   2257 MiB |  17269 MiB | 360714 GiB | 360712 GiB |
|       from large pool |   2249 MiB |  17261 MiB | 359962 GiB | 359960 GiB |
|       from small pool |      7 MiB |     10 MiB |    752 GiB |    752 GiB |
|---------------------------------------------------------------------------|
| GPU reserved memory   |  18264 MiB |  18264 MiB |  18264 MiB |      0 B   |
|       from large pool |  18252 MiB |  18252 MiB |  18252 MiB |      0 B   |
|       from small pool |     12 MiB |     12 MiB |     12 MiB |      0 B   |
|---------------------------------------------------------------------------|
| Non-releasable memory | 141443 KiB |   1855 MiB | 209937 GiB | 209937 GiB |
|       from large pool | 140732 KiB |   1853 MiB | 209178 GiB | 209178 GiB |
|       from small pool |    711 KiB |      3 MiB |    758 GiB |    758 GiB |
|---------------------------------------------------------------------------|
| Allocations           |     470    |     909    |   14781 K  |   14781 K  |
|       from large pool |     125    |     513    |    9860 K  |    9860 K  |
|       from small pool |     345    |     402    |    4920 K  |    4920 K  |
|---------------------------------------------------------------------------|
| Active allocs         |     470    |     909    |   14781 K  |   14781 K  |
|       from large pool |     125    |     513    |    9860 K  |    9860 K  |
|       from small pool |     345    |     402    |    4920 K  |    4920 K  |
|---------------------------------------------------------------------------|
| GPU reserved segments |     230    |     230    |     230    |       0    |
|       from large pool |     224    |     224    |     224    |       0    |
|       from small pool |       6    |       6    |       6    |       0    |
|---------------------------------------------------------------------------|
| Non-releasable allocs |      12    |      47    |   10362 K  |   10362 K  |
|       from large pool |       5    |      39    |    6222 K  |    6222 K  |
|       from small pool |       7    |      11    |    4140 K  |    4140 K  |
|---------------------------------------------------------------------------|
| Oversize allocations  |       0    |       0    |       0    |       0    |
|---------------------------------------------------------------------------|
| Oversize GPU segments |       0    |       0    |       0    |       0    |
|===========================================================================|

| epoch   1 step     3500 |   3500 batches | lr 0.0005 | ms/batch 786.58 | loss  2.36 | avg loss  2.66 | ppl 14.34
================================================================================
[Memory Breakdown] step 3600
Parameter memory      : 1355.04 MB
Gradient memory       : 0.00 MB
Optimizer state memory: 3.00 MB
GaLore projector mem  : 0.00 MB
CUDA allocated        : 2257.87 MB
CUDA reserved         : 18264.00 MB
CUDA peak allocated   : 17272.64 MB
================================================================================
|===========================================================================|
|                  PyTorch CUDA memory summary, device ID 0                 |
|---------------------------------------------------------------------------|
|            CUDA OOMs: 0            |        cudaMalloc retries: 0         |
|===========================================================================|
|        Metric         | Cur Usage  | Peak Usage | Tot Alloc  | Tot Freed  |
|---------------------------------------------------------------------------|
| Allocated memory      |   2257 MiB |  17272 MiB | 370309 GiB | 370307 GiB |
|       from large pool |   2250 MiB |  17264 MiB | 369540 GiB | 369538 GiB |
|       from small pool |      7 MiB |     10 MiB |    769 GiB |    769 GiB |
|---------------------------------------------------------------------------|
| Active memory         |   2257 MiB |  17272 MiB | 370309 GiB | 370307 GiB |
|       from large pool |   2250 MiB |  17264 MiB | 369540 GiB | 369538 GiB |
|       from small pool |      7 MiB |     10 MiB |    769 GiB |    769 GiB |
|---------------------------------------------------------------------------|
| Requested memory      |   2257 MiB |  17269 MiB | 370296 GiB | 370294 GiB |
|       from large pool |   2249 MiB |  17261 MiB | 369527 GiB | 369525 GiB |
|       from small pool |      7 MiB |     10 MiB |    769 GiB |    769 GiB |
|---------------------------------------------------------------------------|
| GPU reserved memory   |  18264 MiB |  18264 MiB |  18264 MiB |      0 B   |
|       from large pool |  18252 MiB |  18252 MiB |  18252 MiB |      0 B   |
|       from small pool |     12 MiB |     12 MiB |     12 MiB |      0 B   |
|---------------------------------------------------------------------------|
| Non-releasable memory | 141443 KiB |   1855 MiB | 215561 GiB | 215560 GiB |
|       from large pool | 140732 KiB |   1853 MiB | 214785 GiB | 214784 GiB |
|       from small pool |    711 KiB |      3 MiB |    775 GiB |    775 GiB |
|---------------------------------------------------------------------------|
| Allocations           |     470    |     909    |   15158 K  |   15157 K  |
|       from large pool |     125    |     513    |   10109 K  |   10109 K  |
|       from small pool |     345    |     402    |    5048 K  |    5048 K  |
|---------------------------------------------------------------------------|
| Active allocs         |     470    |     909    |   15158 K  |   15157 K  |
|       from large pool |     125    |     513    |   10109 K  |   10109 K  |
|       from small pool |     345    |     402    |    5048 K  |    5048 K  |
|---------------------------------------------------------------------------|
| GPU reserved segments |     230    |     230    |     230    |       0    |
|       from large pool |     224    |     224    |     224    |       0    |
|       from small pool |       6    |       6    |       6    |       0    |
|---------------------------------------------------------------------------|
| Non-releasable allocs |      11    |      47    |   10625 K  |   10625 K  |
|       from large pool |       5    |      39    |    6375 K  |    6375 K  |
|       from small pool |       6    |      11    |    4250 K  |    4250 K  |
|---------------------------------------------------------------------------|
| Oversize allocations  |       0    |       0    |       0    |       0    |
|---------------------------------------------------------------------------|
| Oversize GPU segments |       0    |       0    |       0    |       0    |
|===========================================================================|

| epoch   1 step     3600 |   3600 batches | lr 0.0005 | ms/batch 786.54 | loss  2.54 | avg loss  2.66 | ppl 14.32
================================================================================
[Memory Breakdown] step 3700
Parameter memory      : 1355.04 MB
Gradient memory       : 0.00 MB
Optimizer state memory: 3.00 MB
GaLore projector mem  : 0.00 MB
CUDA allocated        : 2257.87 MB
CUDA reserved         : 18264.00 MB
CUDA peak allocated   : 17272.64 MB
================================================================================
|===========================================================================|
|                  PyTorch CUDA memory summary, device ID 0                 |
|---------------------------------------------------------------------------|
|            CUDA OOMs: 0            |        cudaMalloc retries: 0         |
|===========================================================================|
|        Metric         | Cur Usage  | Peak Usage | Tot Alloc  | Tot Freed  |
|---------------------------------------------------------------------------|
| Allocated memory      |   2257 MiB |  17272 MiB | 379891 GiB | 379889 GiB |
|       from large pool |   2250 MiB |  17264 MiB | 379105 GiB | 379103 GiB |
|       from small pool |      7 MiB |     10 MiB |    785 GiB |    785 GiB |
|---------------------------------------------------------------------------|
| Active memory         |   2257 MiB |  17272 MiB | 379891 GiB | 379889 GiB |
|       from large pool |   2250 MiB |  17264 MiB | 379105 GiB | 379103 GiB |
|       from small pool |      7 MiB |     10 MiB |    785 GiB |    785 GiB |
|---------------------------------------------------------------------------|
| Requested memory      |   2257 MiB |  17269 MiB | 379877 GiB | 379875 GiB |
|       from large pool |   2249 MiB |  17261 MiB | 379092 GiB | 379089 GiB |
|       from small pool |      7 MiB |     10 MiB |    785 GiB |    785 GiB |
|---------------------------------------------------------------------------|
| GPU reserved memory   |  18264 MiB |  18264 MiB |  18264 MiB |      0 B   |
|       from large pool |  18252 MiB |  18252 MiB |  18252 MiB |      0 B   |
|       from small pool |     12 MiB |     12 MiB |     12 MiB |      0 B   |
|---------------------------------------------------------------------------|
| Non-releasable memory | 141443 KiB |   1855 MiB | 221184 GiB | 221184 GiB |
|       from large pool | 140732 KiB |   1853 MiB | 220391 GiB | 220391 GiB |
|       from small pool |    711 KiB |      3 MiB |    792 GiB |    792 GiB |
|---------------------------------------------------------------------------|
| Allocations           |     470    |     909    |   15534 K  |   15534 K  |
|       from large pool |     125    |     513    |   10357 K  |   10357 K  |
|       from small pool |     345    |     402    |    5176 K  |    5176 K  |
|---------------------------------------------------------------------------|
| Active allocs         |     470    |     909    |   15534 K  |   15534 K  |
|       from large pool |     125    |     513    |   10357 K  |   10357 K  |
|       from small pool |     345    |     402    |    5176 K  |    5176 K  |
|---------------------------------------------------------------------------|
| GPU reserved segments |     230    |     230    |     230    |       0    |
|       from large pool |     224    |     224    |     224    |       0    |
|       from small pool |       6    |       6    |       6    |       0    |
|---------------------------------------------------------------------------|
| Non-releasable allocs |      12    |      47    |   10887 K  |   10887 K  |
|       from large pool |       5    |      39    |    6527 K  |    6527 K  |
|       from small pool |       7    |      11    |    4360 K  |    4360 K  |
|---------------------------------------------------------------------------|
| Oversize allocations  |       0    |       0    |       0    |       0    |
|---------------------------------------------------------------------------|
| Oversize GPU segments |       0    |       0    |       0    |       0    |
|===========================================================================|

| epoch   1 step     3700 |   3700 batches | lr 0.0005 | ms/batch 784.84 | loss  2.58 | avg loss  2.64 | ppl 13.97
================================================================================
[Memory Breakdown] step 3800
Parameter memory      : 1355.04 MB
Gradient memory       : 0.00 MB
Optimizer state memory: 3.00 MB
GaLore projector mem  : 0.00 MB
CUDA allocated        : 2257.87 MB
CUDA reserved         : 18264.00 MB
CUDA peak allocated   : 17272.64 MB
================================================================================
|===========================================================================|
|                  PyTorch CUDA memory summary, device ID 0                 |
|---------------------------------------------------------------------------|
|            CUDA OOMs: 0            |        cudaMalloc retries: 0         |
|===========================================================================|
|        Metric         | Cur Usage  | Peak Usage | Tot Alloc  | Tot Freed  |
|---------------------------------------------------------------------------|
| Allocated memory      |   2257 MiB |  17272 MiB | 389473 GiB | 389471 GiB |
|       from large pool |   2250 MiB |  17264 MiB | 388671 GiB | 388668 GiB |
|       from small pool |      7 MiB |     10 MiB |    802 GiB |    802 GiB |
|---------------------------------------------------------------------------|
| Active memory         |   2257 MiB |  17272 MiB | 389473 GiB | 389471 GiB |
|       from large pool |   2250 MiB |  17264 MiB | 388671 GiB | 388668 GiB |
|       from small pool |      7 MiB |     10 MiB |    802 GiB |    802 GiB |
|---------------------------------------------------------------------------|
| Requested memory      |   2257 MiB |  17269 MiB | 389459 GiB | 389457 GiB |
|       from large pool |   2249 MiB |  17261 MiB | 388657 GiB | 388654 GiB |
|       from small pool |      7 MiB |     10 MiB |    802 GiB |    802 GiB |
|---------------------------------------------------------------------------|
| GPU reserved memory   |  18264 MiB |  18264 MiB |  18264 MiB |      0 B   |
|       from large pool |  18252 MiB |  18252 MiB |  18252 MiB |      0 B   |
|       from small pool |     12 MiB |     12 MiB |     12 MiB |      0 B   |
|---------------------------------------------------------------------------|
| Non-releasable memory | 141443 KiB |   1855 MiB | 226807 GiB | 226807 GiB |
|       from large pool | 140732 KiB |   1853 MiB | 225997 GiB | 225997 GiB |
|       from small pool |    711 KiB |      3 MiB |    809 GiB |    809 GiB |
|---------------------------------------------------------------------------|
| Allocations           |     470    |     909    |   15911 K  |   15910 K  |
|       from large pool |     125    |     513    |   10606 K  |   10606 K  |
|       from small pool |     345    |     402    |    5304 K  |    5304 K  |
|---------------------------------------------------------------------------|
| Active allocs         |     470    |     909    |   15911 K  |   15910 K  |
|       from large pool |     125    |     513    |   10606 K  |   10606 K  |
|       from small pool |     345    |     402    |    5304 K  |    5304 K  |
|---------------------------------------------------------------------------|
| GPU reserved segments |     230    |     230    |     230    |       0    |
|       from large pool |     224    |     224    |     224    |       0    |
|       from small pool |       6    |       6    |       6    |       0    |
|---------------------------------------------------------------------------|
| Non-releasable allocs |      12    |      47    |   11150 K  |   11150 K  |
|       from large pool |       5    |      39    |    6680 K  |    6680 K  |
|       from small pool |       7    |      11    |    4470 K  |    4470 K  |
|---------------------------------------------------------------------------|
| Oversize allocations  |       0    |       0    |       0    |       0    |
|---------------------------------------------------------------------------|
| Oversize GPU segments |       0    |       0    |       0    |       0    |
|===========================================================================|

| epoch   1 step     3800 |   3800 batches | lr 0.0005 | ms/batch 784.79 | loss  2.57 | avg loss  2.59 | ppl 13.37
================================================================================
[Memory Breakdown] step 3900
Parameter memory      : 1355.04 MB
Gradient memory       : 0.00 MB
Optimizer state memory: 3.00 MB
GaLore projector mem  : 0.00 MB
CUDA allocated        : 2257.87 MB
CUDA reserved         : 18264.00 MB
CUDA peak allocated   : 17272.64 MB
================================================================================
|===========================================================================|
|                  PyTorch CUDA memory summary, device ID 0                 |
|---------------------------------------------------------------------------|
|            CUDA OOMs: 0            |        cudaMalloc retries: 0         |
|===========================================================================|
|        Metric         | Cur Usage  | Peak Usage | Tot Alloc  | Tot Freed  |
|---------------------------------------------------------------------------|
| Allocated memory      |   2257 MiB |  17272 MiB | 399055 GiB | 399053 GiB |
|       from large pool |   2250 MiB |  17264 MiB | 398236 GiB | 398234 GiB |
|       from small pool |      7 MiB |     10 MiB |    819 GiB |    819 GiB |
|---------------------------------------------------------------------------|
| Active memory         |   2257 MiB |  17272 MiB | 399055 GiB | 399053 GiB |
|       from large pool |   2250 MiB |  17264 MiB | 398236 GiB | 398234 GiB |
|       from small pool |      7 MiB |     10 MiB |    819 GiB |    819 GiB |
|---------------------------------------------------------------------------|
| Requested memory      |   2257 MiB |  17269 MiB | 399041 GiB | 399039 GiB |
|       from large pool |   2249 MiB |  17261 MiB | 398222 GiB | 398219 GiB |
|       from small pool |      7 MiB |     10 MiB |    819 GiB |    819 GiB |
|---------------------------------------------------------------------------|
| GPU reserved memory   |  18264 MiB |  18264 MiB |  18264 MiB |      0 B   |
|       from large pool |  18252 MiB |  18252 MiB |  18252 MiB |      0 B   |
|       from small pool |     12 MiB |     12 MiB |     12 MiB |      0 B   |
|---------------------------------------------------------------------------|
| Non-releasable memory | 141443 KiB |   1855 MiB | 232430 GiB | 232430 GiB |
|       from large pool | 140732 KiB |   1853 MiB | 231603 GiB | 231603 GiB |
|       from small pool |    711 KiB |      3 MiB |    826 GiB |    826 GiB |
|---------------------------------------------------------------------------|
| Allocations           |     470    |     909    |   16287 K  |   16287 K  |
|       from large pool |     125    |     513    |   10854 K  |   10854 K  |
|       from small pool |     345    |     402    |    5432 K  |    5432 K  |
|---------------------------------------------------------------------------|
| Active allocs         |     470    |     909    |   16287 K  |   16287 K  |
|       from large pool |     125    |     513    |   10854 K  |   10854 K  |
|       from small pool |     345    |     402    |    5432 K  |    5432 K  |
|---------------------------------------------------------------------------|
| GPU reserved segments |     230    |     230    |     230    |       0    |
|       from large pool |     224    |     224    |     224    |       0    |
|       from small pool |       6    |       6    |       6    |       0    |
|---------------------------------------------------------------------------|
| Non-releasable allocs |      11    |      47    |   11412 K  |   11412 K  |
|       from large pool |       5    |      39    |    6832 K  |    6832 K  |
|       from small pool |       6    |      11    |    4579 K  |    4579 K  |
|---------------------------------------------------------------------------|
| Oversize allocations  |       0    |       0    |       0    |       0    |
|---------------------------------------------------------------------------|
| Oversize GPU segments |       0    |       0    |       0    |       0    |
|===========================================================================|

| epoch   1 step     3900 |   3900 batches | lr 0.0005 | ms/batch 785.05 | loss  2.27 | avg loss  2.67 | ppl 14.46
================================================================================
[Memory Breakdown] step 4000
Parameter memory      : 1355.04 MB
Gradient memory       : 0.00 MB
Optimizer state memory: 3.00 MB
GaLore projector mem  : 0.00 MB
CUDA allocated        : 2257.87 MB
CUDA reserved         : 18264.00 MB
CUDA peak allocated   : 17272.64 MB
================================================================================
|===========================================================================|
|                  PyTorch CUDA memory summary, device ID 0                 |
|---------------------------------------------------------------------------|
|            CUDA OOMs: 0            |        cudaMalloc retries: 0         |
|===========================================================================|
|        Metric         | Cur Usage  | Peak Usage | Tot Alloc  | Tot Freed  |
|---------------------------------------------------------------------------|
| Allocated memory      |   2257 MiB |  17272 MiB | 408637 GiB | 408635 GiB |
|       from large pool |   2250 MiB |  17264 MiB | 407801 GiB | 407799 GiB |
|       from small pool |      7 MiB |     10 MiB |    835 GiB |    835 GiB |
|---------------------------------------------------------------------------|
| Active memory         |   2257 MiB |  17272 MiB | 408637 GiB | 408635 GiB |
|       from large pool |   2250 MiB |  17264 MiB | 407801 GiB | 407799 GiB |
|       from small pool |      7 MiB |     10 MiB |    835 GiB |    835 GiB |
|---------------------------------------------------------------------------|
| Requested memory      |   2257 MiB |  17269 MiB | 408622 GiB | 408620 GiB |
|       from large pool |   2249 MiB |  17261 MiB | 407786 GiB | 407784 GiB |
|       from small pool |      7 MiB |     10 MiB |    835 GiB |    835 GiB |
|---------------------------------------------------------------------------|
| GPU reserved memory   |  18264 MiB |  18264 MiB |  18264 MiB |      0 B   |
|       from large pool |  18252 MiB |  18252 MiB |  18252 MiB |      0 B   |
|       from small pool |     12 MiB |     12 MiB |     12 MiB |      0 B   |
|---------------------------------------------------------------------------|
| Non-releasable memory | 141443 KiB |   1855 MiB | 238053 GiB | 238053 GiB |
|       from large pool | 140732 KiB |   1853 MiB | 237210 GiB | 237210 GiB |
|       from small pool |    711 KiB |      3 MiB |    843 GiB |    843 GiB |
|---------------------------------------------------------------------------|
| Allocations           |     470    |     909    |   16664 K  |   16663 K  |
|       from large pool |     125    |     513    |   11103 K  |   11103 K  |
|       from small pool |     345    |     402    |    5560 K  |    5560 K  |
|---------------------------------------------------------------------------|
| Active allocs         |     470    |     909    |   16664 K  |   16663 K  |
|       from large pool |     125    |     513    |   11103 K  |   11103 K  |
|       from small pool |     345    |     402    |    5560 K  |    5560 K  |
|---------------------------------------------------------------------------|
| GPU reserved segments |     230    |     230    |     230    |       0    |
|       from large pool |     224    |     224    |     224    |       0    |
|       from small pool |       6    |       6    |       6    |       0    |
|---------------------------------------------------------------------------|
| Non-releasable allocs |      12    |      47    |   11675 K  |   11675 K  |
|       from large pool |       5    |      39    |    6985 K  |    6985 K  |
|       from small pool |       7    |      11    |    4689 K  |    4689 K  |
|---------------------------------------------------------------------------|
| Oversize allocations  |       0    |       0    |       0    |       0    |
|---------------------------------------------------------------------------|
| Oversize GPU segments |       0    |       0    |       0    |       0    |
|===========================================================================|

| epoch   1 step     4000 |   4000 batches | lr 0.0005 | ms/batch 780.69 | loss  2.67 | avg loss  2.67 | ppl 14.46
saving checkpoint ./trained_models/GPT2_M/e2e/model.4000.pt
eval samples: 0 loss: tensor(1.2674, device='cuda:0')
eval samples: 100 loss: tensor(0.8591, device='cuda:0')
eval samples: 200 loss: tensor(1.3803, device='cuda:0')
eval samples: 300 loss: tensor(1.2223, device='cuda:0')
eval samples: 400 loss: tensor(0.9666, device='cuda:0')
eval samples: 500 loss: tensor(0.6151, device='cuda:0')
eval samples: 600 loss: tensor(1.2766, device='cuda:0')
eval samples: 700 loss: tensor(0.7452, device='cuda:0')
eval samples: 800 loss: tensor(1.2028, device='cuda:0')
eval samples: 900 loss: tensor(1.8512, device='cuda:0')
eval samples: 1000 loss: tensor(0.9699, device='cuda:0')
eval samples: 1100 loss: tensor(1.5258, device='cuda:0')
average loss 1.2733841520568279
----------------------------------------------------------------------------------------------------
| Eval   2 at step     4000 | time: 203.90s | valid loss  1.27 | valid ppl  3.57 | best ppl  3.57 
----------------------------------------------------------------------------------------------------
================================================================================
[Memory Breakdown] step 4100
Parameter memory      : 1355.04 MB
Gradient memory       : 0.00 MB
Optimizer state memory: 3.00 MB
GaLore projector mem  : 0.00 MB
CUDA allocated        : 2257.87 MB
CUDA reserved         : 18264.00 MB
CUDA peak allocated   : 17272.64 MB
================================================================================
|===========================================================================|
|                  PyTorch CUDA memory summary, device ID 0                 |
|---------------------------------------------------------------------------|
|            CUDA OOMs: 0            |        cudaMalloc retries: 0         |
|===========================================================================|
|        Metric         | Cur Usage  | Peak Usage | Tot Alloc  | Tot Freed  |
|---------------------------------------------------------------------------|
| Allocated memory      |   2257 MiB |  17272 MiB | 443573 GiB | 443570 GiB |
|       from large pool |   2250 MiB |  17264 MiB | 442553 GiB | 442551 GiB |
|       from small pool |      7 MiB |     10 MiB |   1019 GiB |   1019 GiB |
|---------------------------------------------------------------------------|
| Active memory         |   2257 MiB |  17272 MiB | 443573 GiB | 443570 GiB |
|       from large pool |   2250 MiB |  17264 MiB | 442553 GiB | 442551 GiB |
|       from small pool |      7 MiB |     10 MiB |   1019 GiB |   1019 GiB |
|---------------------------------------------------------------------------|
| Requested memory      |   2257 MiB |  17269 MiB | 443557 GiB | 443555 GiB |
|       from large pool |   2249 MiB |  17261 MiB | 442538 GiB | 442536 GiB |
|       from small pool |      7 MiB |     10 MiB |   1019 GiB |   1019 GiB |
|---------------------------------------------------------------------------|
| GPU reserved memory   |  18264 MiB |  18264 MiB |  18264 MiB |      0 B   |
|       from large pool |  18252 MiB |  18252 MiB |  18252 MiB |      0 B   |
|       from small pool |     12 MiB |     12 MiB |     12 MiB |      0 B   |
|---------------------------------------------------------------------------|
| Non-releasable memory | 141443 KiB |   1855 MiB | 256817 GiB | 256817 GiB |
|       from large pool | 140732 KiB |   1853 MiB | 255790 GiB | 255790 GiB |
|       from small pool |    711 KiB |      3 MiB |   1027 GiB |   1027 GiB |
|---------------------------------------------------------------------------|
| Allocations           |     470    |     909    |   18644 K  |   18644 K  |
|       from large pool |     125    |     513    |   12515 K  |   12515 K  |
|       from small pool |     345    |     402    |    6129 K  |    6129 K  |
|---------------------------------------------------------------------------|
| Active allocs         |     470    |     909    |   18644 K  |   18644 K  |
|       from large pool |     125    |     513    |   12515 K  |   12515 K  |
|       from small pool |     345    |     402    |    6129 K  |    6129 K  |
|---------------------------------------------------------------------------|
| GPU reserved segments |     230    |     230    |     230    |       0    |
|       from large pool |     224    |     224    |     224    |       0    |
|       from small pool |       6    |       6    |       6    |       0    |
|---------------------------------------------------------------------------|
| Non-releasable allocs |      12    |      47    |   13127 K  |   13127 K  |
|       from large pool |       5    |      39    |    8023 K  |    8023 K  |
|       from small pool |       7    |      11    |    5104 K  |    5104 K  |
|---------------------------------------------------------------------------|
| Oversize allocations  |       0    |       0    |       0    |       0    |
|---------------------------------------------------------------------------|
| Oversize GPU segments |       0    |       0    |       0    |       0    |
|===========================================================================|

| epoch   1 step     4100 |   4100 batches | lr 0.0005 | ms/batch 2821.02 | loss  2.78 | avg loss  2.62 | ppl 13.78
================================================================================
[Memory Breakdown] step 4200
Parameter memory      : 1355.04 MB
Gradient memory       : 0.00 MB
Optimizer state memory: 3.00 MB
GaLore projector mem  : 0.00 MB
CUDA allocated        : 2257.87 MB
CUDA reserved         : 18264.00 MB
CUDA peak allocated   : 17272.64 MB
================================================================================
|===========================================================================|
|                  PyTorch CUDA memory summary, device ID 0                 |
|---------------------------------------------------------------------------|
|            CUDA OOMs: 0            |        cudaMalloc retries: 0         |
|===========================================================================|
|        Metric         | Cur Usage  | Peak Usage | Tot Alloc  | Tot Freed  |
|---------------------------------------------------------------------------|
| Allocated memory      |   2257 MiB |  17272 MiB | 453155 GiB | 453152 GiB |
|       from large pool |   2250 MiB |  17264 MiB | 452119 GiB | 452117 GiB |
|       from small pool |      7 MiB |     10 MiB |   1035 GiB |   1035 GiB |
|---------------------------------------------------------------------------|
| Active memory         |   2257 MiB |  17272 MiB | 453155 GiB | 453152 GiB |
|       from large pool |   2250 MiB |  17264 MiB | 452119 GiB | 452117 GiB |
|       from small pool |      7 MiB |     10 MiB |   1035 GiB |   1035 GiB |
|---------------------------------------------------------------------------|
| Requested memory      |   2257 MiB |  17269 MiB | 453139 GiB | 453137 GiB |
|       from large pool |   2249 MiB |  17261 MiB | 452103 GiB | 452101 GiB |
|       from small pool |      7 MiB |     10 MiB |   1035 GiB |   1035 GiB |
|---------------------------------------------------------------------------|
| GPU reserved memory   |  18264 MiB |  18264 MiB |  18264 MiB |      0 B   |
|       from large pool |  18252 MiB |  18252 MiB |  18252 MiB |      0 B   |
|       from small pool |     12 MiB |     12 MiB |     12 MiB |      0 B   |
|---------------------------------------------------------------------------|
| Non-releasable memory | 141443 KiB |   1855 MiB | 262440 GiB | 262440 GiB |
|       from large pool | 140732 KiB |   1853 MiB | 261396 GiB | 261396 GiB |
|       from small pool |    711 KiB |      3 MiB |   1043 GiB |   1043 GiB |
|---------------------------------------------------------------------------|
| Allocations           |     470    |     909    |   19021 K  |   19020 K  |
|       from large pool |     125    |     513    |   12763 K  |   12763 K  |
|       from small pool |     345    |     402    |    6257 K  |    6257 K  |
|---------------------------------------------------------------------------|
| Active allocs         |     470    |     909    |   19021 K  |   19020 K  |
|       from large pool |     125    |     513    |   12763 K  |   12763 K  |
|       from small pool |     345    |     402    |    6257 K  |    6257 K  |
|---------------------------------------------------------------------------|
| GPU reserved segments |     230    |     230    |     230    |       0    |
|       from large pool |     224    |     224    |     224    |       0    |
|       from small pool |       6    |       6    |       6    |       0    |
|---------------------------------------------------------------------------|
| Non-releasable allocs |      11    |      47    |   13390 K  |   13390 K  |
|       from large pool |       5    |      39    |    8175 K  |    8175 K  |
|       from small pool |       6    |      11    |    5214 K  |    5214 K  |
|---------------------------------------------------------------------------|
| Oversize allocations  |       0    |       0    |       0    |       0    |
|---------------------------------------------------------------------------|
| Oversize GPU segments |       0    |       0    |       0    |       0    |
|===========================================================================|

| epoch   1 step     4200 |   4200 batches | lr 0.0005 | ms/batch 777.31 | loss  2.71 | avg loss  2.63 | ppl 13.94
================================================================================
[Memory Breakdown] step 4300
Parameter memory      : 1355.04 MB
Gradient memory       : 0.00 MB
Optimizer state memory: 3.00 MB
GaLore projector mem  : 0.00 MB
CUDA allocated        : 2257.87 MB
CUDA reserved         : 18264.00 MB
CUDA peak allocated   : 17272.64 MB
================================================================================
|===========================================================================|
|                  PyTorch CUDA memory summary, device ID 0                 |
|---------------------------------------------------------------------------|
|            CUDA OOMs: 0            |        cudaMalloc retries: 0         |
|===========================================================================|
|        Metric         | Cur Usage  | Peak Usage | Tot Alloc  | Tot Freed  |
|---------------------------------------------------------------------------|
| Allocated memory      |   2257 MiB |  17272 MiB | 462737 GiB | 462735 GiB |
|       from large pool |   2250 MiB |  17264 MiB | 461684 GiB | 461682 GiB |
|       from small pool |      7 MiB |     10 MiB |   1052 GiB |   1052 GiB |
|---------------------------------------------------------------------------|
| Active memory         |   2257 MiB |  17272 MiB | 462737 GiB | 462735 GiB |
|       from large pool |   2250 MiB |  17264 MiB | 461684 GiB | 461682 GiB |
|       from small pool |      7 MiB |     10 MiB |   1052 GiB |   1052 GiB |
|---------------------------------------------------------------------------|
| Requested memory      |   2257 MiB |  17269 MiB | 462720 GiB | 462718 GiB |
|       from large pool |   2249 MiB |  17261 MiB | 461668 GiB | 461666 GiB |
|       from small pool |      7 MiB |     10 MiB |   1052 GiB |   1052 GiB |
|---------------------------------------------------------------------------|
| GPU reserved memory   |  18264 MiB |  18264 MiB |  18264 MiB |      0 B   |
|       from large pool |  18252 MiB |  18252 MiB |  18252 MiB |      0 B   |
|       from small pool |     12 MiB |     12 MiB |     12 MiB |      0 B   |
|---------------------------------------------------------------------------|
| Non-releasable memory | 141443 KiB |   1855 MiB | 268063 GiB | 268063 GiB |
|       from large pool | 140732 KiB |   1853 MiB | 267003 GiB | 267002 GiB |
|       from small pool |    711 KiB |      3 MiB |   1060 GiB |   1060 GiB |
|---------------------------------------------------------------------------|
| Allocations           |     470    |     909    |   19397 K  |   19397 K  |
|       from large pool |     125    |     513    |   13012 K  |   13012 K  |
|       from small pool |     345    |     402    |    6385 K  |    6385 K  |
|---------------------------------------------------------------------------|
| Active allocs         |     470    |     909    |   19397 K  |   19397 K  |
|       from large pool |     125    |     513    |   13012 K  |   13012 K  |
|       from small pool |     345    |     402    |    6385 K  |    6385 K  |
|---------------------------------------------------------------------------|
| GPU reserved segments |     230    |     230    |     230    |       0    |
|       from large pool |     224    |     224    |     224    |       0    |
|       from small pool |       6    |       6    |       6    |       0    |
|---------------------------------------------------------------------------|
| Non-releasable allocs |      12    |      47    |   13652 K  |   13652 K  |
|       from large pool |       5    |      39    |    8328 K  |    8328 K  |
|       from small pool |       7    |      11    |    5324 K  |    5324 K  |
|---------------------------------------------------------------------------|
| Oversize allocations  |       0    |       0    |       0    |       0    |
|---------------------------------------------------------------------------|
| Oversize GPU segments |       0    |       0    |       0    |       0    |
|===========================================================================|

| epoch   1 step     4300 |   4300 batches | lr 0.0005 | ms/batch 777.15 | loss  2.43 | avg loss  2.59 | ppl 13.36
================================================================================
[Memory Breakdown] step 4400
Parameter memory      : 1355.04 MB
Gradient memory       : 0.00 MB
Optimizer state memory: 3.00 MB
GaLore projector mem  : 0.00 MB
CUDA allocated        : 2257.87 MB
CUDA reserved         : 18264.00 MB
CUDA peak allocated   : 17272.64 MB
================================================================================
|===========================================================================|
|                  PyTorch CUDA memory summary, device ID 0                 |
|---------------------------------------------------------------------------|
|            CUDA OOMs: 0            |        cudaMalloc retries: 0         |
|===========================================================================|
|        Metric         | Cur Usage  | Peak Usage | Tot Alloc  | Tot Freed  |
|---------------------------------------------------------------------------|
| Allocated memory      |   2257 MiB |  17272 MiB | 472319 GiB | 472317 GiB |
|       from large pool |   2250 MiB |  17264 MiB | 471249 GiB | 471247 GiB |
|       from small pool |      7 MiB |     10 MiB |   1069 GiB |   1069 GiB |
|---------------------------------------------------------------------------|
| Active memory         |   2257 MiB |  17272 MiB | 472319 GiB | 472317 GiB |
|       from large pool |   2250 MiB |  17264 MiB | 471249 GiB | 471247 GiB |
|       from small pool |      7 MiB |     10 MiB |   1069 GiB |   1069 GiB |
|---------------------------------------------------------------------------|
| Requested memory      |   2257 MiB |  17269 MiB | 472302 GiB | 472300 GiB |
|       from large pool |   2249 MiB |  17261 MiB | 471233 GiB | 471230 GiB |
|       from small pool |      7 MiB |     10 MiB |   1069 GiB |   1069 GiB |
|---------------------------------------------------------------------------|
| GPU reserved memory   |  18264 MiB |  18264 MiB |  18264 MiB |      0 B   |
|       from large pool |  18252 MiB |  18252 MiB |  18252 MiB |      0 B   |
|       from small pool |     12 MiB |     12 MiB |     12 MiB |      0 B   |
|---------------------------------------------------------------------------|
| Non-releasable memory | 141443 KiB |   1855 MiB | 273687 GiB | 273687 GiB |
|       from large pool | 140732 KiB |   1853 MiB | 272609 GiB | 272609 GiB |
|       from small pool |    711 KiB |      3 MiB |   1077 GiB |   1077 GiB |
|---------------------------------------------------------------------------|
| Allocations           |     470    |     909    |   19774 K  |   19773 K  |
|       from large pool |     125    |     513    |   13260 K  |   13260 K  |
|       from small pool |     345    |     402    |    6513 K  |    6513 K  |
|---------------------------------------------------------------------------|
| Active allocs         |     470    |     909    |   19774 K  |   19773 K  |
|       from large pool |     125    |     513    |   13260 K  |   13260 K  |
|       from small pool |     345    |     402    |    6513 K  |    6513 K  |
|---------------------------------------------------------------------------|
| GPU reserved segments |     230    |     230    |     230    |       0    |
|       from large pool |     224    |     224    |     224    |       0    |
|       from small pool |       6    |       6    |       6    |       0    |
|---------------------------------------------------------------------------|
| Non-releasable allocs |      12    |      47    |   13915 K  |   13915 K  |
|       from large pool |       5    |      39    |    8480 K  |    8480 K  |
|       from small pool |       7    |      11    |    5434 K  |    5434 K  |
|---------------------------------------------------------------------------|
| Oversize allocations  |       0    |       0    |       0    |       0    |
|---------------------------------------------------------------------------|
| Oversize GPU segments |       0    |       0    |       0    |       0    |
|===========================================================================|

| epoch   1 step     4400 |   4400 batches | lr 0.0005 | ms/batch 777.34 | loss  2.65 | avg loss  2.62 | ppl 13.80
================================================================================
[Memory Breakdown] step 4500
Parameter memory      : 1355.04 MB
Gradient memory       : 0.00 MB
Optimizer state memory: 3.00 MB
GaLore projector mem  : 0.00 MB
CUDA allocated        : 2257.87 MB
CUDA reserved         : 18264.00 MB
CUDA peak allocated   : 17272.64 MB
================================================================================
|===========================================================================|
|                  PyTorch CUDA memory summary, device ID 0                 |
|---------------------------------------------------------------------------|
|            CUDA OOMs: 0            |        cudaMalloc retries: 0         |
|===========================================================================|
|        Metric         | Cur Usage  | Peak Usage | Tot Alloc  | Tot Freed  |
|---------------------------------------------------------------------------|
| Allocated memory      |   2257 MiB |  17272 MiB | 481901 GiB | 481899 GiB |
|       from large pool |   2250 MiB |  17264 MiB | 480815 GiB | 480812 GiB |
|       from small pool |      7 MiB |     10 MiB |   1086 GiB |   1086 GiB |
|---------------------------------------------------------------------------|
| Active memory         |   2257 MiB |  17272 MiB | 481901 GiB | 481899 GiB |
|       from large pool |   2250 MiB |  17264 MiB | 480815 GiB | 480812 GiB |
|       from small pool |      7 MiB |     10 MiB |   1086 GiB |   1086 GiB |
|---------------------------------------------------------------------------|
| Requested memory      |   2257 MiB |  17269 MiB | 481884 GiB | 481882 GiB |
|       from large pool |   2249 MiB |  17261 MiB | 480798 GiB | 480795 GiB |
|       from small pool |      7 MiB |     10 MiB |   1086 GiB |   1086 GiB |
|---------------------------------------------------------------------------|
| GPU reserved memory   |  18264 MiB |  18264 MiB |  18264 MiB |      0 B   |
|       from large pool |  18252 MiB |  18252 MiB |  18252 MiB |      0 B   |
|       from small pool |     12 MiB |     12 MiB |     12 MiB |      0 B   |
|---------------------------------------------------------------------------|
| Non-releasable memory | 141443 KiB |   1855 MiB | 279310 GiB | 279310 GiB |
|       from large pool | 140732 KiB |   1853 MiB | 278215 GiB | 278215 GiB |
|       from small pool |    711 KiB |      3 MiB |   1094 GiB |   1094 GiB |
|---------------------------------------------------------------------------|
| Allocations           |     470    |     909    |   20150 K  |   20150 K  |
|       from large pool |     125    |     513    |   13509 K  |   13509 K  |
|       from small pool |     345    |     402    |    6641 K  |    6641 K  |
|---------------------------------------------------------------------------|
| Active allocs         |     470    |     909    |   20150 K  |   20150 K  |
|       from large pool |     125    |     513    |   13509 K  |   13509 K  |
|       from small pool |     345    |     402    |    6641 K  |    6641 K  |
|---------------------------------------------------------------------------|
| GPU reserved segments |     230    |     230    |     230    |       0    |
|       from large pool |     224    |     224    |     224    |       0    |
|       from small pool |       6    |       6    |       6    |       0    |
|---------------------------------------------------------------------------|
| Non-releasable allocs |      11    |      47    |   14177 K  |   14177 K  |
|       from large pool |       5    |      39    |    8633 K  |    8633 K  |
|       from small pool |       6    |      11    |    5544 K  |    5544 K  |
|---------------------------------------------------------------------------|
| Oversize allocations  |       0    |       0    |       0    |       0    |
|---------------------------------------------------------------------------|
| Oversize GPU segments |       0    |       0    |       0    |       0    |
|===========================================================================|

| epoch   1 step     4500 |   4500 batches | lr 0.0005 | ms/batch 777.27 | loss  2.79 | avg loss  2.65 | ppl 14.11
================================================================================
[Memory Breakdown] step 4600
Parameter memory      : 1355.04 MB
Gradient memory       : 0.00 MB
Optimizer state memory: 3.00 MB
GaLore projector mem  : 0.00 MB
CUDA allocated        : 2257.87 MB
CUDA reserved         : 18264.00 MB
CUDA peak allocated   : 17272.64 MB
================================================================================
|===========================================================================|
|                  PyTorch CUDA memory summary, device ID 0                 |
|---------------------------------------------------------------------------|
|            CUDA OOMs: 0            |        cudaMalloc retries: 0         |
|===========================================================================|
|        Metric         | Cur Usage  | Peak Usage | Tot Alloc  | Tot Freed  |
|---------------------------------------------------------------------------|
| Allocated memory      |   2257 MiB |  17272 MiB | 491483 GiB | 491481 GiB |
|       from large pool |   2250 MiB |  17264 MiB | 490380 GiB | 490378 GiB |
|       from small pool |      7 MiB |     10 MiB |   1102 GiB |   1102 GiB |
|---------------------------------------------------------------------------|
| Active memory         |   2257 MiB |  17272 MiB | 491483 GiB | 491481 GiB |
|       from large pool |   2250 MiB |  17264 MiB | 490380 GiB | 490378 GiB |
|       from small pool |      7 MiB |     10 MiB |   1102 GiB |   1102 GiB |
|---------------------------------------------------------------------------|
| Requested memory      |   2257 MiB |  17269 MiB | 491465 GiB | 491463 GiB |
|       from large pool |   2249 MiB |  17261 MiB | 490363 GiB | 490360 GiB |
|       from small pool |      7 MiB |     10 MiB |   1102 GiB |   1102 GiB |
|---------------------------------------------------------------------------|
| GPU reserved memory   |  18264 MiB |  18264 MiB |  18264 MiB |      0 B   |
|       from large pool |  18252 MiB |  18252 MiB |  18252 MiB |      0 B   |
|       from small pool |     12 MiB |     12 MiB |     12 MiB |      0 B   |
|---------------------------------------------------------------------------|
| Non-releasable memory | 141443 KiB |   1855 MiB | 284933 GiB | 284933 GiB |
|       from large pool | 140732 KiB |   1853 MiB | 283821 GiB | 283821 GiB |
|       from small pool |    711 KiB |      3 MiB |   1111 GiB |   1111 GiB |
|---------------------------------------------------------------------------|
| Allocations           |     470    |     909    |   20527 K  |   20526 K  |
|       from large pool |     125    |     513    |   13757 K  |   13757 K  |
|       from small pool |     345    |     402    |    6769 K  |    6769 K  |
|---------------------------------------------------------------------------|
| Active allocs         |     470    |     909    |   20527 K  |   20526 K  |
|       from large pool |     125    |     513    |   13757 K  |   13757 K  |
|       from small pool |     345    |     402    |    6769 K  |    6769 K  |
|---------------------------------------------------------------------------|
| GPU reserved segments |     230    |     230    |     230    |       0    |
|       from large pool |     224    |     224    |     224    |       0    |
|       from small pool |       6    |       6    |       6    |       0    |
|---------------------------------------------------------------------------|
| Non-releasable allocs |      12    |      47    |   14440 K  |   14440 K  |
|       from large pool |       5    |      39    |    8785 K  |    8785 K  |
|       from small pool |       7    |      11    |    5654 K  |    5654 K  |
|---------------------------------------------------------------------------|
| Oversize allocations  |       0    |       0    |       0    |       0    |
|---------------------------------------------------------------------------|
| Oversize GPU segments |       0    |       0    |       0    |       0    |
|===========================================================================|

| epoch   1 step     4600 |   4600 batches | lr 0.0005 | ms/batch 777.53 | loss  2.60 | avg loss  2.66 | ppl 14.28
================================================================================
[Memory Breakdown] step 4700
Parameter memory      : 1355.04 MB
Gradient memory       : 0.00 MB
Optimizer state memory: 3.00 MB
GaLore projector mem  : 0.00 MB
CUDA allocated        : 2257.87 MB
CUDA reserved         : 18264.00 MB
CUDA peak allocated   : 17272.64 MB
================================================================================
|===========================================================================|
|                  PyTorch CUDA memory summary, device ID 0                 |
|---------------------------------------------------------------------------|
|            CUDA OOMs: 0            |        cudaMalloc retries: 0         |
|===========================================================================|
|        Metric         | Cur Usage  | Peak Usage | Tot Alloc  | Tot Freed  |
|---------------------------------------------------------------------------|
| Allocated memory      |   2257 MiB |  17272 MiB | 501065 GiB | 501063 GiB |
|       from large pool |   2250 MiB |  17264 MiB | 499945 GiB | 499943 GiB |
|       from small pool |      7 MiB |     10 MiB |   1119 GiB |   1119 GiB |
|---------------------------------------------------------------------------|
| Active memory         |   2257 MiB |  17272 MiB | 501065 GiB | 501063 GiB |
|       from large pool |   2250 MiB |  17264 MiB | 499945 GiB | 499943 GiB |
|       from small pool |      7 MiB |     10 MiB |   1119 GiB |   1119 GiB |
|---------------------------------------------------------------------------|
| Requested memory      |   2257 MiB |  17269 MiB | 501047 GiB | 501045 GiB |
|       from large pool |   2249 MiB |  17261 MiB | 499927 GiB | 499925 GiB |
|       from small pool |      7 MiB |     10 MiB |   1119 GiB |   1119 GiB |
|---------------------------------------------------------------------------|
| GPU reserved memory   |  18264 MiB |  18264 MiB |  18264 MiB |      0 B   |
|       from large pool |  18252 MiB |  18252 MiB |  18252 MiB |      0 B   |
|       from small pool |     12 MiB |     12 MiB |     12 MiB |      0 B   |
|---------------------------------------------------------------------------|
| Non-releasable memory | 141443 KiB |   1855 MiB | 290556 GiB | 290556 GiB |
|       from large pool | 140732 KiB |   1853 MiB | 289428 GiB | 289428 GiB |
|       from small pool |    711 KiB |      3 MiB |   1128 GiB |   1128 GiB |
|---------------------------------------------------------------------------|
| Allocations           |     470    |     909    |   20903 K  |   20903 K  |
|       from large pool |     125    |     513    |   14006 K  |   14006 K  |
|       from small pool |     345    |     402    |    6897 K  |    6897 K  |
|---------------------------------------------------------------------------|
| Active allocs         |     470    |     909    |   20903 K  |   20903 K  |
|       from large pool |     125    |     513    |   14006 K  |   14006 K  |
|       from small pool |     345    |     402    |    6897 K  |    6897 K  |
|---------------------------------------------------------------------------|
| GPU reserved segments |     230    |     230    |     230    |       0    |
|       from large pool |     224    |     224    |     224    |       0    |
|       from small pool |       6    |       6    |       6    |       0    |
|---------------------------------------------------------------------------|
| Non-releasable allocs |      12    |      47    |   14702 K  |   14702 K  |
|       from large pool |       5    |      39    |    8938 K  |    8938 K  |
|       from small pool |       7    |      11    |    5764 K  |    5764 K  |
|---------------------------------------------------------------------------|
| Oversize allocations  |       0    |       0    |       0    |       0    |
|---------------------------------------------------------------------------|
| Oversize GPU segments |       0    |       0    |       0    |       0    |
|===========================================================================|

| epoch   1 step     4700 |   4700 batches | lr 0.0005 | ms/batch 777.52 | loss  2.42 | avg loss  2.65 | ppl 14.13
================================================================================
[Memory Breakdown] step 4800
Parameter memory      : 1355.04 MB
Gradient memory       : 0.00 MB
Optimizer state memory: 3.00 MB
GaLore projector mem  : 0.00 MB
CUDA allocated        : 2257.87 MB
CUDA reserved         : 18264.00 MB
CUDA peak allocated   : 17272.64 MB
================================================================================
|===========================================================================|
|                  PyTorch CUDA memory summary, device ID 0                 |
|---------------------------------------------------------------------------|
|            CUDA OOMs: 0            |        cudaMalloc retries: 0         |
|===========================================================================|
|        Metric         | Cur Usage  | Peak Usage | Tot Alloc  | Tot Freed  |
|---------------------------------------------------------------------------|
| Allocated memory      |   2257 MiB |  17272 MiB | 510647 GiB | 510645 GiB |
|       from large pool |   2250 MiB |  17264 MiB | 509510 GiB | 509508 GiB |
|       from small pool |      7 MiB |     10 MiB |   1136 GiB |   1136 GiB |
|---------------------------------------------------------------------------|
| Active memory         |   2257 MiB |  17272 MiB | 510647 GiB | 510645 GiB |
|       from large pool |   2250 MiB |  17264 MiB | 509510 GiB | 509508 GiB |
|       from small pool |      7 MiB |     10 MiB |   1136 GiB |   1136 GiB |
|---------------------------------------------------------------------------|
| Requested memory      |   2257 MiB |  17269 MiB | 510629 GiB | 510627 GiB |
|       from large pool |   2249 MiB |  17261 MiB | 509492 GiB | 509490 GiB |
|       from small pool |      7 MiB |     10 MiB |   1136 GiB |   1136 GiB |
|---------------------------------------------------------------------------|
| GPU reserved memory   |  18264 MiB |  18264 MiB |  18264 MiB |      0 B   |
|       from large pool |  18252 MiB |  18252 MiB |  18252 MiB |      0 B   |
|       from small pool |     12 MiB |     12 MiB |     12 MiB |      0 B   |
|---------------------------------------------------------------------------|
| Non-releasable memory | 141443 KiB |   1855 MiB | 296180 GiB | 296179 GiB |
|       from large pool | 140732 KiB |   1853 MiB | 295034 GiB | 295034 GiB |
|       from small pool |    711 KiB |      3 MiB |   1145 GiB |   1145 GiB |
|---------------------------------------------------------------------------|
| Allocations           |     470    |     909    |   21280 K  |   21279 K  |
|       from large pool |     125    |     513    |   14254 K  |   14254 K  |
|       from small pool |     345    |     402    |    7025 K  |    7025 K  |
|---------------------------------------------------------------------------|
| Active allocs         |     470    |     909    |   21280 K  |   21279 K  |
|       from large pool |     125    |     513    |   14254 K  |   14254 K  |
|       from small pool |     345    |     402    |    7025 K  |    7025 K  |
|---------------------------------------------------------------------------|
| GPU reserved segments |     230    |     230    |     230    |       0    |
|       from large pool |     224    |     224    |     224    |       0    |
|       from small pool |       6    |       6    |       6    |       0    |
|---------------------------------------------------------------------------|
| Non-releasable allocs |      11    |      47    |   14964 K  |   14964 K  |
|       from large pool |       5    |      39    |    9090 K  |    9090 K  |
|       from small pool |       6    |      11    |    5874 K  |    5874 K  |
|---------------------------------------------------------------------------|
| Oversize allocations  |       0    |       0    |       0    |       0    |
|---------------------------------------------------------------------------|
| Oversize GPU segments |       0    |       0    |       0    |       0    |
|===========================================================================|

| epoch   1 step     4800 |   4800 batches | lr 0.0005 | ms/batch 777.55 | loss  2.87 | avg loss  2.62 | ppl 13.67
================================================================================
[Memory Breakdown] step 4900
Parameter memory      : 1355.04 MB
Gradient memory       : 0.00 MB
Optimizer state memory: 3.00 MB
GaLore projector mem  : 0.00 MB
CUDA allocated        : 2257.87 MB
CUDA reserved         : 18264.00 MB
CUDA peak allocated   : 17272.64 MB
================================================================================
|===========================================================================|
|                  PyTorch CUDA memory summary, device ID 0                 |
|---------------------------------------------------------------------------|
|            CUDA OOMs: 0            |        cudaMalloc retries: 0         |
|===========================================================================|
|        Metric         | Cur Usage  | Peak Usage | Tot Alloc  | Tot Freed  |
|---------------------------------------------------------------------------|
| Allocated memory      |   2257 MiB |  17272 MiB | 520229 GiB | 520227 GiB |
|       from large pool |   2250 MiB |  17264 MiB | 519076 GiB | 519074 GiB |
|       from small pool |      7 MiB |     10 MiB |   1153 GiB |   1153 GiB |
|---------------------------------------------------------------------------|
| Active memory         |   2257 MiB |  17272 MiB | 520229 GiB | 520227 GiB |
|       from large pool |   2250 MiB |  17264 MiB | 519076 GiB | 519074 GiB |
|       from small pool |      7 MiB |     10 MiB |   1153 GiB |   1153 GiB |
|---------------------------------------------------------------------------|
| Requested memory      |   2257 MiB |  17269 MiB | 520210 GiB | 520208 GiB |
|       from large pool |   2249 MiB |  17261 MiB | 519057 GiB | 519055 GiB |
|       from small pool |      7 MiB |     10 MiB |   1153 GiB |   1153 GiB |
|---------------------------------------------------------------------------|
| GPU reserved memory   |  18264 MiB |  18264 MiB |  18264 MiB |      0 B   |
|       from large pool |  18252 MiB |  18252 MiB |  18252 MiB |      0 B   |
|       from small pool |     12 MiB |     12 MiB |     12 MiB |      0 B   |
|---------------------------------------------------------------------------|
| Non-releasable memory | 141443 KiB |   1855 MiB | 301803 GiB | 301803 GiB |
|       from large pool | 140732 KiB |   1853 MiB | 300640 GiB | 300640 GiB |
|       from small pool |    711 KiB |      3 MiB |   1162 GiB |   1162 GiB |
|---------------------------------------------------------------------------|
| Allocations           |     470    |     909    |   21656 K  |   21656 K  |
|       from large pool |     125    |     513    |   14503 K  |   14503 K  |
|       from small pool |     345    |     402    |    7153 K  |    7153 K  |
|---------------------------------------------------------------------------|
| Active allocs         |     470    |     909    |   21656 K  |   21656 K  |
|       from large pool |     125    |     513    |   14503 K  |   14503 K  |
|       from small pool |     345    |     402    |    7153 K  |    7153 K  |
|---------------------------------------------------------------------------|
| GPU reserved segments |     230    |     230    |     230    |       0    |
|       from large pool |     224    |     224    |     224    |       0    |
|       from small pool |       6    |       6    |       6    |       0    |
|---------------------------------------------------------------------------|
| Non-releasable allocs |      12    |      47    |   15227 K  |   15227 K  |
|       from large pool |       5    |      39    |    9243 K  |    9243 K  |
|       from small pool |       7    |      11    |    5984 K  |    5984 K  |
|---------------------------------------------------------------------------|
| Oversize allocations  |       0    |       0    |       0    |       0    |
|---------------------------------------------------------------------------|
| Oversize GPU segments |       0    |       0    |       0    |       0    |
|===========================================================================|

| epoch   1 step     4900 |   4900 batches | lr 0.0005 | ms/batch 777.28 | loss  2.70 | avg loss  2.63 | ppl 13.87
================================================================================
[Memory Breakdown] step 5000
Parameter memory      : 1355.04 MB
Gradient memory       : 0.00 MB
Optimizer state memory: 3.00 MB
GaLore projector mem  : 0.00 MB
CUDA allocated        : 2257.87 MB
CUDA reserved         : 18264.00 MB
CUDA peak allocated   : 17272.64 MB
================================================================================
|===========================================================================|
|                  PyTorch CUDA memory summary, device ID 0                 |
|---------------------------------------------------------------------------|
|            CUDA OOMs: 0            |        cudaMalloc retries: 0         |
|===========================================================================|
|        Metric         | Cur Usage  | Peak Usage | Tot Alloc  | Tot Freed  |
|---------------------------------------------------------------------------|
| Allocated memory      |   2257 MiB |  17272 MiB | 529811 GiB | 529809 GiB |
|       from large pool |   2250 MiB |  17264 MiB | 528641 GiB | 528639 GiB |
|       from small pool |      7 MiB |     10 MiB |   1169 GiB |   1169 GiB |
|---------------------------------------------------------------------------|
| Active memory         |   2257 MiB |  17272 MiB | 529811 GiB | 529809 GiB |
|       from large pool |   2250 MiB |  17264 MiB | 528641 GiB | 528639 GiB |
|       from small pool |      7 MiB |     10 MiB |   1169 GiB |   1169 GiB |
|---------------------------------------------------------------------------|
| Requested memory      |   2257 MiB |  17269 MiB | 529792 GiB | 529790 GiB |
|       from large pool |   2249 MiB |  17261 MiB | 528622 GiB | 528620 GiB |
|       from small pool |      7 MiB |     10 MiB |   1169 GiB |   1169 GiB |
|---------------------------------------------------------------------------|
| GPU reserved memory   |  18264 MiB |  18264 MiB |  18264 MiB |      0 B   |
|       from large pool |  18252 MiB |  18252 MiB |  18252 MiB |      0 B   |
|       from small pool |     12 MiB |     12 MiB |     12 MiB |      0 B   |
|---------------------------------------------------------------------------|
| Non-releasable memory | 141443 KiB |   1855 MiB | 307426 GiB | 307426 GiB |
|       from large pool | 140732 KiB |   1853 MiB | 306247 GiB | 306246 GiB |
|       from small pool |    711 KiB |      3 MiB |   1179 GiB |   1179 GiB |
|---------------------------------------------------------------------------|
| Allocations           |     470    |     909    |   22033 K  |   22032 K  |
|       from large pool |     125    |     513    |   14751 K  |   14751 K  |
|       from small pool |     345    |     402    |    7281 K  |    7281 K  |
|---------------------------------------------------------------------------|
| Active allocs         |     470    |     909    |   22033 K  |   22032 K  |
|       from large pool |     125    |     513    |   14751 K  |   14751 K  |
|       from small pool |     345    |     402    |    7281 K  |    7281 K  |
|---------------------------------------------------------------------------|
| GPU reserved segments |     230    |     230    |     230    |       0    |
|       from large pool |     224    |     224    |     224    |       0    |
|       from small pool |       6    |       6    |       6    |       0    |
|---------------------------------------------------------------------------|
| Non-releasable allocs |      12    |      47    |   15489 K  |   15489 K  |
|       from large pool |       5    |      39    |    9395 K  |    9395 K  |
|       from small pool |       7    |      11    |    6094 K  |    6094 K  |
|---------------------------------------------------------------------------|
| Oversize allocations  |       0    |       0    |       0    |       0    |
|---------------------------------------------------------------------------|
| Oversize GPU segments |       0    |       0    |       0    |       0    |
|===========================================================================|

| epoch   1 step     5000 |   5000 batches | lr 0.0005 | ms/batch 777.08 | loss  2.32 | avg loss  2.60 | ppl 13.51
saving checkpoint ./trained_models/GPT2_M/e2e/model.5000.pt
================================================================================
[Memory Breakdown] step 5100
Parameter memory      : 1355.04 MB
Gradient memory       : 0.00 MB
Optimizer state memory: 3.00 MB
GaLore projector mem  : 0.00 MB
CUDA allocated        : 2257.87 MB
CUDA reserved         : 18264.00 MB
CUDA peak allocated   : 17272.64 MB
================================================================================
|===========================================================================|
|                  PyTorch CUDA memory summary, device ID 0                 |
|---------------------------------------------------------------------------|
|            CUDA OOMs: 0            |        cudaMalloc retries: 0         |
|===========================================================================|
|        Metric         | Cur Usage  | Peak Usage | Tot Alloc  | Tot Freed  |
|---------------------------------------------------------------------------|
| Allocated memory      |   2257 MiB |  17272 MiB | 539393 GiB | 539391 GiB |
|       from large pool |   2250 MiB |  17264 MiB | 538206 GiB | 538204 GiB |
|       from small pool |      7 MiB |     10 MiB |   1186 GiB |   1186 GiB |
|---------------------------------------------------------------------------|
| Active memory         |   2257 MiB |  17272 MiB | 539393 GiB | 539391 GiB |
|       from large pool |   2250 MiB |  17264 MiB | 538206 GiB | 538204 GiB |
|       from small pool |      7 MiB |     10 MiB |   1186 GiB |   1186 GiB |
|---------------------------------------------------------------------------|
| Requested memory      |   2257 MiB |  17269 MiB | 539374 GiB | 539372 GiB |
|       from large pool |   2249 MiB |  17261 MiB | 538187 GiB | 538185 GiB |
|       from small pool |      7 MiB |     10 MiB |   1186 GiB |   1186 GiB |
|---------------------------------------------------------------------------|
| GPU reserved memory   |  18264 MiB |  18264 MiB |  18264 MiB |      0 B   |
|       from large pool |  18252 MiB |  18252 MiB |  18252 MiB |      0 B   |
|       from small pool |     12 MiB |     12 MiB |     12 MiB |      0 B   |
|---------------------------------------------------------------------------|
| Non-releasable memory | 141443 KiB |   1855 MiB | 313049 GiB | 313049 GiB |
|       from large pool | 140732 KiB |   1853 MiB | 311853 GiB | 311853 GiB |
|       from small pool |    711 KiB |      3 MiB |   1196 GiB |   1196 GiB |
|---------------------------------------------------------------------------|
| Allocations           |     470    |     909    |   22409 K  |   22409 K  |
|       from large pool |     125    |     513    |   15000 K  |   15000 K  |
|       from small pool |     345    |     402    |    7409 K  |    7409 K  |
|---------------------------------------------------------------------------|
| Active allocs         |     470    |     909    |   22409 K  |   22409 K  |
|       from large pool |     125    |     513    |   15000 K  |   15000 K  |
|       from small pool |     345    |     402    |    7409 K  |    7409 K  |
|---------------------------------------------------------------------------|
| GPU reserved segments |     230    |     230    |     230    |       0    |
|       from large pool |     224    |     224    |     224    |       0    |
|       from small pool |       6    |       6    |       6    |       0    |
|---------------------------------------------------------------------------|
| Non-releasable allocs |      12    |      47    |   15752 K  |   15752 K  |
|       from large pool |       5    |      39    |    9548 K  |    9548 K  |
|       from small pool |       7    |      11    |    6204 K  |    6204 K  |
|---------------------------------------------------------------------------|
| Oversize allocations  |       0    |       0    |       0    |       0    |
|---------------------------------------------------------------------------|
| Oversize GPU segments |       0    |       0    |       0    |       0    |
|===========================================================================|

| epoch   1 step     5100 |   5100 batches | lr 0.0005 | ms/batch 781.49 | loss  2.71 | avg loss  2.64 | ppl 14.03
================================================================================
[Memory Breakdown] step 5200
Parameter memory      : 1355.04 MB
Gradient memory       : 0.00 MB
Optimizer state memory: 3.00 MB
GaLore projector mem  : 0.00 MB
CUDA allocated        : 2257.87 MB
CUDA reserved         : 18264.00 MB
CUDA peak allocated   : 17272.64 MB
================================================================================
|===========================================================================|
|                  PyTorch CUDA memory summary, device ID 0                 |
|---------------------------------------------------------------------------|
|            CUDA OOMs: 0            |        cudaMalloc retries: 0         |
|===========================================================================|
|        Metric         | Cur Usage  | Peak Usage | Tot Alloc  | Tot Freed  |
|---------------------------------------------------------------------------|
| Allocated memory      |   2257 MiB |  17272 MiB | 548975 GiB | 548973 GiB |
|       from large pool |   2250 MiB |  17264 MiB | 547772 GiB | 547769 GiB |
|       from small pool |      7 MiB |     10 MiB |   1203 GiB |   1203 GiB |
|---------------------------------------------------------------------------|
| Active memory         |   2257 MiB |  17272 MiB | 548975 GiB | 548973 GiB |
|       from large pool |   2250 MiB |  17264 MiB | 547772 GiB | 547769 GiB |
|       from small pool |      7 MiB |     10 MiB |   1203 GiB |   1203 GiB |
|---------------------------------------------------------------------------|
| Requested memory      |   2257 MiB |  17269 MiB | 548955 GiB | 548953 GiB |
|       from large pool |   2249 MiB |  17261 MiB | 547752 GiB | 547750 GiB |
|       from small pool |      7 MiB |     10 MiB |   1203 GiB |   1203 GiB |
|---------------------------------------------------------------------------|
| GPU reserved memory   |  18264 MiB |  18264 MiB |  18264 MiB |      0 B   |
|       from large pool |  18252 MiB |  18252 MiB |  18252 MiB |      0 B   |
|       from small pool |     12 MiB |     12 MiB |     12 MiB |      0 B   |
|---------------------------------------------------------------------------|
| Non-releasable memory | 141443 KiB |   1855 MiB | 318672 GiB | 318672 GiB |
|       from large pool | 140732 KiB |   1853 MiB | 317459 GiB | 317459 GiB |
|       from small pool |    711 KiB |      3 MiB |   1213 GiB |   1213 GiB |
|---------------------------------------------------------------------------|
| Allocations           |     470    |     909    |   22786 K  |   22785 K  |
|       from large pool |     125    |     513    |   15248 K  |   15248 K  |
|       from small pool |     345    |     402    |    7537 K  |    7537 K  |
|---------------------------------------------------------------------------|
| Active allocs         |     470    |     909    |   22786 K  |   22785 K  |
|       from large pool |     125    |     513    |   15248 K  |   15248 K  |
|       from small pool |     345    |     402    |    7537 K  |    7537 K  |
|---------------------------------------------------------------------------|
| GPU reserved segments |     230    |     230    |     230    |       0    |
|       from large pool |     224    |     224    |     224    |       0    |
|       from small pool |       6    |       6    |       6    |       0    |
|---------------------------------------------------------------------------|
| Non-releasable allocs |      13    |      47    |   16014 K  |   16014 K  |
|       from large pool |       5    |      39    |    9700 K  |    9700 K  |
|       from small pool |       8    |      11    |    6313 K  |    6313 K  |
|---------------------------------------------------------------------------|
| Oversize allocations  |       0    |       0    |       0    |       0    |
|---------------------------------------------------------------------------|
| Oversize GPU segments |       0    |       0    |       0    |       0    |
|===========================================================================|

| epoch   1 step     5200 |   5200 batches | lr 0.0005 | ms/batch 777.35 | loss  2.76 | avg loss  2.63 | ppl 13.94
saving checkpoint ./trained_models/GPT2_M/e2e/model.5258.pt
start to train the model................ 2
================================================================================
[Memory Breakdown] step 5300
Parameter memory      : 1355.04 MB
Gradient memory       : 0.00 MB
Optimizer state memory: 3.00 MB
GaLore projector mem  : 0.00 MB
CUDA allocated        : 2257.87 MB
CUDA reserved         : 18264.00 MB
CUDA peak allocated   : 17272.64 MB
================================================================================
|===========================================================================|
|                  PyTorch CUDA memory summary, device ID 0                 |
|---------------------------------------------------------------------------|
|            CUDA OOMs: 0            |        cudaMalloc retries: 0         |
|===========================================================================|
|        Metric         | Cur Usage  | Peak Usage | Tot Alloc  | Tot Freed  |
|---------------------------------------------------------------------------|
| Allocated memory      |   2257 MiB |  17272 MiB | 558557 GiB | 558555 GiB |
|       from large pool |   2250 MiB |  17264 MiB | 557337 GiB | 557335 GiB |
|       from small pool |      7 MiB |     10 MiB |   1220 GiB |   1220 GiB |
|---------------------------------------------------------------------------|
| Active memory         |   2257 MiB |  17272 MiB | 558557 GiB | 558555 GiB |
|       from large pool |   2250 MiB |  17264 MiB | 557337 GiB | 557335 GiB |
|       from small pool |      7 MiB |     10 MiB |   1220 GiB |   1220 GiB |
|---------------------------------------------------------------------------|
| Requested memory      |   2257 MiB |  17269 MiB | 558537 GiB | 558535 GiB |
|       from large pool |   2249 MiB |  17261 MiB | 557317 GiB | 557315 GiB |
|       from small pool |      7 MiB |     10 MiB |   1220 GiB |   1220 GiB |
|---------------------------------------------------------------------------|
| GPU reserved memory   |  18264 MiB |  18264 MiB |  18264 MiB |      0 B   |
|       from large pool |  18252 MiB |  18252 MiB |  18252 MiB |      0 B   |
|       from small pool |     12 MiB |     12 MiB |     12 MiB |      0 B   |
|---------------------------------------------------------------------------|
| Non-releasable memory | 141443 KiB |   1855 MiB | 324296 GiB | 324295 GiB |
|       from large pool | 140732 KiB |   1853 MiB | 323065 GiB | 323065 GiB |
|       from small pool |    711 KiB |      3 MiB |   1230 GiB |   1230 GiB |
|---------------------------------------------------------------------------|
| Allocations           |     470    |     909    |   23162 K  |   23162 K  |
|       from large pool |     125    |     513    |   15497 K  |   15497 K  |
|       from small pool |     345    |     402    |    7665 K  |    7665 K  |
|---------------------------------------------------------------------------|
| Active allocs         |     470    |     909    |   23162 K  |   23162 K  |
|       from large pool |     125    |     513    |   15497 K  |   15497 K  |
|       from small pool |     345    |     402    |    7665 K  |    7665 K  |
|---------------------------------------------------------------------------|
| GPU reserved segments |     230    |     230    |     230    |       0    |
|       from large pool |     224    |     224    |     224    |       0    |
|       from small pool |       6    |       6    |       6    |       0    |
|---------------------------------------------------------------------------|
| Non-releasable allocs |      12    |      47    |   16276 K  |   16276 K  |
|       from large pool |       5    |      39    |    9853 K  |    9853 K  |
|       from small pool |       7    |      11    |    6423 K  |    6423 K  |
|---------------------------------------------------------------------------|
| Oversize allocations  |       0    |       0    |       0    |       0    |
|---------------------------------------------------------------------------|
| Oversize GPU segments |       0    |       0    |       0    |       0    |
|===========================================================================|

| epoch   2 step     5300 |     42 batches | lr 0.0005 | ms/batch 325.59 | loss  2.44 | avg loss  2.57 | ppl 13.05
================================================================================
[Memory Breakdown] step 5400
Parameter memory      : 1355.04 MB
Gradient memory       : 0.00 MB
Optimizer state memory: 3.00 MB
GaLore projector mem  : 0.00 MB
CUDA allocated        : 2257.87 MB
CUDA reserved         : 18264.00 MB
CUDA peak allocated   : 17272.64 MB
================================================================================
|===========================================================================|
|                  PyTorch CUDA memory summary, device ID 0                 |
|---------------------------------------------------------------------------|
|            CUDA OOMs: 0            |        cudaMalloc retries: 0         |
|===========================================================================|
|        Metric         | Cur Usage  | Peak Usage | Tot Alloc  | Tot Freed  |
|---------------------------------------------------------------------------|
| Allocated memory      |   2257 MiB |  17272 MiB | 568139 GiB | 568137 GiB |
|       from large pool |   2250 MiB |  17264 MiB | 566902 GiB | 566900 GiB |
|       from small pool |      7 MiB |     10 MiB |   1236 GiB |   1236 GiB |
|---------------------------------------------------------------------------|
| Active memory         |   2257 MiB |  17272 MiB | 568139 GiB | 568137 GiB |
|       from large pool |   2250 MiB |  17264 MiB | 566902 GiB | 566900 GiB |
|       from small pool |      7 MiB |     10 MiB |   1236 GiB |   1236 GiB |
|---------------------------------------------------------------------------|
| Requested memory      |   2257 MiB |  17269 MiB | 568119 GiB | 568117 GiB |
|       from large pool |   2249 MiB |  17261 MiB | 566882 GiB | 566880 GiB |
|       from small pool |      7 MiB |     10 MiB |   1236 GiB |   1236 GiB |
|---------------------------------------------------------------------------|
| GPU reserved memory   |  18264 MiB |  18264 MiB |  18264 MiB |      0 B   |
|       from large pool |  18252 MiB |  18252 MiB |  18252 MiB |      0 B   |
|       from small pool |     12 MiB |     12 MiB |     12 MiB |      0 B   |
|---------------------------------------------------------------------------|
| Non-releasable memory | 141443 KiB |   1855 MiB | 329919 GiB | 329919 GiB |
|       from large pool | 140732 KiB |   1853 MiB | 328672 GiB | 328672 GiB |
|       from small pool |    711 KiB |      3 MiB |   1247 GiB |   1247 GiB |
|---------------------------------------------------------------------------|
| Allocations           |     470    |     909    |   23539 K  |   23538 K  |
|       from large pool |     125    |     513    |   15745 K  |   15745 K  |
|       from small pool |     345    |     402    |    7793 K  |    7793 K  |
|---------------------------------------------------------------------------|
| Active allocs         |     470    |     909    |   23539 K  |   23538 K  |
|       from large pool |     125    |     513    |   15745 K  |   15745 K  |
|       from small pool |     345    |     402    |    7793 K  |    7793 K  |
|---------------------------------------------------------------------------|
| GPU reserved segments |     230    |     230    |     230    |       0    |
|       from large pool |     224    |     224    |     224    |       0    |
|       from small pool |       6    |       6    |       6    |       0    |
|---------------------------------------------------------------------------|
| Non-releasable allocs |      12    |      47    |   16537 K  |   16537 K  |
|       from large pool |       5    |      39    |   10005 K  |   10005 K  |
|       from small pool |       7    |      11    |    6532 K  |    6532 K  |
|---------------------------------------------------------------------------|
| Oversize allocations  |       0    |       0    |       0    |       0    |
|---------------------------------------------------------------------------|
| Oversize GPU segments |       0    |       0    |       0    |       0    |
|===========================================================================|

| epoch   2 step     5400 |    142 batches | lr 0.0005 | ms/batch 776.37 | loss  2.55 | avg loss  2.63 | ppl 13.92
================================================================================
[Memory Breakdown] step 5500
Parameter memory      : 1355.04 MB
Gradient memory       : 0.00 MB
Optimizer state memory: 3.00 MB
GaLore projector mem  : 0.00 MB
CUDA allocated        : 2257.87 MB
CUDA reserved         : 18264.00 MB
CUDA peak allocated   : 17272.64 MB
================================================================================
|===========================================================================|
|                  PyTorch CUDA memory summary, device ID 0                 |
|---------------------------------------------------------------------------|
|            CUDA OOMs: 0            |        cudaMalloc retries: 0         |
|===========================================================================|
|        Metric         | Cur Usage  | Peak Usage | Tot Alloc  | Tot Freed  |
|---------------------------------------------------------------------------|
| Allocated memory      |   2257 MiB |  17272 MiB | 577721 GiB | 577719 GiB |
|       from large pool |   2250 MiB |  17264 MiB | 576468 GiB | 576465 GiB |
|       from small pool |      7 MiB |     10 MiB |   1253 GiB |   1253 GiB |
|---------------------------------------------------------------------------|
| Active memory         |   2257 MiB |  17272 MiB | 577721 GiB | 577719 GiB |
|       from large pool |   2250 MiB |  17264 MiB | 576468 GiB | 576465 GiB |
|       from small pool |      7 MiB |     10 MiB |   1253 GiB |   1253 GiB |
|---------------------------------------------------------------------------|
| Requested memory      |   2257 MiB |  17269 MiB | 577700 GiB | 577698 GiB |
|       from large pool |   2249 MiB |  17261 MiB | 576447 GiB | 576445 GiB |
|       from small pool |      7 MiB |     10 MiB |   1253 GiB |   1253 GiB |
|---------------------------------------------------------------------------|
| GPU reserved memory   |  18264 MiB |  18264 MiB |  18264 MiB |      0 B   |
|       from large pool |  18252 MiB |  18252 MiB |  18252 MiB |      0 B   |
|       from small pool |     12 MiB |     12 MiB |     12 MiB |      0 B   |
|---------------------------------------------------------------------------|
| Non-releasable memory | 141443 KiB |   1855 MiB | 335542 GiB | 335542 GiB |
|       from large pool | 140732 KiB |   1853 MiB | 334278 GiB | 334278 GiB |
|       from small pool |    711 KiB |      3 MiB |   1264 GiB |   1264 GiB |
|---------------------------------------------------------------------------|
| Allocations           |     470    |     909    |   23915 K  |   23915 K  |
|       from large pool |     125    |     513    |   15994 K  |   15994 K  |
|       from small pool |     345    |     402    |    7921 K  |    7921 K  |
|---------------------------------------------------------------------------|
| Active allocs         |     470    |     909    |   23915 K  |   23915 K  |
|       from large pool |     125    |     513    |   15994 K  |   15994 K  |
|       from small pool |     345    |     402    |    7921 K  |    7921 K  |
|---------------------------------------------------------------------------|
| GPU reserved segments |     230    |     230    |     230    |       0    |
|       from large pool |     224    |     224    |     224    |       0    |
|       from small pool |       6    |       6    |       6    |       0    |
|---------------------------------------------------------------------------|
| Non-releasable allocs |      11    |      47    |   16799 K  |   16799 K  |
|       from large pool |       5    |      39    |   10158 K  |   10158 K  |
|       from small pool |       6    |      11    |    6641 K  |    6641 K  |
|---------------------------------------------------------------------------|
| Oversize allocations  |       0    |       0    |       0    |       0    |
|---------------------------------------------------------------------------|
| Oversize GPU segments |       0    |       0    |       0    |       0    |
|===========================================================================|

| epoch   2 step     5500 |    242 batches | lr 0.0005 | ms/batch 776.53 | loss  2.65 | avg loss  2.62 | ppl 13.72
================================================================================
[Memory Breakdown] step 5600
Parameter memory      : 1355.04 MB
Gradient memory       : 0.00 MB
Optimizer state memory: 3.00 MB
GaLore projector mem  : 0.00 MB
CUDA allocated        : 2257.87 MB
CUDA reserved         : 18264.00 MB
CUDA peak allocated   : 17272.64 MB
================================================================================
|===========================================================================|
|                  PyTorch CUDA memory summary, device ID 0                 |
|---------------------------------------------------------------------------|
|            CUDA OOMs: 0            |        cudaMalloc retries: 0         |
|===========================================================================|
|        Metric         | Cur Usage  | Peak Usage | Tot Alloc  | Tot Freed  |
|---------------------------------------------------------------------------|
| Allocated memory      |   2257 MiB |  17272 MiB | 587303 GiB | 587301 GiB |
|       from large pool |   2250 MiB |  17264 MiB | 586033 GiB | 586031 GiB |
|       from small pool |      7 MiB |     10 MiB |   1270 GiB |   1270 GiB |
|---------------------------------------------------------------------------|
| Active memory         |   2257 MiB |  17272 MiB | 587303 GiB | 587301 GiB |
|       from large pool |   2250 MiB |  17264 MiB | 586033 GiB | 586031 GiB |
|       from small pool |      7 MiB |     10 MiB |   1270 GiB |   1270 GiB |
|---------------------------------------------------------------------------|
| Requested memory      |   2257 MiB |  17269 MiB | 587282 GiB | 587280 GiB |
|       from large pool |   2249 MiB |  17261 MiB | 586012 GiB | 586010 GiB |
|       from small pool |      7 MiB |     10 MiB |   1270 GiB |   1270 GiB |
|---------------------------------------------------------------------------|
| GPU reserved memory   |  18264 MiB |  18264 MiB |  18264 MiB |      0 B   |
|       from large pool |  18252 MiB |  18252 MiB |  18252 MiB |      0 B   |
|       from small pool |     12 MiB |     12 MiB |     12 MiB |      0 B   |
|---------------------------------------------------------------------------|
| Non-releasable memory | 141443 KiB |   1855 MiB | 341165 GiB | 341165 GiB |
|       from large pool | 140732 KiB |   1853 MiB | 339884 GiB | 339884 GiB |
|       from small pool |    711 KiB |      3 MiB |   1280 GiB |   1280 GiB |
|---------------------------------------------------------------------------|
| Allocations           |     470    |     909    |   24292 K  |   24291 K  |
|       from large pool |     125    |     513    |   16242 K  |   16242 K  |
|       from small pool |     345    |     402    |    8049 K  |    8049 K  |
|---------------------------------------------------------------------------|
| Active allocs         |     470    |     909    |   24292 K  |   24291 K  |
|       from large pool |     125    |     513    |   16242 K  |   16242 K  |
|       from small pool |     345    |     402    |    8049 K  |    8049 K  |
|---------------------------------------------------------------------------|
| GPU reserved segments |     230    |     230    |     230    |       0    |
|       from large pool |     224    |     224    |     224    |       0    |
|       from small pool |       6    |       6    |       6    |       0    |
|---------------------------------------------------------------------------|
| Non-releasable allocs |      12    |      47    |   17060 K  |   17060 K  |
|       from large pool |       5    |      39    |   10310 K  |   10310 K  |
|       from small pool |       7    |      11    |    6750 K  |    6750 K  |
|---------------------------------------------------------------------------|
| Oversize allocations  |       0    |       0    |       0    |       0    |
|---------------------------------------------------------------------------|
| Oversize GPU segments |       0    |       0    |       0    |       0    |
|===========================================================================|

| epoch   2 step     5600 |    342 batches | lr 0.0005 | ms/batch 776.56 | loss  2.28 | avg loss  2.64 | ppl 14.00
================================================================================
[Memory Breakdown] step 5700
Parameter memory      : 1355.04 MB
Gradient memory       : 0.00 MB
Optimizer state memory: 3.00 MB
GaLore projector mem  : 0.00 MB
CUDA allocated        : 2257.87 MB
CUDA reserved         : 18264.00 MB
CUDA peak allocated   : 17272.64 MB
================================================================================
|===========================================================================|
|                  PyTorch CUDA memory summary, device ID 0                 |
|---------------------------------------------------------------------------|
|            CUDA OOMs: 0            |        cudaMalloc retries: 0         |
|===========================================================================|
|        Metric         | Cur Usage  | Peak Usage | Tot Alloc  | Tot Freed  |
|---------------------------------------------------------------------------|
| Allocated memory      |   2257 MiB |  17272 MiB | 596885 GiB | 596883 GiB |
|       from large pool |   2250 MiB |  17264 MiB | 595598 GiB | 595596 GiB |
|       from small pool |      7 MiB |     10 MiB |   1287 GiB |   1287 GiB |
|---------------------------------------------------------------------------|
| Active memory         |   2257 MiB |  17272 MiB | 596885 GiB | 596883 GiB |
|       from large pool |   2250 MiB |  17264 MiB | 595598 GiB | 595596 GiB |
|       from small pool |      7 MiB |     10 MiB |   1287 GiB |   1287 GiB |
|---------------------------------------------------------------------------|
| Requested memory      |   2257 MiB |  17269 MiB | 596864 GiB | 596862 GiB |
|       from large pool |   2249 MiB |  17261 MiB | 595577 GiB | 595575 GiB |
|       from small pool |      7 MiB |     10 MiB |   1286 GiB |   1286 GiB |
|---------------------------------------------------------------------------|
| GPU reserved memory   |  18264 MiB |  18264 MiB |  18264 MiB |      0 B   |
|       from large pool |  18252 MiB |  18252 MiB |  18252 MiB |      0 B   |
|       from small pool |     12 MiB |     12 MiB |     12 MiB |      0 B   |
|---------------------------------------------------------------------------|
| Non-releasable memory | 141443 KiB |   1855 MiB | 346788 GiB | 346788 GiB |
|       from large pool | 140732 KiB |   1853 MiB | 345491 GiB | 345490 GiB |
|       from small pool |    711 KiB |      3 MiB |   1297 GiB |   1297 GiB |
|---------------------------------------------------------------------------|
| Allocations           |     470    |     909    |   24668 K  |   24668 K  |
|       from large pool |     125    |     513    |   16491 K  |   16491 K  |
|       from small pool |     345    |     402    |    8177 K  |    8177 K  |
|---------------------------------------------------------------------------|
| Active allocs         |     470    |     909    |   24668 K  |   24668 K  |
|       from large pool |     125    |     513    |   16491 K  |   16491 K  |
|       from small pool |     345    |     402    |    8177 K  |    8177 K  |
|---------------------------------------------------------------------------|
| GPU reserved segments |     230    |     230    |     230    |       0    |
|       from large pool |     224    |     224    |     224    |       0    |
|       from small pool |       6    |       6    |       6    |       0    |
|---------------------------------------------------------------------------|
| Non-releasable allocs |      12    |      47    |   17322 K  |   17322 K  |
|       from large pool |       5    |      39    |   10463 K  |   10463 K  |
|       from small pool |       7    |      11    |    6859 K  |    6859 K  |
|---------------------------------------------------------------------------|
| Oversize allocations  |       0    |       0    |       0    |       0    |
|---------------------------------------------------------------------------|
| Oversize GPU segments |       0    |       0    |       0    |       0    |
|===========================================================================|

| epoch   2 step     5700 |    442 batches | lr 0.0005 | ms/batch 776.36 | loss  2.55 | avg loss  2.63 | ppl 13.92
================================================================================
[Memory Breakdown] step 5800
Parameter memory      : 1355.04 MB
Gradient memory       : 0.00 MB
Optimizer state memory: 3.00 MB
GaLore projector mem  : 0.00 MB
CUDA allocated        : 2257.87 MB
CUDA reserved         : 18264.00 MB
CUDA peak allocated   : 17272.64 MB
================================================================================
|===========================================================================|
|                  PyTorch CUDA memory summary, device ID 0                 |
|---------------------------------------------------------------------------|
|            CUDA OOMs: 0            |        cudaMalloc retries: 0         |
|===========================================================================|
|        Metric         | Cur Usage  | Peak Usage | Tot Alloc  | Tot Freed  |
|---------------------------------------------------------------------------|
| Allocated memory      |   2257 MiB |  17272 MiB | 606467 GiB | 606465 GiB |
|       from large pool |   2250 MiB |  17264 MiB | 605163 GiB | 605161 GiB |
|       from small pool |      7 MiB |     10 MiB |   1303 GiB |   1303 GiB |
|---------------------------------------------------------------------------|
| Active memory         |   2257 MiB |  17272 MiB | 606467 GiB | 606465 GiB |
|       from large pool |   2250 MiB |  17264 MiB | 605163 GiB | 605161 GiB |
|       from small pool |      7 MiB |     10 MiB |   1303 GiB |   1303 GiB |
|---------------------------------------------------------------------------|
| Requested memory      |   2257 MiB |  17269 MiB | 606446 GiB | 606443 GiB |
|       from large pool |   2249 MiB |  17261 MiB | 605142 GiB | 605140 GiB |
|       from small pool |      7 MiB |     10 MiB |   1303 GiB |   1303 GiB |
|---------------------------------------------------------------------------|
| GPU reserved memory   |  18264 MiB |  18264 MiB |  18264 MiB |      0 B   |
|       from large pool |  18252 MiB |  18252 MiB |  18252 MiB |      0 B   |
|       from small pool |     12 MiB |     12 MiB |     12 MiB |      0 B   |
|---------------------------------------------------------------------------|
| Non-releasable memory | 141443 KiB |   1855 MiB | 352412 GiB | 352412 GiB |
|       from large pool | 140732 KiB |   1853 MiB | 351097 GiB | 351097 GiB |
|       from small pool |    711 KiB |      3 MiB |   1314 GiB |   1314 GiB |
|---------------------------------------------------------------------------|
| Allocations           |     470    |     909    |   25045 K  |   25044 K  |
|       from large pool |     125    |     513    |   16739 K  |   16739 K  |
|       from small pool |     345    |     402    |    8305 K  |    8305 K  |
|---------------------------------------------------------------------------|
| Active allocs         |     470    |     909    |   25045 K  |   25044 K  |
|       from large pool |     125    |     513    |   16739 K  |   16739 K  |
|       from small pool |     345    |     402    |    8305 K  |    8305 K  |
|---------------------------------------------------------------------------|
| GPU reserved segments |     230    |     230    |     230    |       0    |
|       from large pool |     224    |     224    |     224    |       0    |
|       from small pool |       6    |       6    |       6    |       0    |
|---------------------------------------------------------------------------|
| Non-releasable allocs |      11    |      47    |   17583 K  |   17583 K  |
|       from large pool |       5    |      39    |   10615 K  |   10615 K  |
|       from small pool |       6    |      11    |    6968 K  |    6968 K  |
|---------------------------------------------------------------------------|
| Oversize allocations  |       0    |       0    |       0    |       0    |
|---------------------------------------------------------------------------|
| Oversize GPU segments |       0    |       0    |       0    |       0    |
|===========================================================================|

| epoch   2 step     5800 |    542 batches | lr 0.0005 | ms/batch 776.29 | loss  2.58 | avg loss  2.61 | ppl 13.55
================================================================================
[Memory Breakdown] step 5900
Parameter memory      : 1355.04 MB
Gradient memory       : 0.00 MB
Optimizer state memory: 3.00 MB
GaLore projector mem  : 0.00 MB
CUDA allocated        : 2257.87 MB
CUDA reserved         : 18264.00 MB
CUDA peak allocated   : 17272.64 MB
================================================================================
|===========================================================================|
|                  PyTorch CUDA memory summary, device ID 0                 |
|---------------------------------------------------------------------------|
|            CUDA OOMs: 0            |        cudaMalloc retries: 0         |
|===========================================================================|
|        Metric         | Cur Usage  | Peak Usage | Tot Alloc  | Tot Freed  |
|---------------------------------------------------------------------------|
| Allocated memory      |   2257 MiB |  17272 MiB | 616049 GiB | 616047 GiB |
|       from large pool |   2250 MiB |  17264 MiB | 614729 GiB | 614727 GiB |
|       from small pool |      7 MiB |     10 MiB |   1320 GiB |   1320 GiB |
|---------------------------------------------------------------------------|
| Active memory         |   2257 MiB |  17272 MiB | 616049 GiB | 616047 GiB |
|       from large pool |   2250 MiB |  17264 MiB | 614729 GiB | 614727 GiB |
|       from small pool |      7 MiB |     10 MiB |   1320 GiB |   1320 GiB |
|---------------------------------------------------------------------------|
| Requested memory      |   2257 MiB |  17269 MiB | 616027 GiB | 616025 GiB |
|       from large pool |   2249 MiB |  17261 MiB | 614707 GiB | 614705 GiB |
|       from small pool |      7 MiB |     10 MiB |   1320 GiB |   1320 GiB |
|---------------------------------------------------------------------------|
| GPU reserved memory   |  18264 MiB |  18264 MiB |  18264 MiB |      0 B   |
|       from large pool |  18252 MiB |  18252 MiB |  18252 MiB |      0 B   |
|       from small pool |     12 MiB |     12 MiB |     12 MiB |      0 B   |
|---------------------------------------------------------------------------|
| Non-releasable memory | 141443 KiB |   1855 MiB | 358035 GiB | 358035 GiB |
|       from large pool | 140732 KiB |   1853 MiB | 356703 GiB | 356703 GiB |
|       from small pool |    711 KiB |      3 MiB |   1331 GiB |   1331 GiB |
|---------------------------------------------------------------------------|
| Allocations           |     470    |     909    |   25421 K  |   25421 K  |
|       from large pool |     125    |     513    |   16988 K  |   16988 K  |
|       from small pool |     345    |     402    |    8433 K  |    8433 K  |
|---------------------------------------------------------------------------|
| Active allocs         |     470    |     909    |   25421 K  |   25421 K  |
|       from large pool |     125    |     513    |   16988 K  |   16988 K  |
|       from small pool |     345    |     402    |    8433 K  |    8433 K  |
|---------------------------------------------------------------------------|
| GPU reserved segments |     230    |     230    |     230    |       0    |
|       from large pool |     224    |     224    |     224    |       0    |
|       from small pool |       6    |       6    |       6    |       0    |
|---------------------------------------------------------------------------|
| Non-releasable allocs |      12    |      47    |   17845 K  |   17845 K  |
|       from large pool |       5    |      39    |   10768 K  |   10768 K  |
|       from small pool |       7    |      11    |    7077 K  |    7077 K  |
|---------------------------------------------------------------------------|
| Oversize allocations  |       0    |       0    |       0    |       0    |
|---------------------------------------------------------------------------|
| Oversize GPU segments |       0    |       0    |       0    |       0    |
|===========================================================================|

| epoch   2 step     5900 |    642 batches | lr 0.0005 | ms/batch 776.11 | loss  2.71 | avg loss  2.63 | ppl 13.85
================================================================================
[Memory Breakdown] step 6000
Parameter memory      : 1355.04 MB
Gradient memory       : 0.00 MB
Optimizer state memory: 3.00 MB
GaLore projector mem  : 0.00 MB
CUDA allocated        : 2257.87 MB
CUDA reserved         : 18264.00 MB
CUDA peak allocated   : 17272.64 MB
================================================================================
|===========================================================================|
|                  PyTorch CUDA memory summary, device ID 0                 |
|---------------------------------------------------------------------------|
|            CUDA OOMs: 0            |        cudaMalloc retries: 0         |
|===========================================================================|
|        Metric         | Cur Usage  | Peak Usage | Tot Alloc  | Tot Freed  |
|---------------------------------------------------------------------------|
| Allocated memory      |   2257 MiB |  17272 MiB | 625631 GiB | 625629 GiB |
|       from large pool |   2250 MiB |  17264 MiB | 624294 GiB | 624292 GiB |
|       from small pool |      7 MiB |     10 MiB |   1337 GiB |   1337 GiB |
|---------------------------------------------------------------------------|
| Active memory         |   2257 MiB |  17272 MiB | 625631 GiB | 625629 GiB |
|       from large pool |   2250 MiB |  17264 MiB | 624294 GiB | 624292 GiB |
|       from small pool |      7 MiB |     10 MiB |   1337 GiB |   1337 GiB |
|---------------------------------------------------------------------------|
| Requested memory      |   2257 MiB |  17269 MiB | 625609 GiB | 625607 GiB |
|       from large pool |   2249 MiB |  17261 MiB | 624272 GiB | 624269 GiB |
|       from small pool |      7 MiB |     10 MiB |   1337 GiB |   1337 GiB |
|---------------------------------------------------------------------------|
| GPU reserved memory   |  18264 MiB |  18264 MiB |  18264 MiB |      0 B   |
|       from large pool |  18252 MiB |  18252 MiB |  18252 MiB |      0 B   |
|       from small pool |     12 MiB |     12 MiB |     12 MiB |      0 B   |
|---------------------------------------------------------------------------|
| Non-releasable memory | 141443 KiB |   1855 MiB | 363658 GiB | 363658 GiB |
|       from large pool | 140732 KiB |   1853 MiB | 362309 GiB | 362309 GiB |
|       from small pool |    711 KiB |      3 MiB |   1348 GiB |   1348 GiB |
|---------------------------------------------------------------------------|
| Allocations           |     470    |     909    |   25798 K  |   25797 K  |
|       from large pool |     125    |     513    |   17236 K  |   17236 K  |
|       from small pool |     345    |     402    |    8561 K  |    8561 K  |
|---------------------------------------------------------------------------|
| Active allocs         |     470    |     909    |   25798 K  |   25797 K  |
|       from large pool |     125    |     513    |   17236 K  |   17236 K  |
|       from small pool |     345    |     402    |    8561 K  |    8561 K  |
|---------------------------------------------------------------------------|
| GPU reserved segments |     230    |     230    |     230    |       0    |
|       from large pool |     224    |     224    |     224    |       0    |
|       from small pool |       6    |       6    |       6    |       0    |
|---------------------------------------------------------------------------|
| Non-releasable allocs |      12    |      47    |   18106 K  |   18106 K  |
|       from large pool |       5    |      39    |   10920 K  |   10920 K  |
|       from small pool |       7    |      11    |    7186 K  |    7186 K  |
|---------------------------------------------------------------------------|
| Oversize allocations  |       0    |       0    |       0    |       0    |
|---------------------------------------------------------------------------|
| Oversize GPU segments |       0    |       0    |       0    |       0    |
|===========================================================================|

| epoch   2 step     6000 |    742 batches | lr 0.0005 | ms/batch 776.19 | loss  2.36 | avg loss  2.60 | ppl 13.43
saving checkpoint ./trained_models/GPT2_M/e2e/model.6000.pt
eval samples: 0 loss: tensor(1.2456, device='cuda:0')
eval samples: 100 loss: tensor(0.9029, device='cuda:0')
eval samples: 200 loss: tensor(1.3290, device='cuda:0')
eval samples: 300 loss: tensor(1.2120, device='cuda:0')
eval samples: 400 loss: tensor(1.0556, device='cuda:0')
eval samples: 500 loss: tensor(0.5449, device='cuda:0')
eval samples: 600 loss: tensor(1.2532, device='cuda:0')
eval samples: 700 loss: tensor(0.7881, device='cuda:0')
eval samples: 800 loss: tensor(1.2500, device='cuda:0')
eval samples: 900 loss: tensor(1.8668, device='cuda:0')
eval samples: 1000 loss: tensor(1.0129, device='cuda:0')
eval samples: 1100 loss: tensor(1.5619, device='cuda:0')
average loss 1.2706888288463631
----------------------------------------------------------------------------------------------------
| Eval   3 at step     6000 | time: 203.80s | valid loss  1.27 | valid ppl  3.56 | best ppl  3.56 
----------------------------------------------------------------------------------------------------
================================================================================
[Memory Breakdown] step 6100
Parameter memory      : 1355.04 MB
Gradient memory       : 0.00 MB
Optimizer state memory: 3.00 MB
GaLore projector mem  : 0.00 MB
CUDA allocated        : 2257.87 MB
CUDA reserved         : 18264.00 MB
CUDA peak allocated   : 17272.64 MB
================================================================================
|===========================================================================|
|                  PyTorch CUDA memory summary, device ID 0                 |
|---------------------------------------------------------------------------|
|            CUDA OOMs: 0            |        cudaMalloc retries: 0         |
|===========================================================================|
|        Metric         | Cur Usage  | Peak Usage | Tot Alloc  | Tot Freed  |
|---------------------------------------------------------------------------|
| Allocated memory      |   2257 MiB |  17272 MiB | 660567 GiB | 660564 GiB |
|       from large pool |   2250 MiB |  17264 MiB | 659046 GiB | 659044 GiB |
|       from small pool |      7 MiB |     10 MiB |   1520 GiB |   1520 GiB |
|---------------------------------------------------------------------------|
| Active memory         |   2257 MiB |  17272 MiB | 660567 GiB | 660564 GiB |
|       from large pool |   2250 MiB |  17264 MiB | 659046 GiB | 659044 GiB |
|       from small pool |      7 MiB |     10 MiB |   1520 GiB |   1520 GiB |
|---------------------------------------------------------------------------|
| Requested memory      |   2257 MiB |  17269 MiB | 660543 GiB | 660541 GiB |
|       from large pool |   2249 MiB |  17261 MiB | 659023 GiB | 659021 GiB |
|       from small pool |      7 MiB |     10 MiB |   1520 GiB |   1520 GiB |
|---------------------------------------------------------------------------|
| GPU reserved memory   |  18264 MiB |  18264 MiB |  18264 MiB |      0 B   |
|       from large pool |  18252 MiB |  18252 MiB |  18252 MiB |      0 B   |
|       from small pool |     12 MiB |     12 MiB |     12 MiB |      0 B   |
|---------------------------------------------------------------------------|
| Non-releasable memory | 141443 KiB |   1855 MiB | 382422 GiB | 382422 GiB |
|       from large pool | 140732 KiB |   1853 MiB | 380890 GiB | 380890 GiB |
|       from small pool |    711 KiB |      3 MiB |   1532 GiB |   1532 GiB |
|---------------------------------------------------------------------------|
| Allocations           |     470    |     909    |   27778 K  |   27778 K  |
|       from large pool |     125    |     513    |   18648 K  |   18648 K  |
|       from small pool |     345    |     402    |    9130 K  |    9129 K  |
|---------------------------------------------------------------------------|
| Active allocs         |     470    |     909    |   27778 K  |   27778 K  |
|       from large pool |     125    |     513    |   18648 K  |   18648 K  |
|       from small pool |     345    |     402    |    9130 K  |    9129 K  |
|---------------------------------------------------------------------------|
| GPU reserved segments |     230    |     230    |     230    |       0    |
|       from large pool |     224    |     224    |     224    |       0    |
|       from small pool |       6    |       6    |       6    |       0    |
|---------------------------------------------------------------------------|
| Non-releasable allocs |      12    |      47    |   19550 K  |   19550 K  |
|       from large pool |       5    |      39    |   11958 K  |   11958 K  |
|       from small pool |       7    |      11    |    7591 K  |    7591 K  |
|---------------------------------------------------------------------------|
| Oversize allocations  |       0    |       0    |       0    |       0    |
|---------------------------------------------------------------------------|
| Oversize GPU segments |       0    |       0    |       0    |       0    |
|===========================================================================|

| epoch   2 step     6100 |    842 batches | lr 0.0005 | ms/batch 2819.51 | loss  2.37 | avg loss  2.62 | ppl 13.77
================================================================================
[Memory Breakdown] step 6200
Parameter memory      : 1355.04 MB
Gradient memory       : 0.00 MB
Optimizer state memory: 3.00 MB
GaLore projector mem  : 0.00 MB
CUDA allocated        : 2257.87 MB
CUDA reserved         : 18264.00 MB
CUDA peak allocated   : 17272.64 MB
================================================================================
|===========================================================================|
|                  PyTorch CUDA memory summary, device ID 0                 |
|---------------------------------------------------------------------------|
|            CUDA OOMs: 0            |        cudaMalloc retries: 0         |
|===========================================================================|
|        Metric         | Cur Usage  | Peak Usage | Tot Alloc  | Tot Freed  |
|---------------------------------------------------------------------------|
| Allocated memory      |   2257 MiB |  17272 MiB | 670149 GiB | 670147 GiB |
|       from large pool |   2250 MiB |  17264 MiB | 668612 GiB | 668609 GiB |
|       from small pool |      7 MiB |     10 MiB |   1537 GiB |   1537 GiB |
|---------------------------------------------------------------------------|
| Active memory         |   2257 MiB |  17272 MiB | 670149 GiB | 670147 GiB |
|       from large pool |   2250 MiB |  17264 MiB | 668612 GiB | 668609 GiB |
|       from small pool |      7 MiB |     10 MiB |   1537 GiB |   1537 GiB |
|---------------------------------------------------------------------------|
| Requested memory      |   2257 MiB |  17269 MiB | 670125 GiB | 670123 GiB |
|       from large pool |   2249 MiB |  17261 MiB | 668588 GiB | 668586 GiB |
|       from small pool |      7 MiB |     10 MiB |   1537 GiB |   1537 GiB |
|---------------------------------------------------------------------------|
| GPU reserved memory   |  18264 MiB |  18264 MiB |  18264 MiB |      0 B   |
|       from large pool |  18252 MiB |  18252 MiB |  18252 MiB |      0 B   |
|       from small pool |     12 MiB |     12 MiB |     12 MiB |      0 B   |
|---------------------------------------------------------------------------|
| Non-releasable memory | 141443 KiB |   1855 MiB | 388045 GiB | 388045 GiB |
|       from large pool | 140732 KiB |   1853 MiB | 386496 GiB | 386496 GiB |
|       from small pool |    711 KiB |      3 MiB |   1549 GiB |   1549 GiB |
|---------------------------------------------------------------------------|
| Allocations           |     470    |     909    |   28155 K  |   28154 K  |
|       from large pool |     125    |     513    |   18897 K  |   18897 K  |
|       from small pool |     345    |     402    |    9258 K  |    9257 K  |
|---------------------------------------------------------------------------|
| Active allocs         |     470    |     909    |   28155 K  |   28154 K  |
|       from large pool |     125    |     513    |   18897 K  |   18897 K  |
|       from small pool |     345    |     402    |    9258 K  |    9257 K  |
|---------------------------------------------------------------------------|
| GPU reserved segments |     230    |     230    |     230    |       0    |
|       from large pool |     224    |     224    |     224    |       0    |
|       from small pool |       6    |       6    |       6    |       0    |
|---------------------------------------------------------------------------|
| Non-releasable allocs |      13    |      47    |   19811 K  |   19811 K  |
|       from large pool |       5    |      39    |   12110 K  |   12110 K  |
|       from small pool |       8    |      11    |    7700 K  |    7700 K  |
|---------------------------------------------------------------------------|
| Oversize allocations  |       0    |       0    |       0    |       0    |
|---------------------------------------------------------------------------|
| Oversize GPU segments |       0    |       0    |       0    |       0    |
|===========================================================================|

| epoch   2 step     6200 |    942 batches | lr 0.0005 | ms/batch 777.44 | loss  2.48 | avg loss  2.62 | ppl 13.78
================================================================================
[Memory Breakdown] step 6300
Parameter memory      : 1355.04 MB
Gradient memory       : 0.00 MB
Optimizer state memory: 3.00 MB
GaLore projector mem  : 0.00 MB
CUDA allocated        : 2257.87 MB
CUDA reserved         : 18264.00 MB
CUDA peak allocated   : 17272.64 MB
================================================================================
|===========================================================================|
|                  PyTorch CUDA memory summary, device ID 0                 |
|---------------------------------------------------------------------------|
|            CUDA OOMs: 0            |        cudaMalloc retries: 0         |
|===========================================================================|
|        Metric         | Cur Usage  | Peak Usage | Tot Alloc  | Tot Freed  |
|---------------------------------------------------------------------------|
| Allocated memory      |   2257 MiB |  17272 MiB | 679731 GiB | 679729 GiB |
|       from large pool |   2250 MiB |  17264 MiB | 678177 GiB | 678175 GiB |
|       from small pool |      7 MiB |     10 MiB |   1553 GiB |   1553 GiB |
|---------------------------------------------------------------------------|
| Active memory         |   2257 MiB |  17272 MiB | 679731 GiB | 679729 GiB |
|       from large pool |   2250 MiB |  17264 MiB | 678177 GiB | 678175 GiB |
|       from small pool |      7 MiB |     10 MiB |   1553 GiB |   1553 GiB |
|---------------------------------------------------------------------------|
| Requested memory      |   2257 MiB |  17269 MiB | 679707 GiB | 679705 GiB |
|       from large pool |   2249 MiB |  17261 MiB | 678153 GiB | 678151 GiB |
|       from small pool |      7 MiB |     10 MiB |   1553 GiB |   1553 GiB |
|---------------------------------------------------------------------------|
| GPU reserved memory   |  18264 MiB |  18264 MiB |  18264 MiB |      0 B   |
|       from large pool |  18252 MiB |  18252 MiB |  18252 MiB |      0 B   |
|       from small pool |     12 MiB |     12 MiB |     12 MiB |      0 B   |
|---------------------------------------------------------------------------|
| Non-releasable memory | 141443 KiB |   1855 MiB | 393668 GiB | 393668 GiB |
|       from large pool | 140732 KiB |   1853 MiB | 392102 GiB | 392102 GiB |
|       from small pool |    711 KiB |      3 MiB |   1565 GiB |   1565 GiB |
|---------------------------------------------------------------------------|
| Allocations           |     470    |     909    |   28531 K  |   28531 K  |
|       from large pool |     125    |     513    |   19145 K  |   19145 K  |
|       from small pool |     345    |     402    |    9386 K  |    9385 K  |
|---------------------------------------------------------------------------|
| Active allocs         |     470    |     909    |   28531 K  |   28531 K  |
|       from large pool |     125    |     513    |   19145 K  |   19145 K  |
|       from small pool |     345    |     402    |    9386 K  |    9385 K  |
|---------------------------------------------------------------------------|
| GPU reserved segments |     230    |     230    |     230    |       0    |
|       from large pool |     224    |     224    |     224    |       0    |
|       from small pool |       6    |       6    |       6    |       0    |
|---------------------------------------------------------------------------|
| Non-releasable allocs |      13    |      47    |   20073 K  |   20073 K  |
|       from large pool |       5    |      39    |   12263 K  |   12263 K  |
|       from small pool |       8    |      11    |    7810 K  |    7810 K  |
|---------------------------------------------------------------------------|
| Oversize allocations  |       0    |       0    |       0    |       0    |
|---------------------------------------------------------------------------|
| Oversize GPU segments |       0    |       0    |       0    |       0    |
|===========================================================================|

| epoch   2 step     6300 |   1042 batches | lr 0.0005 | ms/batch 777.62 | loss  2.79 | avg loss  2.62 | ppl 13.79
================================================================================
[Memory Breakdown] step 6400
Parameter memory      : 1355.04 MB
Gradient memory       : 0.00 MB
Optimizer state memory: 3.00 MB
GaLore projector mem  : 0.00 MB
CUDA allocated        : 2257.87 MB
CUDA reserved         : 18264.00 MB
CUDA peak allocated   : 17272.64 MB
================================================================================
|===========================================================================|
|                  PyTorch CUDA memory summary, device ID 0                 |
|---------------------------------------------------------------------------|
|            CUDA OOMs: 0            |        cudaMalloc retries: 0         |
|===========================================================================|
|        Metric         | Cur Usage  | Peak Usage | Tot Alloc  | Tot Freed  |
|---------------------------------------------------------------------------|
| Allocated memory      |   2257 MiB |  17272 MiB | 689313 GiB | 689311 GiB |
|       from large pool |   2250 MiB |  17264 MiB | 687742 GiB | 687740 GiB |
|       from small pool |      7 MiB |     10 MiB |   1570 GiB |   1570 GiB |
|---------------------------------------------------------------------------|
| Active memory         |   2257 MiB |  17272 MiB | 689313 GiB | 689311 GiB |
|       from large pool |   2250 MiB |  17264 MiB | 687742 GiB | 687740 GiB |
|       from small pool |      7 MiB |     10 MiB |   1570 GiB |   1570 GiB |
|---------------------------------------------------------------------------|
| Requested memory      |   2257 MiB |  17269 MiB | 689288 GiB | 689286 GiB |
|       from large pool |   2249 MiB |  17261 MiB | 687718 GiB | 687716 GiB |
|       from small pool |      7 MiB |     10 MiB |   1570 GiB |   1570 GiB |
|---------------------------------------------------------------------------|
| GPU reserved memory   |  18264 MiB |  18264 MiB |  18264 MiB |      0 B   |
|       from large pool |  18252 MiB |  18252 MiB |  18252 MiB |      0 B   |
|       from small pool |     12 MiB |     12 MiB |     12 MiB |      0 B   |
|---------------------------------------------------------------------------|
| Non-releasable memory | 141443 KiB |   1855 MiB | 399291 GiB | 399291 GiB |
|       from large pool | 140732 KiB |   1853 MiB | 397709 GiB | 397708 GiB |
|       from small pool |    711 KiB |      3 MiB |   1582 GiB |   1582 GiB |
|---------------------------------------------------------------------------|
| Allocations           |     470    |     909    |   28908 K  |   28907 K  |
|       from large pool |     125    |     513    |   19394 K  |   19394 K  |
|       from small pool |     345    |     402    |    9514 K  |    9513 K  |
|---------------------------------------------------------------------------|
| Active allocs         |     470    |     909    |   28908 K  |   28907 K  |
|       from large pool |     125    |     513    |   19394 K  |   19394 K  |
|       from small pool |     345    |     402    |    9514 K  |    9513 K  |
|---------------------------------------------------------------------------|
| GPU reserved segments |     230    |     230    |     230    |       0    |
|       from large pool |     224    |     224    |     224    |       0    |
|       from small pool |       6    |       6    |       6    |       0    |
|---------------------------------------------------------------------------|
| Non-releasable allocs |      12    |      47    |   20335 K  |   20335 K  |
|       from large pool |       5    |      39    |   12415 K  |   12415 K  |
|       from small pool |       7    |      11    |    7919 K  |    7919 K  |
|---------------------------------------------------------------------------|
| Oversize allocations  |       0    |       0    |       0    |       0    |
|---------------------------------------------------------------------------|
| Oversize GPU segments |       0    |       0    |       0    |       0    |
|===========================================================================|

| epoch   2 step     6400 |   1142 batches | lr 0.0005 | ms/batch 777.70 | loss  2.45 | avg loss  2.63 | ppl 13.84
================================================================================
[Memory Breakdown] step 6500
Parameter memory      : 1355.04 MB
Gradient memory       : 0.00 MB
Optimizer state memory: 3.00 MB
GaLore projector mem  : 0.00 MB
CUDA allocated        : 2257.87 MB
CUDA reserved         : 18264.00 MB
CUDA peak allocated   : 17272.64 MB
================================================================================
|===========================================================================|
|                  PyTorch CUDA memory summary, device ID 0                 |
|---------------------------------------------------------------------------|
|            CUDA OOMs: 0            |        cudaMalloc retries: 0         |
|===========================================================================|
|        Metric         | Cur Usage  | Peak Usage | Tot Alloc  | Tot Freed  |
|---------------------------------------------------------------------------|
| Allocated memory      |   2257 MiB |  17272 MiB | 698895 GiB | 698893 GiB |
|       from large pool |   2250 MiB |  17264 MiB | 697307 GiB | 697305 GiB |
|       from small pool |      7 MiB |     10 MiB |   1587 GiB |   1587 GiB |
|---------------------------------------------------------------------------|
| Active memory         |   2257 MiB |  17272 MiB | 698895 GiB | 698893 GiB |
|       from large pool |   2250 MiB |  17264 MiB | 697307 GiB | 697305 GiB |
|       from small pool |      7 MiB |     10 MiB |   1587 GiB |   1587 GiB |
|---------------------------------------------------------------------------|
| Requested memory      |   2257 MiB |  17269 MiB | 698870 GiB | 698868 GiB |
|       from large pool |   2249 MiB |  17261 MiB | 697283 GiB | 697281 GiB |
|       from small pool |      7 MiB |     10 MiB |   1587 GiB |   1587 GiB |
|---------------------------------------------------------------------------|
| GPU reserved memory   |  18264 MiB |  18264 MiB |  18264 MiB |      0 B   |
|       from large pool |  18252 MiB |  18252 MiB |  18252 MiB |      0 B   |
|       from small pool |     12 MiB |     12 MiB |     12 MiB |      0 B   |
|---------------------------------------------------------------------------|
| Non-releasable memory | 141443 KiB |   1855 MiB | 404915 GiB | 404914 GiB |
|       from large pool | 140732 KiB |   1853 MiB | 403315 GiB | 403315 GiB |
|       from small pool |    711 KiB |      3 MiB |   1599 GiB |   1599 GiB |
|---------------------------------------------------------------------------|
| Allocations           |     470    |     909    |   29284 K  |   29284 K  |
|       from large pool |     125    |     513    |   19642 K  |   19642 K  |
|       from small pool |     345    |     402    |    9642 K  |    9641 K  |
|---------------------------------------------------------------------------|
| Active allocs         |     470    |     909    |   29284 K  |   29284 K  |
|       from large pool |     125    |     513    |   19642 K  |   19642 K  |
|       from small pool |     345    |     402    |    9642 K  |    9641 K  |
|---------------------------------------------------------------------------|
| GPU reserved segments |     230    |     230    |     230    |       0    |
|       from large pool |     224    |     224    |     224    |       0    |
|       from small pool |       6    |       6    |       6    |       0    |
|---------------------------------------------------------------------------|
| Non-releasable allocs |      13    |      47    |   20596 K  |   20596 K  |
|       from large pool |       5    |      39    |   12568 K  |   12568 K  |
|       from small pool |       8    |      11    |    8028 K  |    8028 K  |
|---------------------------------------------------------------------------|
| Oversize allocations  |       0    |       0    |       0    |       0    |
|---------------------------------------------------------------------------|
| Oversize GPU segments |       0    |       0    |       0    |       0    |
|===========================================================================|

| epoch   2 step     6500 |   1242 batches | lr 0.0005 | ms/batch 777.59 | loss  2.39 | avg loss  2.65 | ppl 14.11
================================================================================
[Memory Breakdown] step 6600
Parameter memory      : 1355.04 MB
Gradient memory       : 0.00 MB
Optimizer state memory: 3.00 MB
GaLore projector mem  : 0.00 MB
CUDA allocated        : 2257.87 MB
CUDA reserved         : 18264.00 MB
CUDA peak allocated   : 17272.64 MB
================================================================================
|===========================================================================|
|                  PyTorch CUDA memory summary, device ID 0                 |
|---------------------------------------------------------------------------|
|            CUDA OOMs: 0            |        cudaMalloc retries: 0         |
|===========================================================================|
|        Metric         | Cur Usage  | Peak Usage | Tot Alloc  | Tot Freed  |
|---------------------------------------------------------------------------|
| Allocated memory      |   2257 MiB |  17272 MiB | 708477 GiB | 708475 GiB |
|       from large pool |   2250 MiB |  17264 MiB | 706873 GiB | 706871 GiB |
|       from small pool |      7 MiB |     10 MiB |   1604 GiB |   1604 GiB |
|---------------------------------------------------------------------------|
| Active memory         |   2257 MiB |  17272 MiB | 708477 GiB | 708475 GiB |
|       from large pool |   2250 MiB |  17264 MiB | 706873 GiB | 706871 GiB |
|       from small pool |      7 MiB |     10 MiB |   1604 GiB |   1604 GiB |
|---------------------------------------------------------------------------|
| Requested memory      |   2257 MiB |  17269 MiB | 708452 GiB | 708450 GiB |
|       from large pool |   2249 MiB |  17261 MiB | 706848 GiB | 706846 GiB |
|       from small pool |      7 MiB |     10 MiB |   1604 GiB |   1604 GiB |
|---------------------------------------------------------------------------|
| GPU reserved memory   |  18264 MiB |  18264 MiB |  18264 MiB |      0 B   |
|       from large pool |  18252 MiB |  18252 MiB |  18252 MiB |      0 B   |
|       from small pool |     12 MiB |     12 MiB |     12 MiB |      0 B   |
|---------------------------------------------------------------------------|
| Non-releasable memory | 141443 KiB |   1855 MiB | 410538 GiB | 410538 GiB |
|       from large pool | 140732 KiB |   1853 MiB | 408921 GiB | 408921 GiB |
|       from small pool |    711 KiB |      3 MiB |   1616 GiB |   1616 GiB |
|---------------------------------------------------------------------------|
| Allocations           |     470    |     909    |   29661 K  |   29660 K  |
|       from large pool |     125    |     513    |   19891 K  |   19891 K  |
|       from small pool |     345    |     402    |    9770 K  |    9769 K  |
|---------------------------------------------------------------------------|
| Active allocs         |     470    |     909    |   29661 K  |   29660 K  |
|       from large pool |     125    |     513    |   19891 K  |   19891 K  |
|       from small pool |     345    |     402    |    9770 K  |    9769 K  |
|---------------------------------------------------------------------------|
| GPU reserved segments |     230    |     230    |     230    |       0    |
|       from large pool |     224    |     224    |     224    |       0    |
|       from small pool |       6    |       6    |       6    |       0    |
|---------------------------------------------------------------------------|
| Non-releasable allocs |      13    |      47    |   20858 K  |   20858 K  |
|       from large pool |       5    |      39    |   12720 K  |   12720 K  |
|       from small pool |       8    |      11    |    8137 K  |    8137 K  |
|---------------------------------------------------------------------------|
| Oversize allocations  |       0    |       0    |       0    |       0    |
|---------------------------------------------------------------------------|
| Oversize GPU segments |       0    |       0    |       0    |       0    |
|===========================================================================|

| epoch   2 step     6600 |   1342 batches | lr 0.0005 | ms/batch 777.57 | loss  2.89 | avg loss  2.61 | ppl 13.66
================================================================================
[Memory Breakdown] step 6700
Parameter memory      : 1355.04 MB
Gradient memory       : 0.00 MB
Optimizer state memory: 3.00 MB
GaLore projector mem  : 0.00 MB
CUDA allocated        : 2257.87 MB
CUDA reserved         : 18264.00 MB
CUDA peak allocated   : 17272.64 MB
================================================================================
|===========================================================================|
|                  PyTorch CUDA memory summary, device ID 0                 |
|---------------------------------------------------------------------------|
|            CUDA OOMs: 0            |        cudaMalloc retries: 0         |
|===========================================================================|
|        Metric         | Cur Usage  | Peak Usage | Tot Alloc  | Tot Freed  |
|---------------------------------------------------------------------------|
| Allocated memory      |   2257 MiB |  17272 MiB | 718059 GiB | 718057 GiB |
|       from large pool |   2250 MiB |  17264 MiB | 716438 GiB | 716436 GiB |
|       from small pool |      7 MiB |     10 MiB |   1620 GiB |   1620 GiB |
|---------------------------------------------------------------------------|
| Active memory         |   2257 MiB |  17272 MiB | 718059 GiB | 718057 GiB |
|       from large pool |   2250 MiB |  17264 MiB | 716438 GiB | 716436 GiB |
|       from small pool |      7 MiB |     10 MiB |   1620 GiB |   1620 GiB |
|---------------------------------------------------------------------------|
| Requested memory      |   2257 MiB |  17269 MiB | 718034 GiB | 718031 GiB |
|       from large pool |   2249 MiB |  17261 MiB | 716413 GiB | 716410 GiB |
|       from small pool |      7 MiB |     10 MiB |   1620 GiB |   1620 GiB |
|---------------------------------------------------------------------------|
| GPU reserved memory   |  18264 MiB |  18264 MiB |  18264 MiB |      0 B   |
|       from large pool |  18252 MiB |  18252 MiB |  18252 MiB |      0 B   |
|       from small pool |     12 MiB |     12 MiB |     12 MiB |      0 B   |
|---------------------------------------------------------------------------|
| Non-releasable memory | 141443 KiB |   1855 MiB | 416161 GiB | 416161 GiB |
|       from large pool | 140732 KiB |   1853 MiB | 414527 GiB | 414527 GiB |
|       from small pool |    711 KiB |      3 MiB |   1633 GiB |   1633 GiB |
|---------------------------------------------------------------------------|
| Allocations           |     470    |     909    |   30037 K  |   30037 K  |
|       from large pool |     125    |     513    |   20139 K  |   20139 K  |
|       from small pool |     345    |     402    |    9898 K  |    9897 K  |
|---------------------------------------------------------------------------|
| Active allocs         |     470    |     909    |   30037 K  |   30037 K  |
|       from large pool |     125    |     513    |   20139 K  |   20139 K  |
|       from small pool |     345    |     402    |    9898 K  |    9897 K  |
|---------------------------------------------------------------------------|
| GPU reserved segments |     230    |     230    |     230    |       0    |
|       from large pool |     224    |     224    |     224    |       0    |
|       from small pool |       6    |       6    |       6    |       0    |
|---------------------------------------------------------------------------|
| Non-releasable allocs |      12    |      47    |   21120 K  |   21120 K  |
|       from large pool |       5    |      39    |   12873 K  |   12873 K  |
|       from small pool |       7    |      11    |    8246 K  |    8246 K  |
|---------------------------------------------------------------------------|
| Oversize allocations  |       0    |       0    |       0    |       0    |
|---------------------------------------------------------------------------|
| Oversize GPU segments |       0    |       0    |       0    |       0    |
|===========================================================================|

| epoch   2 step     6700 |   1442 batches | lr 0.0005 | ms/batch 777.52 | loss  2.64 | avg loss  2.63 | ppl 13.84
================================================================================
[Memory Breakdown] step 6800
Parameter memory      : 1355.04 MB
Gradient memory       : 0.00 MB
Optimizer state memory: 3.00 MB
GaLore projector mem  : 0.00 MB
CUDA allocated        : 2257.87 MB
CUDA reserved         : 18264.00 MB
CUDA peak allocated   : 17272.64 MB
================================================================================
|===========================================================================|
|                  PyTorch CUDA memory summary, device ID 0                 |
|---------------------------------------------------------------------------|
|            CUDA OOMs: 0            |        cudaMalloc retries: 0         |
|===========================================================================|
|        Metric         | Cur Usage  | Peak Usage | Tot Alloc  | Tot Freed  |
|---------------------------------------------------------------------------|
| Allocated memory      |   2257 MiB |  17272 MiB | 727641 GiB | 727639 GiB |
|       from large pool |   2250 MiB |  17264 MiB | 726003 GiB | 726001 GiB |
|       from small pool |      7 MiB |     10 MiB |   1637 GiB |   1637 GiB |
|---------------------------------------------------------------------------|
| Active memory         |   2257 MiB |  17272 MiB | 727641 GiB | 727639 GiB |
|       from large pool |   2250 MiB |  17264 MiB | 726003 GiB | 726001 GiB |
|       from small pool |      7 MiB |     10 MiB |   1637 GiB |   1637 GiB |
|---------------------------------------------------------------------------|
| Requested memory      |   2257 MiB |  17269 MiB | 727615 GiB | 727613 GiB |
|       from large pool |   2249 MiB |  17261 MiB | 725978 GiB | 725975 GiB |
|       from small pool |      7 MiB |     10 MiB |   1637 GiB |   1637 GiB |
|---------------------------------------------------------------------------|
| GPU reserved memory   |  18264 MiB |  18264 MiB |  18264 MiB |      0 B   |
|       from large pool |  18252 MiB |  18252 MiB |  18252 MiB |      0 B   |
|       from small pool |     12 MiB |     12 MiB |     12 MiB |      0 B   |
|---------------------------------------------------------------------------|
| Non-releasable memory | 141443 KiB |   1855 MiB | 421784 GiB | 421784 GiB |
|       from large pool | 140732 KiB |   1853 MiB | 420134 GiB | 420134 GiB |
|       from small pool |    711 KiB |      3 MiB |   1650 GiB |   1650 GiB |
|---------------------------------------------------------------------------|
| Allocations           |     470    |     909    |   30414 K  |   30413 K  |
|       from large pool |     125    |     513    |   20388 K  |   20388 K  |
|       from small pool |     345    |     402    |   10026 K  |   10025 K  |
|---------------------------------------------------------------------------|
| Active allocs         |     470    |     909    |   30414 K  |   30413 K  |
|       from large pool |     125    |     513    |   20388 K  |   20388 K  |
|       from small pool |     345    |     402    |   10026 K  |   10025 K  |
|---------------------------------------------------------------------------|
| GPU reserved segments |     230    |     230    |     230    |       0    |
|       from large pool |     224    |     224    |     224    |       0    |
|       from small pool |       6    |       6    |       6    |       0    |
|---------------------------------------------------------------------------|
| Non-releasable allocs |      13    |      47    |   21382 K  |   21382 K  |
|       from large pool |       5    |      39    |   13025 K  |   13025 K  |
|       from small pool |       8    |      11    |    8356 K  |    8356 K  |
|---------------------------------------------------------------------------|
| Oversize allocations  |       0    |       0    |       0    |       0    |
|---------------------------------------------------------------------------|
| Oversize GPU segments |       0    |       0    |       0    |       0    |
|===========================================================================|

| epoch   2 step     6800 |   1542 batches | lr 0.0005 | ms/batch 777.76 | loss  2.60 | avg loss  2.64 | ppl 13.97
================================================================================
[Memory Breakdown] step 6900
Parameter memory      : 1355.04 MB
Gradient memory       : 0.00 MB
Optimizer state memory: 3.00 MB
GaLore projector mem  : 0.00 MB
CUDA allocated        : 2257.87 MB
CUDA reserved         : 18264.00 MB
CUDA peak allocated   : 17272.64 MB
================================================================================
|===========================================================================|
|                  PyTorch CUDA memory summary, device ID 0                 |
|---------------------------------------------------------------------------|
|            CUDA OOMs: 0            |        cudaMalloc retries: 0         |
|===========================================================================|
|        Metric         | Cur Usage  | Peak Usage | Tot Alloc  | Tot Freed  |
|---------------------------------------------------------------------------|
| Allocated memory      |   2257 MiB |  17272 MiB | 737223 GiB | 737221 GiB |
|       from large pool |   2250 MiB |  17264 MiB | 735569 GiB | 735566 GiB |
|       from small pool |      7 MiB |     10 MiB |   1654 GiB |   1654 GiB |
|---------------------------------------------------------------------------|
| Active memory         |   2257 MiB |  17272 MiB | 737223 GiB | 737221 GiB |
|       from large pool |   2250 MiB |  17264 MiB | 735569 GiB | 735566 GiB |
|       from small pool |      7 MiB |     10 MiB |   1654 GiB |   1654 GiB |
|---------------------------------------------------------------------------|
| Requested memory      |   2257 MiB |  17269 MiB | 737197 GiB | 737195 GiB |
|       from large pool |   2249 MiB |  17261 MiB | 735543 GiB | 735540 GiB |
|       from small pool |      7 MiB |     10 MiB |   1654 GiB |   1654 GiB |
|---------------------------------------------------------------------------|
| GPU reserved memory   |  18264 MiB |  18264 MiB |  18264 MiB |      0 B   |
|       from large pool |  18252 MiB |  18252 MiB |  18252 MiB |      0 B   |
|       from small pool |     12 MiB |     12 MiB |     12 MiB |      0 B   |
|---------------------------------------------------------------------------|
| Non-releasable memory | 141443 KiB |   1855 MiB | 427408 GiB | 427407 GiB |
|       from large pool | 140732 KiB |   1853 MiB | 425740 GiB | 425740 GiB |
|       from small pool |    711 KiB |      3 MiB |   1667 GiB |   1667 GiB |
|---------------------------------------------------------------------------|
| Allocations           |     470    |     909    |   30790 K  |   30790 K  |
|       from large pool |     125    |     513    |   20636 K  |   20636 K  |
|       from small pool |     345    |     402    |   10154 K  |   10153 K  |
|---------------------------------------------------------------------------|
| Active allocs         |     470    |     909    |   30790 K  |   30790 K  |
|       from large pool |     125    |     513    |   20636 K  |   20636 K  |
|       from small pool |     345    |     402    |   10154 K  |   10153 K  |
|---------------------------------------------------------------------------|
| GPU reserved segments |     230    |     230    |     230    |       0    |
|       from large pool |     224    |     224    |     224    |       0    |
|       from small pool |       6    |       6    |       6    |       0    |
|---------------------------------------------------------------------------|
| Non-releasable allocs |      13    |      47    |   21643 K  |   21643 K  |
|       from large pool |       5    |      39    |   13178 K  |   13178 K  |
|       from small pool |       8    |      11    |    8465 K  |    8465 K  |
|---------------------------------------------------------------------------|
| Oversize allocations  |       0    |       0    |       0    |       0    |
|---------------------------------------------------------------------------|
| Oversize GPU segments |       0    |       0    |       0    |       0    |
|===========================================================================|

| epoch   2 step     6900 |   1642 batches | lr 0.0005 | ms/batch 777.88 | loss  2.58 | avg loss  2.57 | ppl 13.12
================================================================================
[Memory Breakdown] step 7000
Parameter memory      : 1355.04 MB
Gradient memory       : 0.00 MB
Optimizer state memory: 3.00 MB
GaLore projector mem  : 0.00 MB
CUDA allocated        : 2257.87 MB
CUDA reserved         : 18264.00 MB
CUDA peak allocated   : 17272.64 MB
================================================================================
|===========================================================================|
|                  PyTorch CUDA memory summary, device ID 0                 |
|---------------------------------------------------------------------------|
|            CUDA OOMs: 0            |        cudaMalloc retries: 0         |
|===========================================================================|
|        Metric         | Cur Usage  | Peak Usage | Tot Alloc  | Tot Freed  |
|---------------------------------------------------------------------------|
| Allocated memory      |   2257 MiB |  17272 MiB | 746805 GiB | 746803 GiB |
|       from large pool |   2250 MiB |  17264 MiB | 745134 GiB | 745132 GiB |
|       from small pool |      7 MiB |     10 MiB |   1671 GiB |   1671 GiB |
|---------------------------------------------------------------------------|
| Active memory         |   2257 MiB |  17272 MiB | 746805 GiB | 746803 GiB |
|       from large pool |   2250 MiB |  17264 MiB | 745134 GiB | 745132 GiB |
|       from small pool |      7 MiB |     10 MiB |   1671 GiB |   1671 GiB |
|---------------------------------------------------------------------------|
| Requested memory      |   2257 MiB |  17269 MiB | 746779 GiB | 746776 GiB |
|       from large pool |   2249 MiB |  17261 MiB | 745107 GiB | 745105 GiB |
|       from small pool |      7 MiB |     10 MiB |   1671 GiB |   1671 GiB |
|---------------------------------------------------------------------------|
| GPU reserved memory   |  18264 MiB |  18264 MiB |  18264 MiB |      0 B   |
|       from large pool |  18252 MiB |  18252 MiB |  18252 MiB |      0 B   |
|       from small pool |     12 MiB |     12 MiB |     12 MiB |      0 B   |
|---------------------------------------------------------------------------|
| Non-releasable memory | 141443 KiB |   1855 MiB | 433031 GiB | 433031 GiB |
|       from large pool | 140732 KiB |   1853 MiB | 431346 GiB | 431346 GiB |
|       from small pool |    711 KiB |      3 MiB |   1684 GiB |   1684 GiB |
|---------------------------------------------------------------------------|
| Allocations           |     470    |     909    |   31167 K  |   31166 K  |
|       from large pool |     125    |     513    |   20885 K  |   20885 K  |
|       from small pool |     345    |     402    |   10282 K  |   10281 K  |
|---------------------------------------------------------------------------|
| Active allocs         |     470    |     909    |   31167 K  |   31166 K  |
|       from large pool |     125    |     513    |   20885 K  |   20885 K  |
|       from small pool |     345    |     402    |   10282 K  |   10281 K  |
|---------------------------------------------------------------------------|
| GPU reserved segments |     230    |     230    |     230    |       0    |
|       from large pool |     224    |     224    |     224    |       0    |
|       from small pool |       6    |       6    |       6    |       0    |
|---------------------------------------------------------------------------|
| Non-releasable allocs |      12    |      47    |   21905 K  |   21905 K  |
|       from large pool |       5    |      39    |   13330 K  |   13330 K  |
|       from small pool |       7    |      11    |    8574 K  |    8574 K  |
|---------------------------------------------------------------------------|
| Oversize allocations  |       0    |       0    |       0    |       0    |
|---------------------------------------------------------------------------|
| Oversize GPU segments |       0    |       0    |       0    |       0    |
|===========================================================================|

| epoch   2 step     7000 |   1742 batches | lr 0.0005 | ms/batch 777.69 | loss  2.77 | avg loss  2.63 | ppl 13.89
saving checkpoint ./trained_models/GPT2_M/e2e/model.7000.pt
================================================================================
[Memory Breakdown] step 7100
Parameter memory      : 1355.04 MB
Gradient memory       : 0.00 MB
Optimizer state memory: 3.00 MB
GaLore projector mem  : 0.00 MB
CUDA allocated        : 2257.87 MB
CUDA reserved         : 18264.00 MB
CUDA peak allocated   : 17272.64 MB
================================================================================
|===========================================================================|
|                  PyTorch CUDA memory summary, device ID 0                 |
|---------------------------------------------------------------------------|
|            CUDA OOMs: 0            |        cudaMalloc retries: 0         |
|===========================================================================|
|        Metric         | Cur Usage  | Peak Usage | Tot Alloc  | Tot Freed  |
|---------------------------------------------------------------------------|
| Allocated memory      |   2257 MiB |  17272 MiB | 756387 GiB | 756385 GiB |
|       from large pool |   2250 MiB |  17264 MiB | 754699 GiB | 754697 GiB |
|       from small pool |      7 MiB |     10 MiB |   1687 GiB |   1687 GiB |
|---------------------------------------------------------------------------|
| Active memory         |   2257 MiB |  17272 MiB | 756387 GiB | 756385 GiB |
|       from large pool |   2250 MiB |  17264 MiB | 754699 GiB | 754697 GiB |
|       from small pool |      7 MiB |     10 MiB |   1687 GiB |   1687 GiB |
|---------------------------------------------------------------------------|
| Requested memory      |   2257 MiB |  17269 MiB | 756360 GiB | 756358 GiB |
|       from large pool |   2249 MiB |  17261 MiB | 754672 GiB | 754670 GiB |
|       from small pool |      7 MiB |     10 MiB |   1687 GiB |   1687 GiB |
|---------------------------------------------------------------------------|
| GPU reserved memory   |  18264 MiB |  18264 MiB |  18264 MiB |      0 B   |
|       from large pool |  18252 MiB |  18252 MiB |  18252 MiB |      0 B   |
|       from small pool |     12 MiB |     12 MiB |     12 MiB |      0 B   |
|---------------------------------------------------------------------------|
| Non-releasable memory | 141443 KiB |   1855 MiB | 438654 GiB | 438654 GiB |
|       from large pool | 140732 KiB |   1853 MiB | 436953 GiB | 436952 GiB |
|       from small pool |    711 KiB |      3 MiB |   1701 GiB |   1701 GiB |
|---------------------------------------------------------------------------|
| Allocations           |     470    |     909    |   31543 K  |   31543 K  |
|       from large pool |     125    |     513    |   21133 K  |   21133 K  |
|       from small pool |     345    |     402    |   10410 K  |   10409 K  |
|---------------------------------------------------------------------------|
| Active allocs         |     470    |     909    |   31543 K  |   31543 K  |
|       from large pool |     125    |     513    |   21133 K  |   21133 K  |
|       from small pool |     345    |     402    |   10410 K  |   10409 K  |
|---------------------------------------------------------------------------|
| GPU reserved segments |     230    |     230    |     230    |       0    |
|       from large pool |     224    |     224    |     224    |       0    |
|       from small pool |       6    |       6    |       6    |       0    |
|---------------------------------------------------------------------------|
| Non-releasable allocs |      12    |      47    |   22167 K  |   22167 K  |
|       from large pool |       5    |      39    |   13483 K  |   13483 K  |
|       from small pool |       7    |      11    |    8683 K  |    8683 K  |
|---------------------------------------------------------------------------|
| Oversize allocations  |       0    |       0    |       0    |       0    |
|---------------------------------------------------------------------------|
| Oversize GPU segments |       0    |       0    |       0    |       0    |
|===========================================================================|

| epoch   2 step     7100 |   1842 batches | lr 0.0005 | ms/batch 781.92 | loss  2.77 | avg loss  2.62 | ppl 13.73
================================================================================
[Memory Breakdown] step 7200
Parameter memory      : 1355.04 MB
Gradient memory       : 0.00 MB
Optimizer state memory: 3.00 MB
GaLore projector mem  : 0.00 MB
CUDA allocated        : 2257.87 MB
CUDA reserved         : 18264.00 MB
CUDA peak allocated   : 17272.64 MB
================================================================================
|===========================================================================|
|                  PyTorch CUDA memory summary, device ID 0                 |
|---------------------------------------------------------------------------|
|            CUDA OOMs: 0            |        cudaMalloc retries: 0         |
|===========================================================================|
|        Metric         | Cur Usage  | Peak Usage | Tot Alloc  | Tot Freed  |
|---------------------------------------------------------------------------|
| Allocated memory      |   2257 MiB |  17272 MiB | 765969 GiB | 765967 GiB |
|       from large pool |   2250 MiB |  17264 MiB | 764264 GiB | 764262 GiB |
|       from small pool |      7 MiB |     10 MiB |   1704 GiB |   1704 GiB |
|---------------------------------------------------------------------------|
| Active memory         |   2257 MiB |  17272 MiB | 765969 GiB | 765967 GiB |
|       from large pool |   2250 MiB |  17264 MiB | 764264 GiB | 764262 GiB |
|       from small pool |      7 MiB |     10 MiB |   1704 GiB |   1704 GiB |
|---------------------------------------------------------------------------|
| Requested memory      |   2257 MiB |  17269 MiB | 765942 GiB | 765940 GiB |
|       from large pool |   2249 MiB |  17261 MiB | 764237 GiB | 764235 GiB |
|       from small pool |      7 MiB |     10 MiB |   1704 GiB |   1704 GiB |
|---------------------------------------------------------------------------|
| GPU reserved memory   |  18264 MiB |  18264 MiB |  18264 MiB |      0 B   |
|       from large pool |  18252 MiB |  18252 MiB |  18252 MiB |      0 B   |
|       from small pool |     12 MiB |     12 MiB |     12 MiB |      0 B   |
|---------------------------------------------------------------------------|
| Non-releasable memory | 141443 KiB |   1855 MiB | 444277 GiB | 444277 GiB |
|       from large pool | 140732 KiB |   1853 MiB | 442559 GiB | 442559 GiB |
|       from small pool |    711 KiB |      3 MiB |   1718 GiB |   1718 GiB |
|---------------------------------------------------------------------------|
| Allocations           |     470    |     909    |   31920 K  |   31919 K  |
|       from large pool |     125    |     513    |   21382 K  |   21382 K  |
|       from small pool |     345    |     402    |   10538 K  |   10537 K  |
|---------------------------------------------------------------------------|
| Active allocs         |     470    |     909    |   31920 K  |   31919 K  |
|       from large pool |     125    |     513    |   21382 K  |   21382 K  |
|       from small pool |     345    |     402    |   10538 K  |   10537 K  |
|---------------------------------------------------------------------------|
| GPU reserved segments |     230    |     230    |     230    |       0    |
|       from large pool |     224    |     224    |     224    |       0    |
|       from small pool |       6    |       6    |       6    |       0    |
|---------------------------------------------------------------------------|
| Non-releasable allocs |      12    |      47    |   22428 K  |   22428 K  |
|       from large pool |       5    |      39    |   13635 K  |   13635 K  |
|       from small pool |       7    |      11    |    8792 K  |    8792 K  |
|---------------------------------------------------------------------------|
| Oversize allocations  |       0    |       0    |       0    |       0    |
|---------------------------------------------------------------------------|
| Oversize GPU segments |       0    |       0    |       0    |       0    |
|===========================================================================|

| epoch   2 step     7200 |   1942 batches | lr 0.0005 | ms/batch 777.75 | loss  2.66 | avg loss  2.62 | ppl 13.71
================================================================================
[Memory Breakdown] step 7300
Parameter memory      : 1355.04 MB
Gradient memory       : 0.00 MB
Optimizer state memory: 3.00 MB
GaLore projector mem  : 0.00 MB
CUDA allocated        : 2257.87 MB
CUDA reserved         : 18264.00 MB
CUDA peak allocated   : 17272.64 MB
================================================================================
|===========================================================================|
|                  PyTorch CUDA memory summary, device ID 0                 |
|---------------------------------------------------------------------------|
|            CUDA OOMs: 0            |        cudaMalloc retries: 0         |
|===========================================================================|
|        Metric         | Cur Usage  | Peak Usage | Tot Alloc  | Tot Freed  |
|---------------------------------------------------------------------------|
| Allocated memory      |   2257 MiB |  17272 MiB | 775551 GiB | 775549 GiB |
|       from large pool |   2250 MiB |  17264 MiB | 773830 GiB | 773828 GiB |
|       from small pool |      7 MiB |     10 MiB |   1721 GiB |   1721 GiB |
|---------------------------------------------------------------------------|
| Active memory         |   2257 MiB |  17272 MiB | 775551 GiB | 775549 GiB |
|       from large pool |   2250 MiB |  17264 MiB | 773830 GiB | 773828 GiB |
|       from small pool |      7 MiB |     10 MiB |   1721 GiB |   1721 GiB |
|---------------------------------------------------------------------------|
| Requested memory      |   2257 MiB |  17269 MiB | 775524 GiB | 775521 GiB |
|       from large pool |   2249 MiB |  17261 MiB | 773802 GiB | 773800 GiB |
|       from small pool |      7 MiB |     10 MiB |   1721 GiB |   1721 GiB |
|---------------------------------------------------------------------------|
| GPU reserved memory   |  18264 MiB |  18264 MiB |  18264 MiB |      0 B   |
|       from large pool |  18252 MiB |  18252 MiB |  18252 MiB |      0 B   |
|       from small pool |     12 MiB |     12 MiB |     12 MiB |      0 B   |
|---------------------------------------------------------------------------|
| Non-releasable memory | 141443 KiB |   1855 MiB | 449900 GiB | 449900 GiB |
|       from large pool | 140732 KiB |   1853 MiB | 448165 GiB | 448165 GiB |
|       from small pool |    711 KiB |      3 MiB |   1735 GiB |   1735 GiB |
|---------------------------------------------------------------------------|
| Allocations           |     470    |     909    |   32296 K  |   32296 K  |
|       from large pool |     125    |     513    |   21630 K  |   21630 K  |
|       from small pool |     345    |     402    |   10666 K  |   10665 K  |
|---------------------------------------------------------------------------|
| Active allocs         |     470    |     909    |   32296 K  |   32296 K  |
|       from large pool |     125    |     513    |   21630 K  |   21630 K  |
|       from small pool |     345    |     402    |   10666 K  |   10665 K  |
|---------------------------------------------------------------------------|
| GPU reserved segments |     230    |     230    |     230    |       0    |
|       from large pool |     224    |     224    |     224    |       0    |
|       from small pool |       6    |       6    |       6    |       0    |
|---------------------------------------------------------------------------|
| Non-releasable allocs |      11    |      47    |   22690 K  |   22690 K  |
|       from large pool |       5    |      39    |   13788 K  |   13788 K  |
|       from small pool |       6    |      11    |    8901 K  |    8901 K  |
|---------------------------------------------------------------------------|
| Oversize allocations  |       0    |       0    |       0    |       0    |
|---------------------------------------------------------------------------|
| Oversize GPU segments |       0    |       0    |       0    |       0    |
|===========================================================================|

| epoch   2 step     7300 |   2042 batches | lr 0.0005 | ms/batch 777.51 | loss  2.47 | avg loss  2.59 | ppl 13.38
================================================================================
[Memory Breakdown] step 7400
Parameter memory      : 1355.04 MB
Gradient memory       : 0.00 MB
Optimizer state memory: 3.00 MB
GaLore projector mem  : 0.00 MB
CUDA allocated        : 2257.87 MB
CUDA reserved         : 18264.00 MB
CUDA peak allocated   : 17272.64 MB
================================================================================
|===========================================================================|
|                  PyTorch CUDA memory summary, device ID 0                 |
|---------------------------------------------------------------------------|
|            CUDA OOMs: 0            |        cudaMalloc retries: 0         |
|===========================================================================|
|        Metric         | Cur Usage  | Peak Usage | Tot Alloc  | Tot Freed  |
|---------------------------------------------------------------------------|
| Allocated memory      |   2257 MiB |  17272 MiB | 785133 GiB | 785131 GiB |
|       from large pool |   2250 MiB |  17264 MiB | 783395 GiB | 783393 GiB |
|       from small pool |      7 MiB |     10 MiB |   1738 GiB |   1738 GiB |
|---------------------------------------------------------------------------|
| Active memory         |   2257 MiB |  17272 MiB | 785133 GiB | 785131 GiB |
|       from large pool |   2250 MiB |  17264 MiB | 783395 GiB | 783393 GiB |
|       from small pool |      7 MiB |     10 MiB |   1738 GiB |   1738 GiB |
|---------------------------------------------------------------------------|
| Requested memory      |   2257 MiB |  17269 MiB | 785105 GiB | 785103 GiB |
|       from large pool |   2249 MiB |  17261 MiB | 783367 GiB | 783365 GiB |
|       from small pool |      7 MiB |     10 MiB |   1738 GiB |   1738 GiB |
|---------------------------------------------------------------------------|
| GPU reserved memory   |  18264 MiB |  18264 MiB |  18264 MiB |      0 B   |
|       from large pool |  18252 MiB |  18252 MiB |  18252 MiB |      0 B   |
|       from small pool |     12 MiB |     12 MiB |     12 MiB |      0 B   |
|---------------------------------------------------------------------------|
| Non-releasable memory | 141443 KiB |   1855 MiB | 455524 GiB | 455523 GiB |
|       from large pool | 140732 KiB |   1853 MiB | 453771 GiB | 453771 GiB |
|       from small pool |    711 KiB |      3 MiB |   1752 GiB |   1752 GiB |
|---------------------------------------------------------------------------|
| Allocations           |     470    |     909    |   32673 K  |   32672 K  |
|       from large pool |     125    |     513    |   21879 K  |   21879 K  |
|       from small pool |     345    |     402    |   10794 K  |   10793 K  |
|---------------------------------------------------------------------------|
| Active allocs         |     470    |     909    |   32673 K  |   32672 K  |
|       from large pool |     125    |     513    |   21879 K  |   21879 K  |
|       from small pool |     345    |     402    |   10794 K  |   10793 K  |
|---------------------------------------------------------------------------|
| GPU reserved segments |     230    |     230    |     230    |       0    |
|       from large pool |     224    |     224    |     224    |       0    |
|       from small pool |       6    |       6    |       6    |       0    |
|---------------------------------------------------------------------------|
| Non-releasable allocs |      12    |      47    |   22951 K  |   22951 K  |
|       from large pool |       5    |      39    |   13940 K  |   13940 K  |
|       from small pool |       7    |      11    |    9010 K  |    9010 K  |
|---------------------------------------------------------------------------|
| Oversize allocations  |       0    |       0    |       0    |       0    |
|---------------------------------------------------------------------------|
| Oversize GPU segments |       0    |       0    |       0    |       0    |
|===========================================================================|

| epoch   2 step     7400 |   2142 batches | lr 0.0005 | ms/batch 777.64 | loss  2.95 | avg loss  2.59 | ppl 13.34
================================================================================
[Memory Breakdown] step 7500
Parameter memory      : 1355.04 MB
Gradient memory       : 0.00 MB
Optimizer state memory: 3.00 MB
GaLore projector mem  : 0.00 MB
CUDA allocated        : 2257.87 MB
CUDA reserved         : 18264.00 MB
CUDA peak allocated   : 17272.64 MB
================================================================================
|===========================================================================|
|                  PyTorch CUDA memory summary, device ID 0                 |
|---------------------------------------------------------------------------|
|            CUDA OOMs: 0            |        cudaMalloc retries: 0         |
|===========================================================================|
|        Metric         | Cur Usage  | Peak Usage | Tot Alloc  | Tot Freed  |
|---------------------------------------------------------------------------|
| Allocated memory      |   2257 MiB |  17272 MiB |    776 TiB |    776 TiB |
|       from large pool |   2250 MiB |  17264 MiB |    774 TiB |    774 TiB |
|       from small pool |      7 MiB |     10 MiB |      1 TiB |      1 TiB |
|---------------------------------------------------------------------------|
| Active memory         |   2257 MiB |  17272 MiB |    776 TiB |    776 TiB |
|       from large pool |   2250 MiB |  17264 MiB |    774 TiB |    774 TiB |
|       from small pool |      7 MiB |     10 MiB |      1 TiB |      1 TiB |
|---------------------------------------------------------------------------|
| Requested memory      |   2257 MiB |  17269 MiB |    776 TiB |    776 TiB |
|       from large pool |   2249 MiB |  17261 MiB |    774 TiB |    774 TiB |
|       from small pool |      7 MiB |     10 MiB |      1 TiB |      1 TiB |
|---------------------------------------------------------------------------|
| GPU reserved memory   |  18264 MiB |  18264 MiB |  18264 MiB |      0 B   |
|       from large pool |  18252 MiB |  18252 MiB |  18252 MiB |      0 B   |
|       from small pool |     12 MiB |     12 MiB |     12 MiB |      0 B   |
|---------------------------------------------------------------------------|
| Non-releasable memory | 141443 KiB |   1855 MiB | 461147 GiB | 461147 GiB |
|       from large pool | 140732 KiB |   1853 MiB | 459378 GiB | 459378 GiB |
|       from small pool |    711 KiB |      3 MiB |   1769 GiB |   1769 GiB |
|---------------------------------------------------------------------------|
| Allocations           |     470    |     909    |   33049 K  |   33049 K  |
|       from large pool |     125    |     513    |   22127 K  |   22127 K  |
|       from small pool |     345    |     402    |   10922 K  |   10921 K  |
|---------------------------------------------------------------------------|
| Active allocs         |     470    |     909    |   33049 K  |   33049 K  |
|       from large pool |     125    |     513    |   22127 K  |   22127 K  |
|       from small pool |     345    |     402    |   10922 K  |   10921 K  |
|---------------------------------------------------------------------------|
| GPU reserved segments |     230    |     230    |     230    |       0    |
|       from large pool |     224    |     224    |     224    |       0    |
|       from small pool |       6    |       6    |       6    |       0    |
|---------------------------------------------------------------------------|
| Non-releasable allocs |      12    |      47    |   23213 K  |   23213 K  |
|       from large pool |       5    |      39    |   14093 K  |   14093 K  |
|       from small pool |       7    |      11    |    9120 K  |    9120 K  |
|---------------------------------------------------------------------------|
| Oversize allocations  |       0    |       0    |       0    |       0    |
|---------------------------------------------------------------------------|
| Oversize GPU segments |       0    |       0    |       0    |       0    |
|===========================================================================|

| epoch   2 step     7500 |   2242 batches | lr 0.0005 | ms/batch 777.47 | loss  2.85 | avg loss  2.65 | ppl 14.10
================================================================================
[Memory Breakdown] step 7600
Parameter memory      : 1355.04 MB
Gradient memory       : 0.00 MB
Optimizer state memory: 3.00 MB
GaLore projector mem  : 0.00 MB
CUDA allocated        : 2257.87 MB
CUDA reserved         : 18264.00 MB
CUDA peak allocated   : 17272.64 MB
================================================================================
|===========================================================================|
|                  PyTorch CUDA memory summary, device ID 0                 |
|---------------------------------------------------------------------------|
|            CUDA OOMs: 0            |        cudaMalloc retries: 0         |
|===========================================================================|
|        Metric         | Cur Usage  | Peak Usage | Tot Alloc  | Tot Freed  |
|---------------------------------------------------------------------------|
| Allocated memory      |   2257 MiB |  17272 MiB |    785 TiB |    785 TiB |
|       from large pool |   2250 MiB |  17264 MiB |    783 TiB |    783 TiB |
|       from small pool |      7 MiB |     10 MiB |      1 TiB |      1 TiB |
|---------------------------------------------------------------------------|
| Active memory         |   2257 MiB |  17272 MiB |    785 TiB |    785 TiB |
|       from large pool |   2250 MiB |  17264 MiB |    783 TiB |    783 TiB |
|       from small pool |      7 MiB |     10 MiB |      1 TiB |      1 TiB |
|---------------------------------------------------------------------------|
| Requested memory      |   2257 MiB |  17269 MiB |    785 TiB |    785 TiB |
|       from large pool |   2249 MiB |  17261 MiB |    783 TiB |    783 TiB |
|       from small pool |      7 MiB |     10 MiB |      1 TiB |      1 TiB |
|---------------------------------------------------------------------------|
| GPU reserved memory   |  18264 MiB |  18264 MiB |  18264 MiB |      0 B   |
|       from large pool |  18252 MiB |  18252 MiB |  18252 MiB |      0 B   |
|       from small pool |     12 MiB |     12 MiB |     12 MiB |      0 B   |
|---------------------------------------------------------------------------|
| Non-releasable memory | 141443 KiB |   1855 MiB | 466770 GiB | 466770 GiB |
|       from large pool | 140732 KiB |   1853 MiB | 464984 GiB | 464984 GiB |
|       from small pool |    711 KiB |      3 MiB |   1786 GiB |   1786 GiB |
|---------------------------------------------------------------------------|
| Allocations           |     470    |     909    |   33426 K  |   33425 K  |
|       from large pool |     125    |     513    |   22376 K  |   22376 K  |
|       from small pool |     345    |     402    |   11050 K  |   11049 K  |
|---------------------------------------------------------------------------|
| Active allocs         |     470    |     909    |   33426 K  |   33425 K  |
|       from large pool |     125    |     513    |   22376 K  |   22376 K  |
|       from small pool |     345    |     402    |   11050 K  |   11049 K  |
|---------------------------------------------------------------------------|
| GPU reserved segments |     230    |     230    |     230    |       0    |
|       from large pool |     224    |     224    |     224    |       0    |
|       from small pool |       6    |       6    |       6    |       0    |
|---------------------------------------------------------------------------|
| Non-releasable allocs |      11    |      47    |   23475 K  |   23475 K  |
|       from large pool |       5    |      39    |   14245 K  |   14245 K  |
|       from small pool |       6    |      11    |    9229 K  |    9229 K  |
|---------------------------------------------------------------------------|
| Oversize allocations  |       0    |       0    |       0    |       0    |
|---------------------------------------------------------------------------|
| Oversize GPU segments |       0    |       0    |       0    |       0    |
|===========================================================================|

| epoch   2 step     7600 |   2342 batches | lr 0.0005 | ms/batch 777.60 | loss  2.36 | avg loss  2.60 | ppl 13.45
================================================================================
[Memory Breakdown] step 7700
Parameter memory      : 1355.04 MB
Gradient memory       : 0.00 MB
Optimizer state memory: 3.00 MB
GaLore projector mem  : 0.00 MB
CUDA allocated        : 2257.87 MB
CUDA reserved         : 18264.00 MB
CUDA peak allocated   : 17272.64 MB
================================================================================
|===========================================================================|
|                  PyTorch CUDA memory summary, device ID 0                 |
|---------------------------------------------------------------------------|
|            CUDA OOMs: 0            |        cudaMalloc retries: 0         |
|===========================================================================|
|        Metric         | Cur Usage  | Peak Usage | Tot Alloc  | Tot Freed  |
|---------------------------------------------------------------------------|
| Allocated memory      |   2257 MiB |  17272 MiB |    794 TiB |    794 TiB |
|       from large pool |   2250 MiB |  17264 MiB |    793 TiB |    793 TiB |
|       from small pool |      7 MiB |     10 MiB |      1 TiB |      1 TiB |
|---------------------------------------------------------------------------|
| Active memory         |   2257 MiB |  17272 MiB |    794 TiB |    794 TiB |
|       from large pool |   2250 MiB |  17264 MiB |    793 TiB |    793 TiB |
|       from small pool |      7 MiB |     10 MiB |      1 TiB |      1 TiB |
|---------------------------------------------------------------------------|
| Requested memory      |   2257 MiB |  17269 MiB |    794 TiB |    794 TiB |
|       from large pool |   2249 MiB |  17261 MiB |    793 TiB |    793 TiB |
|       from small pool |      7 MiB |     10 MiB |      1 TiB |      1 TiB |
|---------------------------------------------------------------------------|
| GPU reserved memory   |  18264 MiB |  18264 MiB |  18264 MiB |      0 B   |
|       from large pool |  18252 MiB |  18252 MiB |  18252 MiB |      0 B   |
|       from small pool |     12 MiB |     12 MiB |     12 MiB |      0 B   |
|---------------------------------------------------------------------------|
| Non-releasable memory | 141443 KiB |   1855 MiB | 472393 GiB | 472393 GiB |
|       from large pool | 140732 KiB |   1853 MiB | 470590 GiB | 470590 GiB |
|       from small pool |    711 KiB |      3 MiB |   1802 GiB |   1802 GiB |
|---------------------------------------------------------------------------|
| Allocations           |     470    |     909    |   33802 K  |   33802 K  |
|       from large pool |     125    |     513    |   22624 K  |   22624 K  |
|       from small pool |     345    |     402    |   11178 K  |   11177 K  |
|---------------------------------------------------------------------------|
| Active allocs         |     470    |     909    |   33802 K  |   33802 K  |
|       from large pool |     125    |     513    |   22624 K  |   22624 K  |
|       from small pool |     345    |     402    |   11178 K  |   11177 K  |
|---------------------------------------------------------------------------|
| GPU reserved segments |     230    |     230    |     230    |       0    |
|       from large pool |     224    |     224    |     224    |       0    |
|       from small pool |       6    |       6    |       6    |       0    |
|---------------------------------------------------------------------------|
| Non-releasable allocs |      12    |      47    |   23736 K  |   23736 K  |
|       from large pool |       5    |      39    |   14398 K  |   14398 K  |
|       from small pool |       7    |      11    |    9338 K  |    9338 K  |
|---------------------------------------------------------------------------|
| Oversize allocations  |       0    |       0    |       0    |       0    |
|---------------------------------------------------------------------------|
| Oversize GPU segments |       0    |       0    |       0    |       0    |
|===========================================================================|

| epoch   2 step     7700 |   2442 batches | lr 0.0005 | ms/batch 777.30 | loss  2.77 | avg loss  2.61 | ppl 13.55
================================================================================
[Memory Breakdown] step 7800
Parameter memory      : 1355.04 MB
Gradient memory       : 0.00 MB
Optimizer state memory: 3.00 MB
GaLore projector mem  : 0.00 MB
CUDA allocated        : 2257.87 MB
CUDA reserved         : 18264.00 MB
CUDA peak allocated   : 17272.64 MB
================================================================================
|===========================================================================|
|                  PyTorch CUDA memory summary, device ID 0                 |
|---------------------------------------------------------------------------|
|            CUDA OOMs: 0            |        cudaMalloc retries: 0         |
|===========================================================================|
|        Metric         | Cur Usage  | Peak Usage | Tot Alloc  | Tot Freed  |
|---------------------------------------------------------------------------|
| Allocated memory      |   2257 MiB |  17272 MiB |    804 TiB |    804 TiB |
|       from large pool |   2250 MiB |  17264 MiB |    802 TiB |    802 TiB |
|       from small pool |      7 MiB |     10 MiB |      1 TiB |      1 TiB |
|---------------------------------------------------------------------------|
| Active memory         |   2257 MiB |  17272 MiB |    804 TiB |    804 TiB |
|       from large pool |   2250 MiB |  17264 MiB |    802 TiB |    802 TiB |
|       from small pool |      7 MiB |     10 MiB |      1 TiB |      1 TiB |
|---------------------------------------------------------------------------|
| Requested memory      |   2257 MiB |  17269 MiB |    804 TiB |    804 TiB |
|       from large pool |   2249 MiB |  17261 MiB |    802 TiB |    802 TiB |
|       from small pool |      7 MiB |     10 MiB |      1 TiB |      1 TiB |
|---------------------------------------------------------------------------|
| GPU reserved memory   |  18264 MiB |  18264 MiB |  18264 MiB |      0 B   |
|       from large pool |  18252 MiB |  18252 MiB |  18252 MiB |      0 B   |
|       from small pool |     12 MiB |     12 MiB |     12 MiB |      0 B   |
|---------------------------------------------------------------------------|
| Non-releasable memory | 141443 KiB |   1855 MiB | 478016 GiB | 478016 GiB |
|       from large pool | 140732 KiB |   1853 MiB | 476197 GiB | 476196 GiB |
|       from small pool |    711 KiB |      3 MiB |   1819 GiB |   1819 GiB |
|---------------------------------------------------------------------------|
| Allocations           |     470    |     909    |   34179 K  |   34178 K  |
|       from large pool |     125    |     513    |   22873 K  |   22873 K  |
|       from small pool |     345    |     402    |   11306 K  |   11305 K  |
|---------------------------------------------------------------------------|
| Active allocs         |     470    |     909    |   34179 K  |   34178 K  |
|       from large pool |     125    |     513    |   22873 K  |   22873 K  |
|       from small pool |     345    |     402    |   11306 K  |   11305 K  |
|---------------------------------------------------------------------------|
| GPU reserved segments |     230    |     230    |     230    |       0    |
|       from large pool |     224    |     224    |     224    |       0    |
|       from small pool |       6    |       6    |       6    |       0    |
|---------------------------------------------------------------------------|
| Non-releasable allocs |      12    |      47    |   23998 K  |   23998 K  |
|       from large pool |       5    |      39    |   14550 K  |   14550 K  |
|       from small pool |       7    |      11    |    9447 K  |    9447 K  |
|---------------------------------------------------------------------------|
| Oversize allocations  |       0    |       0    |       0    |       0    |
|---------------------------------------------------------------------------|
| Oversize GPU segments |       0    |       0    |       0    |       0    |
|===========================================================================|

| epoch   2 step     7800 |   2542 batches | lr 0.0005 | ms/batch 777.52 | loss  2.67 | avg loss  2.59 | ppl 13.29
================================================================================
[Memory Breakdown] step 7900
Parameter memory      : 1355.04 MB
Gradient memory       : 0.00 MB
Optimizer state memory: 3.00 MB
GaLore projector mem  : 0.00 MB
CUDA allocated        : 2257.87 MB
CUDA reserved         : 18264.00 MB
CUDA peak allocated   : 17272.64 MB
================================================================================
|===========================================================================|
|                  PyTorch CUDA memory summary, device ID 0                 |
|---------------------------------------------------------------------------|
|            CUDA OOMs: 0            |        cudaMalloc retries: 0         |
|===========================================================================|
|        Metric         | Cur Usage  | Peak Usage | Tot Alloc  | Tot Freed  |
|---------------------------------------------------------------------------|
| Allocated memory      |   2257 MiB |  17272 MiB |    813 TiB |    813 TiB |
|       from large pool |   2250 MiB |  17264 MiB |    811 TiB |    811 TiB |
|       from small pool |      7 MiB |     10 MiB |      1 TiB |      1 TiB |
|---------------------------------------------------------------------------|
| Active memory         |   2257 MiB |  17272 MiB |    813 TiB |    813 TiB |
|       from large pool |   2250 MiB |  17264 MiB |    811 TiB |    811 TiB |
|       from small pool |      7 MiB |     10 MiB |      1 TiB |      1 TiB |
|---------------------------------------------------------------------------|
| Requested memory      |   2257 MiB |  17269 MiB |    813 TiB |    813 TiB |
|       from large pool |   2249 MiB |  17261 MiB |    811 TiB |    811 TiB |
|       from small pool |      7 MiB |     10 MiB |      1 TiB |      1 TiB |
|---------------------------------------------------------------------------|
| GPU reserved memory   |  18264 MiB |  18264 MiB |  18264 MiB |      0 B   |
|       from large pool |  18252 MiB |  18252 MiB |  18252 MiB |      0 B   |
|       from small pool |     12 MiB |     12 MiB |     12 MiB |      0 B   |
|---------------------------------------------------------------------------|
| Non-releasable memory | 141443 KiB |   1855 MiB | 483640 GiB | 483640 GiB |
|       from large pool | 140732 KiB |   1853 MiB | 481803 GiB | 481803 GiB |
|       from small pool |    711 KiB |      3 MiB |   1836 GiB |   1836 GiB |
|---------------------------------------------------------------------------|
| Allocations           |     470    |     909    |   34555 K  |   34555 K  |
|       from large pool |     125    |     513    |   23121 K  |   23121 K  |
|       from small pool |     345    |     402    |   11434 K  |   11433 K  |
|---------------------------------------------------------------------------|
| Active allocs         |     470    |     909    |   34555 K  |   34555 K  |
|       from large pool |     125    |     513    |   23121 K  |   23121 K  |
|       from small pool |     345    |     402    |   11434 K  |   11433 K  |
|---------------------------------------------------------------------------|
| GPU reserved segments |     230    |     230    |     230    |       0    |
|       from large pool |     224    |     224    |     224    |       0    |
|       from small pool |       6    |       6    |       6    |       0    |
|---------------------------------------------------------------------------|
| Non-releasable allocs |      11    |      47    |   24259 K  |   24259 K  |
|       from large pool |       5    |      39    |   14703 K  |   14703 K  |
|       from small pool |       6    |      11    |    9556 K  |    9556 K  |
|---------------------------------------------------------------------------|
| Oversize allocations  |       0    |       0    |       0    |       0    |
|---------------------------------------------------------------------------|
| Oversize GPU segments |       0    |       0    |       0    |       0    |
|===========================================================================|

| epoch   2 step     7900 |   2642 batches | lr 0.0005 | ms/batch 777.46 | loss  2.98 | avg loss  2.64 | ppl 14.04
================================================================================
[Memory Breakdown] step 8000
Parameter memory      : 1355.04 MB
Gradient memory       : 0.00 MB
Optimizer state memory: 3.00 MB
GaLore projector mem  : 0.00 MB
CUDA allocated        : 2257.87 MB
CUDA reserved         : 18264.00 MB
CUDA peak allocated   : 17272.64 MB
================================================================================
|===========================================================================|
|                  PyTorch CUDA memory summary, device ID 0                 |
|---------------------------------------------------------------------------|
|            CUDA OOMs: 0            |        cudaMalloc retries: 0         |
|===========================================================================|
|        Metric         | Cur Usage  | Peak Usage | Tot Alloc  | Tot Freed  |
|---------------------------------------------------------------------------|
| Allocated memory      |   2257 MiB |  17272 MiB |    822 TiB |    822 TiB |
|       from large pool |   2250 MiB |  17264 MiB |    821 TiB |    821 TiB |
|       from small pool |      7 MiB |     10 MiB |      1 TiB |      1 TiB |
|---------------------------------------------------------------------------|
| Active memory         |   2257 MiB |  17272 MiB |    822 TiB |    822 TiB |
|       from large pool |   2250 MiB |  17264 MiB |    821 TiB |    821 TiB |
|       from small pool |      7 MiB |     10 MiB |      1 TiB |      1 TiB |
|---------------------------------------------------------------------------|
| Requested memory      |   2257 MiB |  17269 MiB |    822 TiB |    822 TiB |
|       from large pool |   2249 MiB |  17261 MiB |    821 TiB |    821 TiB |
|       from small pool |      7 MiB |     10 MiB |      1 TiB |      1 TiB |
|---------------------------------------------------------------------------|
| GPU reserved memory   |  18264 MiB |  18264 MiB |  18264 MiB |      0 B   |
|       from large pool |  18252 MiB |  18252 MiB |  18252 MiB |      0 B   |
|       from small pool |     12 MiB |     12 MiB |     12 MiB |      0 B   |
|---------------------------------------------------------------------------|
| Non-releasable memory | 141443 KiB |   1855 MiB | 489263 GiB | 489263 GiB |
|       from large pool | 140732 KiB |   1853 MiB | 487409 GiB | 487409 GiB |
|       from small pool |    711 KiB |      3 MiB |   1853 GiB |   1853 GiB |
|---------------------------------------------------------------------------|
| Allocations           |     470    |     909    |   34932 K  |   34931 K  |
|       from large pool |     125    |     513    |   23370 K  |   23370 K  |
|       from small pool |     345    |     402    |   11562 K  |   11561 K  |
|---------------------------------------------------------------------------|
| Active allocs         |     470    |     909    |   34932 K  |   34931 K  |
|       from large pool |     125    |     513    |   23370 K  |   23370 K  |
|       from small pool |     345    |     402    |   11562 K  |   11561 K  |
|---------------------------------------------------------------------------|
| GPU reserved segments |     230    |     230    |     230    |       0    |
|       from large pool |     224    |     224    |     224    |       0    |
|       from small pool |       6    |       6    |       6    |       0    |
|---------------------------------------------------------------------------|
| Non-releasable allocs |      12    |      47    |   24521 K  |   24521 K  |
|       from large pool |       5    |      39    |   14855 K  |   14855 K  |
|       from small pool |       7    |      11    |    9665 K  |    9665 K  |
|---------------------------------------------------------------------------|
| Oversize allocations  |       0    |       0    |       0    |       0    |
|---------------------------------------------------------------------------|
| Oversize GPU segments |       0    |       0    |       0    |       0    |
|===========================================================================|

| epoch   2 step     8000 |   2742 batches | lr 0.0005 | ms/batch 777.57 | loss  2.69 | avg loss  2.64 | ppl 14.07
saving checkpoint ./trained_models/GPT2_M/e2e/model.8000.pt
eval samples: 0 loss: tensor(1.2951, device='cuda:0')
eval samples: 100 loss: tensor(0.9437, device='cuda:0')
eval samples: 200 loss: tensor(1.4109, device='cuda:0')
eval samples: 300 loss: tensor(1.2023, device='cuda:0')
eval samples: 400 loss: tensor(0.9864, device='cuda:0')
eval samples: 500 loss: tensor(0.5964, device='cuda:0')
eval samples: 600 loss: tensor(1.1559, device='cuda:0')
eval samples: 700 loss: tensor(0.7713, device='cuda:0')
eval samples: 800 loss: tensor(1.1898, device='cuda:0')
eval samples: 900 loss: tensor(1.8506, device='cuda:0')
eval samples: 1000 loss: tensor(1.0454, device='cuda:0')
eval samples: 1100 loss: tensor(1.5056, device='cuda:0')
average loss 1.2652435802331525
----------------------------------------------------------------------------------------------------
| Eval   4 at step     8000 | time: 203.80s | valid loss  1.27 | valid ppl  3.54 | best ppl  3.54 
----------------------------------------------------------------------------------------------------
================================================================================
[Memory Breakdown] step 8100
Parameter memory      : 1355.04 MB
Gradient memory       : 0.00 MB
Optimizer state memory: 3.00 MB
GaLore projector mem  : 0.00 MB
CUDA allocated        : 2257.87 MB
CUDA reserved         : 18264.00 MB
CUDA peak allocated   : 17272.64 MB
================================================================================
|===========================================================================|
|                  PyTorch CUDA memory summary, device ID 0                 |
|---------------------------------------------------------------------------|
|            CUDA OOMs: 0            |        cudaMalloc retries: 0         |
|===========================================================================|
|        Metric         | Cur Usage  | Peak Usage | Tot Alloc  | Tot Freed  |
|---------------------------------------------------------------------------|
| Allocated memory      |   2257 MiB |  17272 MiB |    856 TiB |    856 TiB |
|       from large pool |   2250 MiB |  17264 MiB |    855 TiB |    855 TiB |
|       from small pool |      7 MiB |     10 MiB |      1 TiB |      1 TiB |
|---------------------------------------------------------------------------|
| Active memory         |   2257 MiB |  17272 MiB |    856 TiB |    856 TiB |
|       from large pool |   2250 MiB |  17264 MiB |    855 TiB |    855 TiB |
|       from small pool |      7 MiB |     10 MiB |      1 TiB |      1 TiB |
|---------------------------------------------------------------------------|
| Requested memory      |   2257 MiB |  17269 MiB |    856 TiB |    856 TiB |
|       from large pool |   2249 MiB |  17261 MiB |    854 TiB |    854 TiB |
|       from small pool |      7 MiB |     10 MiB |      1 TiB |      1 TiB |
|---------------------------------------------------------------------------|
| GPU reserved memory   |  18264 MiB |  18264 MiB |  18264 MiB |      0 B   |
|       from large pool |  18252 MiB |  18252 MiB |  18252 MiB |      0 B   |
|       from small pool |     12 MiB |     12 MiB |     12 MiB |      0 B   |
|---------------------------------------------------------------------------|
| Non-releasable memory | 141443 KiB |   1855 MiB | 508027 GiB | 508026 GiB |
|       from large pool | 140732 KiB |   1853 MiB | 505989 GiB | 505989 GiB |
|       from small pool |    711 KiB |      3 MiB |   2037 GiB |   2037 GiB |
|---------------------------------------------------------------------------|
| Allocations           |     470    |     909    |   36912 K  |   36912 K  |
|       from large pool |     125    |     513    |   24781 K  |   24781 K  |
|       from small pool |     345    |     402    |   12130 K  |   12130 K  |
|---------------------------------------------------------------------------|
| Active allocs         |     470    |     909    |   36912 K  |   36912 K  |
|       from large pool |     125    |     513    |   24781 K  |   24781 K  |
|       from small pool |     345    |     402    |   12130 K  |   12130 K  |
|---------------------------------------------------------------------------|
| GPU reserved segments |     230    |     230    |     230    |       0    |
|       from large pool |     224    |     224    |     224    |       0    |
|       from small pool |       6    |       6    |       6    |       0    |
|---------------------------------------------------------------------------|
| Non-releasable allocs |      12    |      47    |   25965 K  |   25965 K  |
|       from large pool |       5    |      39    |   15893 K  |   15893 K  |
|       from small pool |       7    |      11    |   10072 K  |   10072 K  |
|---------------------------------------------------------------------------|
| Oversize allocations  |       0    |       0    |       0    |       0    |
|---------------------------------------------------------------------------|
| Oversize GPU segments |       0    |       0    |       0    |       0    |
|===========================================================================|

| epoch   2 step     8100 |   2842 batches | lr 0.0005 | ms/batch 2828.21 | loss  2.51 | avg loss  2.61 | ppl 13.56
================================================================================
[Memory Breakdown] step 8200
Parameter memory      : 1355.04 MB
Gradient memory       : 0.00 MB
Optimizer state memory: 3.00 MB
GaLore projector mem  : 0.00 MB
CUDA allocated        : 2257.87 MB
CUDA reserved         : 18264.00 MB
CUDA peak allocated   : 17272.64 MB
================================================================================
|===========================================================================|
|                  PyTorch CUDA memory summary, device ID 0                 |
|---------------------------------------------------------------------------|
|            CUDA OOMs: 0            |        cudaMalloc retries: 0         |
|===========================================================================|
|        Metric         | Cur Usage  | Peak Usage | Tot Alloc  | Tot Freed  |
|---------------------------------------------------------------------------|
| Allocated memory      |   2257 MiB |  17272 MiB |    866 TiB |    866 TiB |
|       from large pool |   2250 MiB |  17264 MiB |    864 TiB |    864 TiB |
|       from small pool |      7 MiB |     10 MiB |      1 TiB |      1 TiB |
|---------------------------------------------------------------------------|
| Active memory         |   2257 MiB |  17272 MiB |    866 TiB |    866 TiB |
|       from large pool |   2250 MiB |  17264 MiB |    864 TiB |    864 TiB |
|       from small pool |      7 MiB |     10 MiB |      1 TiB |      1 TiB |
|---------------------------------------------------------------------------|
| Requested memory      |   2257 MiB |  17269 MiB |    866 TiB |    866 TiB |
|       from large pool |   2249 MiB |  17261 MiB |    864 TiB |    864 TiB |
|       from small pool |      7 MiB |     10 MiB |      1 TiB |      1 TiB |
|---------------------------------------------------------------------------|
| GPU reserved memory   |  18264 MiB |  18264 MiB |  18264 MiB |      0 B   |
|       from large pool |  18252 MiB |  18252 MiB |  18252 MiB |      0 B   |
|       from small pool |     12 MiB |     12 MiB |     12 MiB |      0 B   |
|---------------------------------------------------------------------------|
| Non-releasable memory | 141443 KiB |   1855 MiB | 513650 GiB | 513650 GiB |
|       from large pool | 140732 KiB |   1853 MiB | 511596 GiB | 511595 GiB |
|       from small pool |    711 KiB |      3 MiB |   2054 GiB |   2054 GiB |
|---------------------------------------------------------------------------|
| Allocations           |     470    |     909    |   37289 K  |   37288 K  |
|       from large pool |     125    |     513    |   25030 K  |   25030 K  |
|       from small pool |     345    |     402    |   12258 K  |   12258 K  |
|---------------------------------------------------------------------------|
| Active allocs         |     470    |     909    |   37289 K  |   37288 K  |
|       from large pool |     125    |     513    |   25030 K  |   25030 K  |
|       from small pool |     345    |     402    |   12258 K  |   12258 K  |
|---------------------------------------------------------------------------|
| GPU reserved segments |     230    |     230    |     230    |       0    |
|       from large pool |     224    |     224    |     224    |       0    |
|       from small pool |       6    |       6    |       6    |       0    |
|---------------------------------------------------------------------------|
| Non-releasable allocs |      11    |      47    |   26227 K  |   26227 K  |
|       from large pool |       5    |      39    |   16046 K  |   16046 K  |
|       from small pool |       6    |      11    |   10181 K  |   10181 K  |
|---------------------------------------------------------------------------|
| Oversize allocations  |       0    |       0    |       0    |       0    |
|---------------------------------------------------------------------------|
| Oversize GPU segments |       0    |       0    |       0    |       0    |
|===========================================================================|

| epoch   2 step     8200 |   2942 batches | lr 0.0005 | ms/batch 785.63 | loss  2.65 | avg loss  2.66 | ppl 14.35
================================================================================
[Memory Breakdown] step 8300
Parameter memory      : 1355.04 MB
Gradient memory       : 0.00 MB
Optimizer state memory: 3.00 MB
GaLore projector mem  : 0.00 MB
CUDA allocated        : 2257.87 MB
CUDA reserved         : 18264.00 MB
CUDA peak allocated   : 17272.64 MB
================================================================================
|===========================================================================|
|                  PyTorch CUDA memory summary, device ID 0                 |
|---------------------------------------------------------------------------|
|            CUDA OOMs: 0            |        cudaMalloc retries: 0         |
|===========================================================================|
|        Metric         | Cur Usage  | Peak Usage | Tot Alloc  | Tot Freed  |
|---------------------------------------------------------------------------|
| Allocated memory      |   2257 MiB |  17272 MiB |    875 TiB |    875 TiB |
|       from large pool |   2250 MiB |  17264 MiB |    873 TiB |    873 TiB |
|       from small pool |      7 MiB |     10 MiB |      2 TiB |      2 TiB |
|---------------------------------------------------------------------------|
| Active memory         |   2257 MiB |  17272 MiB |    875 TiB |    875 TiB |
|       from large pool |   2250 MiB |  17264 MiB |    873 TiB |    873 TiB |
|       from small pool |      7 MiB |     10 MiB |      2 TiB |      2 TiB |
|---------------------------------------------------------------------------|
| Requested memory      |   2257 MiB |  17269 MiB |    875 TiB |    875 TiB |
|       from large pool |   2249 MiB |  17261 MiB |    873 TiB |    873 TiB |
|       from small pool |      7 MiB |     10 MiB |      2 TiB |      2 TiB |
|---------------------------------------------------------------------------|
| GPU reserved memory   |  18264 MiB |  18264 MiB |  18264 MiB |      0 B   |
|       from large pool |  18252 MiB |  18252 MiB |  18252 MiB |      0 B   |
|       from small pool |     12 MiB |     12 MiB |     12 MiB |      0 B   |
|---------------------------------------------------------------------------|
| Non-releasable memory | 141443 KiB |   1855 MiB | 519273 GiB | 519273 GiB |
|       from large pool | 140732 KiB |   1853 MiB | 517202 GiB | 517202 GiB |
|       from small pool |    711 KiB |      3 MiB |   2071 GiB |   2071 GiB |
|---------------------------------------------------------------------------|
| Allocations           |     470    |     909    |   37665 K  |   37665 K  |
|       from large pool |     125    |     513    |   25278 K  |   25278 K  |
|       from small pool |     345    |     402    |   12386 K  |   12386 K  |
|---------------------------------------------------------------------------|
| Active allocs         |     470    |     909    |   37665 K  |   37665 K  |
|       from large pool |     125    |     513    |   25278 K  |   25278 K  |
|       from small pool |     345    |     402    |   12386 K  |   12386 K  |
|---------------------------------------------------------------------------|
| GPU reserved segments |     230    |     230    |     230    |       0    |
|       from large pool |     224    |     224    |     224    |       0    |
|       from small pool |       6    |       6    |       6    |       0    |
|---------------------------------------------------------------------------|
| Non-releasable allocs |      12    |      47    |   26489 K  |   26489 K  |
|       from large pool |       5    |      39    |   16198 K  |   16198 K  |
|       from small pool |       7    |      11    |   10290 K  |   10290 K  |
|---------------------------------------------------------------------------|
| Oversize allocations  |       0    |       0    |       0    |       0    |
|---------------------------------------------------------------------------|
| Oversize GPU segments |       0    |       0    |       0    |       0    |
|===========================================================================|

| epoch   2 step     8300 |   3042 batches | lr 0.0005 | ms/batch 785.88 | loss  2.56 | avg loss  2.63 | ppl 13.85
================================================================================
[Memory Breakdown] step 8400
Parameter memory      : 1355.04 MB
Gradient memory       : 0.00 MB
Optimizer state memory: 3.00 MB
GaLore projector mem  : 0.00 MB
CUDA allocated        : 2257.87 MB
CUDA reserved         : 18264.00 MB
CUDA peak allocated   : 17272.64 MB
================================================================================
|===========================================================================|
|                  PyTorch CUDA memory summary, device ID 0                 |
|---------------------------------------------------------------------------|
|            CUDA OOMs: 0            |        cudaMalloc retries: 0         |
|===========================================================================|
|        Metric         | Cur Usage  | Peak Usage | Tot Alloc  | Tot Freed  |
|---------------------------------------------------------------------------|
| Allocated memory      |   2257 MiB |  17272 MiB |    885 TiB |    885 TiB |
|       from large pool |   2250 MiB |  17264 MiB |    883 TiB |    883 TiB |
|       from small pool |      7 MiB |     10 MiB |      2 TiB |      2 TiB |
|---------------------------------------------------------------------------|
| Active memory         |   2257 MiB |  17272 MiB |    885 TiB |    885 TiB |
|       from large pool |   2250 MiB |  17264 MiB |    883 TiB |    883 TiB |
|       from small pool |      7 MiB |     10 MiB |      2 TiB |      2 TiB |
|---------------------------------------------------------------------------|
| Requested memory      |   2257 MiB |  17269 MiB |    885 TiB |    885 TiB |
|       from large pool |   2249 MiB |  17261 MiB |    883 TiB |    883 TiB |
|       from small pool |      7 MiB |     10 MiB |      2 TiB |      2 TiB |
|---------------------------------------------------------------------------|
| GPU reserved memory   |  18264 MiB |  18264 MiB |  18264 MiB |      0 B   |
|       from large pool |  18252 MiB |  18252 MiB |  18252 MiB |      0 B   |
|       from small pool |     12 MiB |     12 MiB |     12 MiB |      0 B   |
|---------------------------------------------------------------------------|
| Non-releasable memory | 141443 KiB |   1855 MiB | 524896 GiB | 524896 GiB |
|       from large pool | 140732 KiB |   1853 MiB | 522808 GiB | 522808 GiB |
|       from small pool |    711 KiB |      3 MiB |   2087 GiB |   2087 GiB |
|---------------------------------------------------------------------------|
| Allocations           |     470    |     909    |   38042 K  |   38041 K  |
|       from large pool |     125    |     513    |   25527 K  |   25527 K  |
|       from small pool |     345    |     402    |   12514 K  |   12514 K  |
|---------------------------------------------------------------------------|
| Active allocs         |     470    |     909    |   38042 K  |   38041 K  |
|       from large pool |     125    |     513    |   25527 K  |   25527 K  |
|       from small pool |     345    |     402    |   12514 K  |   12514 K  |
|---------------------------------------------------------------------------|
| GPU reserved segments |     230    |     230    |     230    |       0    |
|       from large pool |     224    |     224    |     224    |       0    |
|       from small pool |       6    |       6    |       6    |       0    |
|---------------------------------------------------------------------------|
| Non-releasable allocs |      12    |      47    |   26750 K  |   26750 K  |
|       from large pool |       5    |      39    |   16351 K  |   16351 K  |
|       from small pool |       7    |      11    |   10399 K  |   10399 K  |
|---------------------------------------------------------------------------|
| Oversize allocations  |       0    |       0    |       0    |       0    |
|---------------------------------------------------------------------------|
| Oversize GPU segments |       0    |       0    |       0    |       0    |
|===========================================================================|

| epoch   2 step     8400 |   3142 batches | lr 0.0005 | ms/batch 785.83 | loss  2.74 | avg loss  2.62 | ppl 13.71
================================================================================
[Memory Breakdown] step 8500
Parameter memory      : 1355.04 MB
Gradient memory       : 0.00 MB
Optimizer state memory: 3.00 MB
GaLore projector mem  : 0.00 MB
CUDA allocated        : 2257.87 MB
CUDA reserved         : 18264.00 MB
CUDA peak allocated   : 17272.64 MB
================================================================================
|===========================================================================|
|                  PyTorch CUDA memory summary, device ID 0                 |
|---------------------------------------------------------------------------|
|            CUDA OOMs: 0            |        cudaMalloc retries: 0         |
|===========================================================================|
|        Metric         | Cur Usage  | Peak Usage | Tot Alloc  | Tot Freed  |
|---------------------------------------------------------------------------|
| Allocated memory      |   2257 MiB |  17272 MiB |    894 TiB |    894 TiB |
|       from large pool |   2250 MiB |  17264 MiB |    892 TiB |    892 TiB |
|       from small pool |      7 MiB |     10 MiB |      2 TiB |      2 TiB |
|---------------------------------------------------------------------------|
| Active memory         |   2257 MiB |  17272 MiB |    894 TiB |    894 TiB |
|       from large pool |   2250 MiB |  17264 MiB |    892 TiB |    892 TiB |
|       from small pool |      7 MiB |     10 MiB |      2 TiB |      2 TiB |
|---------------------------------------------------------------------------|
| Requested memory      |   2257 MiB |  17269 MiB |    894 TiB |    894 TiB |
|       from large pool |   2249 MiB |  17261 MiB |    892 TiB |    892 TiB |
|       from small pool |      7 MiB |     10 MiB |      2 TiB |      2 TiB |
|---------------------------------------------------------------------------|
| GPU reserved memory   |  18264 MiB |  18264 MiB |  18264 MiB |      0 B   |
|       from large pool |  18252 MiB |  18252 MiB |  18252 MiB |      0 B   |
|       from small pool |     12 MiB |     12 MiB |     12 MiB |      0 B   |
|---------------------------------------------------------------------------|
| Non-releasable memory | 141443 KiB |   1855 MiB | 530519 GiB | 530519 GiB |
|       from large pool | 140732 KiB |   1853 MiB | 528415 GiB | 528414 GiB |
|       from small pool |    711 KiB |      3 MiB |   2104 GiB |   2104 GiB |
|---------------------------------------------------------------------------|
| Allocations           |     470    |     909    |   38418 K  |   38418 K  |
|       from large pool |     125    |     513    |   25775 K  |   25775 K  |
|       from small pool |     345    |     402    |   12642 K  |   12642 K  |
|---------------------------------------------------------------------------|
| Active allocs         |     470    |     909    |   38418 K  |   38418 K  |
|       from large pool |     125    |     513    |   25775 K  |   25775 K  |
|       from small pool |     345    |     402    |   12642 K  |   12642 K  |
|---------------------------------------------------------------------------|
| GPU reserved segments |     230    |     230    |     230    |       0    |
|       from large pool |     224    |     224    |     224    |       0    |
|       from small pool |       6    |       6    |       6    |       0    |
|---------------------------------------------------------------------------|
| Non-releasable allocs |      11    |      47    |   27012 K  |   27012 K  |
|       from large pool |       5    |      39    |   16503 K  |   16503 K  |
|       from small pool |       6    |      11    |   10508 K  |   10508 K  |
|---------------------------------------------------------------------------|
| Oversize allocations  |       0    |       0    |       0    |       0    |
|---------------------------------------------------------------------------|
| Oversize GPU segments |       0    |       0    |       0    |       0    |
|===========================================================================|

| epoch   2 step     8500 |   3242 batches | lr 0.0005 | ms/batch 785.95 | loss  2.64 | avg loss  2.63 | ppl 13.83
================================================================================
[Memory Breakdown] step 8600
Parameter memory      : 1355.04 MB
Gradient memory       : 0.00 MB
Optimizer state memory: 3.00 MB
GaLore projector mem  : 0.00 MB
CUDA allocated        : 2257.87 MB
CUDA reserved         : 18264.00 MB
CUDA peak allocated   : 17272.64 MB
================================================================================
|===========================================================================|
|                  PyTorch CUDA memory summary, device ID 0                 |
|---------------------------------------------------------------------------|
|            CUDA OOMs: 0            |        cudaMalloc retries: 0         |
|===========================================================================|
|        Metric         | Cur Usage  | Peak Usage | Tot Alloc  | Tot Freed  |
|---------------------------------------------------------------------------|
| Allocated memory      |   2257 MiB |  17272 MiB |    903 TiB |    903 TiB |
|       from large pool |   2250 MiB |  17264 MiB |    901 TiB |    901 TiB |
|       from small pool |      7 MiB |     10 MiB |      2 TiB |      2 TiB |
|---------------------------------------------------------------------------|
| Active memory         |   2257 MiB |  17272 MiB |    903 TiB |    903 TiB |
|       from large pool |   2250 MiB |  17264 MiB |    901 TiB |    901 TiB |
|       from small pool |      7 MiB |     10 MiB |      2 TiB |      2 TiB |
|---------------------------------------------------------------------------|
| Requested memory      |   2257 MiB |  17269 MiB |    903 TiB |    903 TiB |
|       from large pool |   2249 MiB |  17261 MiB |    901 TiB |    901 TiB |
|       from small pool |      7 MiB |     10 MiB |      2 TiB |      2 TiB |
|---------------------------------------------------------------------------|
| GPU reserved memory   |  18264 MiB |  18264 MiB |  18264 MiB |      0 B   |
|       from large pool |  18252 MiB |  18252 MiB |  18252 MiB |      0 B   |
|       from small pool |     12 MiB |     12 MiB |     12 MiB |      0 B   |
|---------------------------------------------------------------------------|
| Non-releasable memory | 141443 KiB |   1855 MiB | 536143 GiB | 536142 GiB |
|       from large pool | 140732 KiB |   1853 MiB | 534021 GiB | 534021 GiB |
|       from small pool |    711 KiB |      3 MiB |   2121 GiB |   2121 GiB |
|---------------------------------------------------------------------------|
| Allocations           |     470    |     909    |   38795 K  |   38794 K  |
|       from large pool |     125    |     513    |   26024 K  |   26024 K  |
|       from small pool |     345    |     402    |   12770 K  |   12770 K  |
|---------------------------------------------------------------------------|
| Active allocs         |     470    |     909    |   38795 K  |   38794 K  |
|       from large pool |     125    |     513    |   26024 K  |   26024 K  |
|       from small pool |     345    |     402    |   12770 K  |   12770 K  |
|---------------------------------------------------------------------------|
| GPU reserved segments |     230    |     230    |     230    |       0    |
|       from large pool |     224    |     224    |     224    |       0    |
|       from small pool |       6    |       6    |       6    |       0    |
|---------------------------------------------------------------------------|
| Non-releasable allocs |      12    |      47    |   27273 K  |   27273 K  |
|       from large pool |       5    |      39    |   16656 K  |   16656 K  |
|       from small pool |       7    |      11    |   10617 K  |   10617 K  |
|---------------------------------------------------------------------------|
| Oversize allocations  |       0    |       0    |       0    |       0    |
|---------------------------------------------------------------------------|
| Oversize GPU segments |       0    |       0    |       0    |       0    |
|===========================================================================|

| epoch   2 step     8600 |   3342 batches | lr 0.0005 | ms/batch 786.07 | loss  2.61 | avg loss  2.60 | ppl 13.51
================================================================================
[Memory Breakdown] step 8700
Parameter memory      : 1355.04 MB
Gradient memory       : 0.00 MB
Optimizer state memory: 3.00 MB
GaLore projector mem  : 0.00 MB
CUDA allocated        : 2257.87 MB
CUDA reserved         : 18264.00 MB
CUDA peak allocated   : 17272.64 MB
================================================================================
|===========================================================================|
|                  PyTorch CUDA memory summary, device ID 0                 |
|---------------------------------------------------------------------------|
|            CUDA OOMs: 0            |        cudaMalloc retries: 0         |
|===========================================================================|
|        Metric         | Cur Usage  | Peak Usage | Tot Alloc  | Tot Freed  |
|---------------------------------------------------------------------------|
| Allocated memory      |   2257 MiB |  17272 MiB |    913 TiB |    913 TiB |
|       from large pool |   2250 MiB |  17264 MiB |    911 TiB |    911 TiB |
|       from small pool |      7 MiB |     10 MiB |      2 TiB |      2 TiB |
|---------------------------------------------------------------------------|
| Active memory         |   2257 MiB |  17272 MiB |    913 TiB |    913 TiB |
|       from large pool |   2250 MiB |  17264 MiB |    911 TiB |    911 TiB |
|       from small pool |      7 MiB |     10 MiB |      2 TiB |      2 TiB |
|---------------------------------------------------------------------------|
| Requested memory      |   2257 MiB |  17269 MiB |    913 TiB |    913 TiB |
|       from large pool |   2249 MiB |  17261 MiB |    911 TiB |    911 TiB |
|       from small pool |      7 MiB |     10 MiB |      2 TiB |      2 TiB |
|---------------------------------------------------------------------------|
| GPU reserved memory   |  18264 MiB |  18264 MiB |  18264 MiB |      0 B   |
|       from large pool |  18252 MiB |  18252 MiB |  18252 MiB |      0 B   |
|       from small pool |     12 MiB |     12 MiB |     12 MiB |      0 B   |
|---------------------------------------------------------------------------|
| Non-releasable memory | 141443 KiB |   1855 MiB | 541766 GiB | 541766 GiB |
|       from large pool | 140732 KiB |   1853 MiB | 539627 GiB | 539627 GiB |
|       from small pool |    711 KiB |      3 MiB |   2138 GiB |   2138 GiB |
|---------------------------------------------------------------------------|
| Allocations           |     470    |     909    |   39171 K  |   39171 K  |
|       from large pool |     125    |     513    |   26272 K  |   26272 K  |
|       from small pool |     345    |     402    |   12898 K  |   12898 K  |
|---------------------------------------------------------------------------|
| Active allocs         |     470    |     909    |   39171 K  |   39171 K  |
|       from large pool |     125    |     513    |   26272 K  |   26272 K  |
|       from small pool |     345    |     402    |   12898 K  |   12898 K  |
|---------------------------------------------------------------------------|
| GPU reserved segments |     230    |     230    |     230    |       0    |
|       from large pool |     224    |     224    |     224    |       0    |
|       from small pool |       6    |       6    |       6    |       0    |
|---------------------------------------------------------------------------|
| Non-releasable allocs |      12    |      47    |   27535 K  |   27535 K  |
|       from large pool |       5    |      39    |   16808 K  |   16808 K  |
|       from small pool |       7    |      11    |   10726 K  |   10726 K  |
|---------------------------------------------------------------------------|
| Oversize allocations  |       0    |       0    |       0    |       0    |
|---------------------------------------------------------------------------|
| Oversize GPU segments |       0    |       0    |       0    |       0    |
|===========================================================================|

| epoch   2 step     8700 |   3442 batches | lr 0.0005 | ms/batch 786.11 | loss  2.96 | avg loss  2.61 | ppl 13.65
================================================================================
[Memory Breakdown] step 8800
Parameter memory      : 1355.04 MB
Gradient memory       : 0.00 MB
Optimizer state memory: 3.00 MB
GaLore projector mem  : 0.00 MB
CUDA allocated        : 2257.87 MB
CUDA reserved         : 18264.00 MB
CUDA peak allocated   : 17272.64 MB
================================================================================
|===========================================================================|
|                  PyTorch CUDA memory summary, device ID 0                 |
|---------------------------------------------------------------------------|
|            CUDA OOMs: 0            |        cudaMalloc retries: 0         |
|===========================================================================|
|        Metric         | Cur Usage  | Peak Usage | Tot Alloc  | Tot Freed  |
|---------------------------------------------------------------------------|
| Allocated memory      |   2257 MiB |  17272 MiB |    922 TiB |    922 TiB |
|       from large pool |   2250 MiB |  17264 MiB |    920 TiB |    920 TiB |
|       from small pool |      7 MiB |     10 MiB |      2 TiB |      2 TiB |
|---------------------------------------------------------------------------|
| Active memory         |   2257 MiB |  17272 MiB |    922 TiB |    922 TiB |
|       from large pool |   2250 MiB |  17264 MiB |    920 TiB |    920 TiB |
|       from small pool |      7 MiB |     10 MiB |      2 TiB |      2 TiB |
|---------------------------------------------------------------------------|
| Requested memory      |   2257 MiB |  17269 MiB |    922 TiB |    922 TiB |
|       from large pool |   2249 MiB |  17261 MiB |    920 TiB |    920 TiB |
|       from small pool |      7 MiB |     10 MiB |      2 TiB |      2 TiB |
|---------------------------------------------------------------------------|
| GPU reserved memory   |  18264 MiB |  18264 MiB |  18264 MiB |      0 B   |
|       from large pool |  18252 MiB |  18252 MiB |  18252 MiB |      0 B   |
|       from small pool |     12 MiB |     12 MiB |     12 MiB |      0 B   |
|---------------------------------------------------------------------------|
| Non-releasable memory | 141443 KiB |   1855 MiB | 547389 GiB | 547389 GiB |
|       from large pool | 140732 KiB |   1853 MiB | 545233 GiB | 545233 GiB |
|       from small pool |    711 KiB |      3 MiB |   2155 GiB |   2155 GiB |
|---------------------------------------------------------------------------|
| Allocations           |     470    |     909    |   39548 K  |   39547 K  |
|       from large pool |     125    |     513    |   26521 K  |   26521 K  |
|       from small pool |     345    |     402    |   13026 K  |   13026 K  |
|---------------------------------------------------------------------------|
| Active allocs         |     470    |     909    |   39548 K  |   39547 K  |
|       from large pool |     125    |     513    |   26521 K  |   26521 K  |
|       from small pool |     345    |     402    |   13026 K  |   13026 K  |
|---------------------------------------------------------------------------|
| GPU reserved segments |     230    |     230    |     230    |       0    |
|       from large pool |     224    |     224    |     224    |       0    |
|       from small pool |       6    |       6    |       6    |       0    |
|---------------------------------------------------------------------------|
| Non-releasable allocs |      11    |      47    |   27797 K  |   27797 K  |
|       from large pool |       5    |      39    |   16961 K  |   16961 K  |
|       from small pool |       6    |      11    |   10835 K  |   10835 K  |
|---------------------------------------------------------------------------|
| Oversize allocations  |       0    |       0    |       0    |       0    |
|---------------------------------------------------------------------------|
| Oversize GPU segments |       0    |       0    |       0    |       0    |
|===========================================================================|

| epoch   2 step     8800 |   3542 batches | lr 0.0005 | ms/batch 785.98 | loss  2.47 | avg loss  2.61 | ppl 13.61
================================================================================
[Memory Breakdown] step 8900
Parameter memory      : 1355.04 MB
Gradient memory       : 0.00 MB
Optimizer state memory: 3.00 MB
GaLore projector mem  : 0.00 MB
CUDA allocated        : 2257.87 MB
CUDA reserved         : 18264.00 MB
CUDA peak allocated   : 17272.64 MB
================================================================================
|===========================================================================|
|                  PyTorch CUDA memory summary, device ID 0                 |
|---------------------------------------------------------------------------|
|            CUDA OOMs: 0            |        cudaMalloc retries: 0         |
|===========================================================================|
|        Metric         | Cur Usage  | Peak Usage | Tot Alloc  | Tot Freed  |
|---------------------------------------------------------------------------|
| Allocated memory      |   2257 MiB |  17272 MiB |    931 TiB |    931 TiB |
|       from large pool |   2250 MiB |  17264 MiB |    929 TiB |    929 TiB |
|       from small pool |      7 MiB |     10 MiB |      2 TiB |      2 TiB |
|---------------------------------------------------------------------------|
| Active memory         |   2257 MiB |  17272 MiB |    931 TiB |    931 TiB |
|       from large pool |   2250 MiB |  17264 MiB |    929 TiB |    929 TiB |
|       from small pool |      7 MiB |     10 MiB |      2 TiB |      2 TiB |
|---------------------------------------------------------------------------|
| Requested memory      |   2257 MiB |  17269 MiB |    931 TiB |    931 TiB |
|       from large pool |   2249 MiB |  17261 MiB |    929 TiB |    929 TiB |
|       from small pool |      7 MiB |     10 MiB |      2 TiB |      2 TiB |
|---------------------------------------------------------------------------|
| GPU reserved memory   |  18264 MiB |  18264 MiB |  18264 MiB |      0 B   |
|       from large pool |  18252 MiB |  18252 MiB |  18252 MiB |      0 B   |
|       from small pool |     12 MiB |     12 MiB |     12 MiB |      0 B   |
|---------------------------------------------------------------------------|
| Non-releasable memory | 141443 KiB |   1855 MiB | 553012 GiB | 553012 GiB |
|       from large pool | 140732 KiB |   1853 MiB | 550840 GiB | 550840 GiB |
|       from small pool |    711 KiB |      3 MiB |   2172 GiB |   2172 GiB |
|---------------------------------------------------------------------------|
| Allocations           |     470    |     909    |   39924 K  |   39924 K  |
|       from large pool |     125    |     513    |   26769 K  |   26769 K  |
|       from small pool |     345    |     402    |   13154 K  |   13154 K  |
|---------------------------------------------------------------------------|
| Active allocs         |     470    |     909    |   39924 K  |   39924 K  |
|       from large pool |     125    |     513    |   26769 K  |   26769 K  |
|       from small pool |     345    |     402    |   13154 K  |   13154 K  |
|---------------------------------------------------------------------------|
| GPU reserved segments |     230    |     230    |     230    |       0    |
|       from large pool |     224    |     224    |     224    |       0    |
|       from small pool |       6    |       6    |       6    |       0    |
|---------------------------------------------------------------------------|
| Non-releasable allocs |      12    |      47    |   28058 K  |   28058 K  |
|       from large pool |       5    |      39    |   17113 K  |   17113 K  |
|       from small pool |       7    |      11    |   10944 K  |   10944 K  |
|---------------------------------------------------------------------------|
| Oversize allocations  |       0    |       0    |       0    |       0    |
|---------------------------------------------------------------------------|
| Oversize GPU segments |       0    |       0    |       0    |       0    |
|===========================================================================|

| epoch   2 step     8900 |   3642 batches | lr 0.0005 | ms/batch 786.27 | loss  2.71 | avg loss  2.63 | ppl 13.89
================================================================================
[Memory Breakdown] step 9000
Parameter memory      : 1355.04 MB
Gradient memory       : 0.00 MB
Optimizer state memory: 3.00 MB
GaLore projector mem  : 0.00 MB
CUDA allocated        : 2257.87 MB
CUDA reserved         : 18264.00 MB
CUDA peak allocated   : 17272.64 MB
================================================================================
|===========================================================================|
|                  PyTorch CUDA memory summary, device ID 0                 |
|---------------------------------------------------------------------------|
|            CUDA OOMs: 0            |        cudaMalloc retries: 0         |
|===========================================================================|
|        Metric         | Cur Usage  | Peak Usage | Tot Alloc  | Tot Freed  |
|---------------------------------------------------------------------------|
| Allocated memory      |   2257 MiB |  17272 MiB |    941 TiB |    941 TiB |
|       from large pool |   2250 MiB |  17264 MiB |    939 TiB |    939 TiB |
|       from small pool |      7 MiB |     10 MiB |      2 TiB |      2 TiB |
|---------------------------------------------------------------------------|
| Active memory         |   2257 MiB |  17272 MiB |    941 TiB |    941 TiB |
|       from large pool |   2250 MiB |  17264 MiB |    939 TiB |    939 TiB |
|       from small pool |      7 MiB |     10 MiB |      2 TiB |      2 TiB |
|---------------------------------------------------------------------------|
| Requested memory      |   2257 MiB |  17269 MiB |    941 TiB |    941 TiB |
|       from large pool |   2249 MiB |  17261 MiB |    939 TiB |    939 TiB |
|       from small pool |      7 MiB |     10 MiB |      2 TiB |      2 TiB |
|---------------------------------------------------------------------------|
| GPU reserved memory   |  18264 MiB |  18264 MiB |  18264 MiB |      0 B   |
|       from large pool |  18252 MiB |  18252 MiB |  18252 MiB |      0 B   |
|       from small pool |     12 MiB |     12 MiB |     12 MiB |      0 B   |
|---------------------------------------------------------------------------|
| Non-releasable memory | 141443 KiB |   1855 MiB | 558635 GiB | 558635 GiB |
|       from large pool | 140732 KiB |   1853 MiB | 556446 GiB | 556446 GiB |
|       from small pool |    711 KiB |      3 MiB |   2189 GiB |   2189 GiB |
|---------------------------------------------------------------------------|
| Allocations           |     470    |     909    |   40301 K  |   40300 K  |
|       from large pool |     125    |     513    |   27018 K  |   27018 K  |
|       from small pool |     345    |     402    |   13282 K  |   13282 K  |
|---------------------------------------------------------------------------|
| Active allocs         |     470    |     909    |   40301 K  |   40300 K  |
|       from large pool |     125    |     513    |   27018 K  |   27018 K  |
|       from small pool |     345    |     402    |   13282 K  |   13282 K  |
|---------------------------------------------------------------------------|
| GPU reserved segments |     230    |     230    |     230    |       0    |
|       from large pool |     224    |     224    |     224    |       0    |
|       from small pool |       6    |       6    |       6    |       0    |
|---------------------------------------------------------------------------|
| Non-releasable allocs |      12    |      47    |   28320 K  |   28320 K  |
|       from large pool |       5    |      39    |   17266 K  |   17266 K  |
|       from small pool |       7    |      11    |   11054 K  |   11054 K  |
|---------------------------------------------------------------------------|
| Oversize allocations  |       0    |       0    |       0    |       0    |
|---------------------------------------------------------------------------|
| Oversize GPU segments |       0    |       0    |       0    |       0    |
|===========================================================================|

| epoch   2 step     9000 |   3742 batches | lr 0.0005 | ms/batch 786.08 | loss  2.64 | avg loss  2.63 | ppl 13.85
saving checkpoint ./trained_models/GPT2_M/e2e/model.9000.pt
================================================================================
[Memory Breakdown] step 9100
Parameter memory      : 1355.04 MB
Gradient memory       : 0.00 MB
Optimizer state memory: 3.00 MB
GaLore projector mem  : 0.00 MB
CUDA allocated        : 2257.87 MB
CUDA reserved         : 18264.00 MB
CUDA peak allocated   : 17272.64 MB
================================================================================
|===========================================================================|
|                  PyTorch CUDA memory summary, device ID 0                 |
|---------------------------------------------------------------------------|
|            CUDA OOMs: 0            |        cudaMalloc retries: 0         |
|===========================================================================|
|        Metric         | Cur Usage  | Peak Usage | Tot Alloc  | Tot Freed  |
|---------------------------------------------------------------------------|
| Allocated memory      |   2257 MiB |  17272 MiB |    950 TiB |    950 TiB |
|       from large pool |   2250 MiB |  17264 MiB |    948 TiB |    948 TiB |
|       from small pool |      7 MiB |     10 MiB |      2 TiB |      2 TiB |
|---------------------------------------------------------------------------|
| Active memory         |   2257 MiB |  17272 MiB |    950 TiB |    950 TiB |
|       from large pool |   2250 MiB |  17264 MiB |    948 TiB |    948 TiB |
|       from small pool |      7 MiB |     10 MiB |      2 TiB |      2 TiB |
|---------------------------------------------------------------------------|
| Requested memory      |   2257 MiB |  17269 MiB |    950 TiB |    950 TiB |
|       from large pool |   2249 MiB |  17261 MiB |    948 TiB |    948 TiB |
|       from small pool |      7 MiB |     10 MiB |      2 TiB |      2 TiB |
|---------------------------------------------------------------------------|
| GPU reserved memory   |  18264 MiB |  18264 MiB |  18264 MiB |      0 B   |
|       from large pool |  18252 MiB |  18252 MiB |  18252 MiB |      0 B   |
|       from small pool |     12 MiB |     12 MiB |     12 MiB |      0 B   |
|---------------------------------------------------------------------------|
| Non-releasable memory | 141443 KiB |   1855 MiB | 564259 GiB | 564259 GiB |
|       from large pool | 140732 KiB |   1853 MiB | 562052 GiB | 562052 GiB |
|       from small pool |    711 KiB |      3 MiB |   2206 GiB |   2206 GiB |
|---------------------------------------------------------------------------|
| Allocations           |     470    |     909    |   40677 K  |   40677 K  |
|       from large pool |     125    |     513    |   27266 K  |   27266 K  |
|       from small pool |     345    |     402    |   13410 K  |   13410 K  |
|---------------------------------------------------------------------------|
| Active allocs         |     470    |     909    |   40677 K  |   40677 K  |
|       from large pool |     125    |     513    |   27266 K  |   27266 K  |
|       from small pool |     345    |     402    |   13410 K  |   13410 K  |
|---------------------------------------------------------------------------|
| GPU reserved segments |     230    |     230    |     230    |       0    |
|       from large pool |     224    |     224    |     224    |       0    |
|       from small pool |       6    |       6    |       6    |       0    |
|---------------------------------------------------------------------------|
| Non-releasable allocs |      12    |      47    |   28582 K  |   28582 K  |
|       from large pool |       5    |      39    |   17418 K  |   17418 K  |
|       from small pool |       7    |      11    |   11163 K  |   11163 K  |
|---------------------------------------------------------------------------|
| Oversize allocations  |       0    |       0    |       0    |       0    |
|---------------------------------------------------------------------------|
| Oversize GPU segments |       0    |       0    |       0    |       0    |
|===========================================================================|

| epoch   2 step     9100 |   3842 batches | lr 0.0005 | ms/batch 788.65 | loss  2.58 | avg loss  2.63 | ppl 13.82
================================================================================
[Memory Breakdown] step 9200
Parameter memory      : 1355.04 MB
Gradient memory       : 0.00 MB
Optimizer state memory: 3.00 MB
GaLore projector mem  : 0.00 MB
CUDA allocated        : 2257.87 MB
CUDA reserved         : 18264.00 MB
CUDA peak allocated   : 17272.64 MB
================================================================================
|===========================================================================|
|                  PyTorch CUDA memory summary, device ID 0                 |
|---------------------------------------------------------------------------|
|            CUDA OOMs: 0            |        cudaMalloc retries: 0         |
|===========================================================================|
|        Metric         | Cur Usage  | Peak Usage | Tot Alloc  | Tot Freed  |
|---------------------------------------------------------------------------|
| Allocated memory      |   2257 MiB |  17272 MiB |    959 TiB |    959 TiB |
|       from large pool |   2250 MiB |  17264 MiB |    957 TiB |    957 TiB |
|       from small pool |      7 MiB |     10 MiB |      2 TiB |      2 TiB |
|---------------------------------------------------------------------------|
| Active memory         |   2257 MiB |  17272 MiB |    959 TiB |    959 TiB |
|       from large pool |   2250 MiB |  17264 MiB |    957 TiB |    957 TiB |
|       from small pool |      7 MiB |     10 MiB |      2 TiB |      2 TiB |
|---------------------------------------------------------------------------|
| Requested memory      |   2257 MiB |  17269 MiB |    959 TiB |    959 TiB |
|       from large pool |   2249 MiB |  17261 MiB |    957 TiB |    957 TiB |
|       from small pool |      7 MiB |     10 MiB |      2 TiB |      2 TiB |
|---------------------------------------------------------------------------|
| GPU reserved memory   |  18264 MiB |  18264 MiB |  18264 MiB |      0 B   |
|       from large pool |  18252 MiB |  18252 MiB |  18252 MiB |      0 B   |
|       from small pool |     12 MiB |     12 MiB |     12 MiB |      0 B   |
|---------------------------------------------------------------------------|
| Non-releasable memory | 141443 KiB |   1855 MiB | 569882 GiB | 569882 GiB |
|       from large pool | 140732 KiB |   1853 MiB | 567659 GiB | 567658 GiB |
|       from small pool |    711 KiB |      3 MiB |   2223 GiB |   2223 GiB |
|---------------------------------------------------------------------------|
| Allocations           |     470    |     909    |   41054 K  |   41053 K  |
|       from large pool |     125    |     513    |   27515 K  |   27515 K  |
|       from small pool |     345    |     402    |   13538 K  |   13538 K  |
|---------------------------------------------------------------------------|
| Active allocs         |     470    |     909    |   41054 K  |   41053 K  |
|       from large pool |     125    |     513    |   27515 K  |   27515 K  |
|       from small pool |     345    |     402    |   13538 K  |   13538 K  |
|---------------------------------------------------------------------------|
| GPU reserved segments |     230    |     230    |     230    |       0    |
|       from large pool |     224    |     224    |     224    |       0    |
|       from small pool |       6    |       6    |       6    |       0    |
|---------------------------------------------------------------------------|
| Non-releasable allocs |      13    |      47    |   28843 K  |   28843 K  |
|       from large pool |       5    |      39    |   17571 K  |   17571 K  |
|       from small pool |       8    |      11    |   11272 K  |   11272 K  |
|---------------------------------------------------------------------------|
| Oversize allocations  |       0    |       0    |       0    |       0    |
|---------------------------------------------------------------------------|
| Oversize GPU segments |       0    |       0    |       0    |       0    |
|===========================================================================|

| epoch   2 step     9200 |   3942 batches | lr 0.0005 | ms/batch 785.96 | loss  2.72 | avg loss  2.62 | ppl 13.77
================================================================================
[Memory Breakdown] step 9300
Parameter memory      : 1355.04 MB
Gradient memory       : 0.00 MB
Optimizer state memory: 3.00 MB
GaLore projector mem  : 0.00 MB
CUDA allocated        : 2257.87 MB
CUDA reserved         : 18264.00 MB
CUDA peak allocated   : 17272.64 MB
================================================================================
|===========================================================================|
|                  PyTorch CUDA memory summary, device ID 0                 |
|---------------------------------------------------------------------------|
|            CUDA OOMs: 0            |        cudaMalloc retries: 0         |
|===========================================================================|
|        Metric         | Cur Usage  | Peak Usage | Tot Alloc  | Tot Freed  |
|---------------------------------------------------------------------------|
| Allocated memory      |   2257 MiB |  17272 MiB |    969 TiB |    969 TiB |
|       from large pool |   2250 MiB |  17264 MiB |    967 TiB |    967 TiB |
|       from small pool |      7 MiB |     10 MiB |      2 TiB |      2 TiB |
|---------------------------------------------------------------------------|
| Active memory         |   2257 MiB |  17272 MiB |    969 TiB |    969 TiB |
|       from large pool |   2250 MiB |  17264 MiB |    967 TiB |    967 TiB |
|       from small pool |      7 MiB |     10 MiB |      2 TiB |      2 TiB |
|---------------------------------------------------------------------------|
| Requested memory      |   2257 MiB |  17269 MiB |    969 TiB |    969 TiB |
|       from large pool |   2249 MiB |  17261 MiB |    967 TiB |    967 TiB |
|       from small pool |      7 MiB |     10 MiB |      2 TiB |      2 TiB |
|---------------------------------------------------------------------------|
| GPU reserved memory   |  18264 MiB |  18264 MiB |  18264 MiB |      0 B   |
|       from large pool |  18252 MiB |  18252 MiB |  18252 MiB |      0 B   |
|       from small pool |     12 MiB |     12 MiB |     12 MiB |      0 B   |
|---------------------------------------------------------------------------|
| Non-releasable memory | 141443 KiB |   1855 MiB | 575505 GiB | 575505 GiB |
|       from large pool | 140732 KiB |   1853 MiB | 573265 GiB | 573265 GiB |
|       from small pool |    711 KiB |      3 MiB |   2240 GiB |   2240 GiB |
|---------------------------------------------------------------------------|
| Allocations           |     470    |     909    |   41430 K  |   41430 K  |
|       from large pool |     125    |     513    |   27763 K  |   27763 K  |
|       from small pool |     345    |     402    |   13666 K  |   13666 K  |
|---------------------------------------------------------------------------|
| Active allocs         |     470    |     909    |   41430 K  |   41430 K  |
|       from large pool |     125    |     513    |   27763 K  |   27763 K  |
|       from small pool |     345    |     402    |   13666 K  |   13666 K  |
|---------------------------------------------------------------------------|
| GPU reserved segments |     230    |     230    |     230    |       0    |
|       from large pool |     224    |     224    |     224    |       0    |
|       from small pool |       6    |       6    |       6    |       0    |
|---------------------------------------------------------------------------|
| Non-releasable allocs |      13    |      47    |   29105 K  |   29105 K  |
|       from large pool |       5    |      39    |   17723 K  |   17723 K  |
|       from small pool |       8    |      11    |   11381 K  |   11381 K  |
|---------------------------------------------------------------------------|
| Oversize allocations  |       0    |       0    |       0    |       0    |
|---------------------------------------------------------------------------|
| Oversize GPU segments |       0    |       0    |       0    |       0    |
|===========================================================================|

| epoch   2 step     9300 |   4042 batches | lr 0.0005 | ms/batch 786.35 | loss  2.56 | avg loss  2.64 | ppl 13.95
================================================================================
[Memory Breakdown] step 9400
Parameter memory      : 1355.04 MB
Gradient memory       : 0.00 MB
Optimizer state memory: 3.00 MB
GaLore projector mem  : 0.00 MB
CUDA allocated        : 2257.87 MB
CUDA reserved         : 18264.00 MB
CUDA peak allocated   : 17272.64 MB
================================================================================
|===========================================================================|
|                  PyTorch CUDA memory summary, device ID 0                 |
|---------------------------------------------------------------------------|
|            CUDA OOMs: 0            |        cudaMalloc retries: 0         |
|===========================================================================|
|        Metric         | Cur Usage  | Peak Usage | Tot Alloc  | Tot Freed  |
|---------------------------------------------------------------------------|
| Allocated memory      |   2257 MiB |  17272 MiB |    978 TiB |    978 TiB |
|       from large pool |   2250 MiB |  17264 MiB |    976 TiB |    976 TiB |
|       from small pool |      7 MiB |     10 MiB |      2 TiB |      2 TiB |
|---------------------------------------------------------------------------|
| Active memory         |   2257 MiB |  17272 MiB |    978 TiB |    978 TiB |
|       from large pool |   2250 MiB |  17264 MiB |    976 TiB |    976 TiB |
|       from small pool |      7 MiB |     10 MiB |      2 TiB |      2 TiB |
|---------------------------------------------------------------------------|
| Requested memory      |   2257 MiB |  17269 MiB |    978 TiB |    978 TiB |
|       from large pool |   2249 MiB |  17261 MiB |    976 TiB |    976 TiB |
|       from small pool |      7 MiB |     10 MiB |      2 TiB |      2 TiB |
|---------------------------------------------------------------------------|
| GPU reserved memory   |  18264 MiB |  18264 MiB |  18264 MiB |      0 B   |
|       from large pool |  18252 MiB |  18252 MiB |  18252 MiB |      0 B   |
|       from small pool |     12 MiB |     12 MiB |     12 MiB |      0 B   |
|---------------------------------------------------------------------------|
| Non-releasable memory | 141443 KiB |   1855 MiB | 581128 GiB | 581128 GiB |
|       from large pool | 140732 KiB |   1853 MiB | 578871 GiB | 578871 GiB |
|       from small pool |    711 KiB |      3 MiB |   2257 GiB |   2257 GiB |
|---------------------------------------------------------------------------|
| Allocations           |     470    |     909    |   41807 K  |   41806 K  |
|       from large pool |     125    |     513    |   28012 K  |   28012 K  |
|       from small pool |     345    |     402    |   13794 K  |   13794 K  |
|---------------------------------------------------------------------------|
| Active allocs         |     470    |     909    |   41807 K  |   41806 K  |
|       from large pool |     125    |     513    |   28012 K  |   28012 K  |
|       from small pool |     345    |     402    |   13794 K  |   13794 K  |
|---------------------------------------------------------------------------|
| GPU reserved segments |     230    |     230    |     230    |       0    |
|       from large pool |     224    |     224    |     224    |       0    |
|       from small pool |       6    |       6    |       6    |       0    |
|---------------------------------------------------------------------------|
| Non-releasable allocs |      12    |      47    |   29367 K  |   29367 K  |
|       from large pool |       5    |      39    |   17876 K  |   17876 K  |
|       from small pool |       7    |      11    |   11490 K  |   11490 K  |
|---------------------------------------------------------------------------|
| Oversize allocations  |       0    |       0    |       0    |       0    |
|---------------------------------------------------------------------------|
| Oversize GPU segments |       0    |       0    |       0    |       0    |
|===========================================================================|

| epoch   2 step     9400 |   4142 batches | lr 0.0005 | ms/batch 786.28 | loss  2.62 | avg loss  2.62 | ppl 13.79
================================================================================
[Memory Breakdown] step 9500
Parameter memory      : 1355.04 MB
Gradient memory       : 0.00 MB
Optimizer state memory: 3.00 MB
GaLore projector mem  : 0.00 MB
CUDA allocated        : 2257.87 MB
CUDA reserved         : 18264.00 MB
CUDA peak allocated   : 17272.64 MB
================================================================================
|===========================================================================|
|                  PyTorch CUDA memory summary, device ID 0                 |
|---------------------------------------------------------------------------|
|            CUDA OOMs: 0            |        cudaMalloc retries: 0         |
|===========================================================================|
|        Metric         | Cur Usage  | Peak Usage | Tot Alloc  | Tot Freed  |
|---------------------------------------------------------------------------|
| Allocated memory      |   2257 MiB |  17272 MiB |    987 TiB |    987 TiB |
|       from large pool |   2250 MiB |  17264 MiB |    985 TiB |    985 TiB |
|       from small pool |      7 MiB |     10 MiB |      2 TiB |      2 TiB |
|---------------------------------------------------------------------------|
| Active memory         |   2257 MiB |  17272 MiB |    987 TiB |    987 TiB |
|       from large pool |   2250 MiB |  17264 MiB |    985 TiB |    985 TiB |
|       from small pool |      7 MiB |     10 MiB |      2 TiB |      2 TiB |
|---------------------------------------------------------------------------|
| Requested memory      |   2257 MiB |  17269 MiB |    987 TiB |    987 TiB |
|       from large pool |   2249 MiB |  17261 MiB |    985 TiB |    985 TiB |
|       from small pool |      7 MiB |     10 MiB |      2 TiB |      2 TiB |
|---------------------------------------------------------------------------|
| GPU reserved memory   |  18264 MiB |  18264 MiB |  18264 MiB |      0 B   |
|       from large pool |  18252 MiB |  18252 MiB |  18252 MiB |      0 B   |
|       from small pool |     12 MiB |     12 MiB |     12 MiB |      0 B   |
|---------------------------------------------------------------------------|
| Non-releasable memory | 141443 KiB |   1855 MiB | 586752 GiB | 586751 GiB |
|       from large pool | 140732 KiB |   1853 MiB | 584477 GiB | 584477 GiB |
|       from small pool |    711 KiB |      3 MiB |   2274 GiB |   2274 GiB |
|---------------------------------------------------------------------------|
| Allocations           |     470    |     909    |   42183 K  |   42183 K  |
|       from large pool |     125    |     513    |   28260 K  |   28260 K  |
|       from small pool |     345    |     402    |   13922 K  |   13922 K  |
|---------------------------------------------------------------------------|
| Active allocs         |     470    |     909    |   42183 K  |   42183 K  |
|       from large pool |     125    |     513    |   28260 K  |   28260 K  |
|       from small pool |     345    |     402    |   13922 K  |   13922 K  |
|---------------------------------------------------------------------------|
| GPU reserved segments |     230    |     230    |     230    |       0    |
|       from large pool |     224    |     224    |     224    |       0    |
|       from small pool |       6    |       6    |       6    |       0    |
|---------------------------------------------------------------------------|
| Non-releasable allocs |      13    |      47    |   29628 K  |   29628 K  |
|       from large pool |       5    |      39    |   18028 K  |   18028 K  |
|       from small pool |       8    |      11    |   11600 K  |   11600 K  |
|---------------------------------------------------------------------------|
| Oversize allocations  |       0    |       0    |       0    |       0    |
|---------------------------------------------------------------------------|
| Oversize GPU segments |       0    |       0    |       0    |       0    |
|===========================================================================|

| epoch   2 step     9500 |   4242 batches | lr 0.0005 | ms/batch 786.25 | loss  2.63 | avg loss  2.62 | ppl 13.72
================================================================================
[Memory Breakdown] step 9600
Parameter memory      : 1355.04 MB
Gradient memory       : 0.00 MB
Optimizer state memory: 3.00 MB
GaLore projector mem  : 0.00 MB
CUDA allocated        : 2257.87 MB
CUDA reserved         : 18264.00 MB
CUDA peak allocated   : 17272.64 MB
================================================================================
|===========================================================================|
|                  PyTorch CUDA memory summary, device ID 0                 |
|---------------------------------------------------------------------------|
|            CUDA OOMs: 0            |        cudaMalloc retries: 0         |
|===========================================================================|
|        Metric         | Cur Usage  | Peak Usage | Tot Alloc  | Tot Freed  |
|---------------------------------------------------------------------------|
| Allocated memory      |   2257 MiB |  17272 MiB |    997 TiB |    997 TiB |
|       from large pool |   2250 MiB |  17264 MiB |    995 TiB |    995 TiB |
|       from small pool |      7 MiB |     10 MiB |      2 TiB |      2 TiB |
|---------------------------------------------------------------------------|
| Active memory         |   2257 MiB |  17272 MiB |    997 TiB |    997 TiB |
|       from large pool |   2250 MiB |  17264 MiB |    995 TiB |    995 TiB |
|       from small pool |      7 MiB |     10 MiB |      2 TiB |      2 TiB |
|---------------------------------------------------------------------------|
| Requested memory      |   2257 MiB |  17269 MiB |    997 TiB |    997 TiB |
|       from large pool |   2249 MiB |  17261 MiB |    995 TiB |    995 TiB |
|       from small pool |      7 MiB |     10 MiB |      2 TiB |      2 TiB |
|---------------------------------------------------------------------------|
| GPU reserved memory   |  18264 MiB |  18264 MiB |  18264 MiB |      0 B   |
|       from large pool |  18252 MiB |  18252 MiB |  18252 MiB |      0 B   |
|       from small pool |     12 MiB |     12 MiB |     12 MiB |      0 B   |
|---------------------------------------------------------------------------|
| Non-releasable memory | 141443 KiB |   1855 MiB | 592375 GiB | 592375 GiB |
|       from large pool | 140732 KiB |   1853 MiB | 590084 GiB | 590084 GiB |
|       from small pool |    711 KiB |      3 MiB |   2291 GiB |   2291 GiB |
|---------------------------------------------------------------------------|
| Allocations           |     470    |     909    |   42560 K  |   42559 K  |
|       from large pool |     125    |     513    |   28509 K  |   28509 K  |
|       from small pool |     345    |     402    |   14050 K  |   14050 K  |
|---------------------------------------------------------------------------|
| Active allocs         |     470    |     909    |   42560 K  |   42559 K  |
|       from large pool |     125    |     513    |   28509 K  |   28509 K  |
|       from small pool |     345    |     402    |   14050 K  |   14050 K  |
|---------------------------------------------------------------------------|
| GPU reserved segments |     230    |     230    |     230    |       0    |
|       from large pool |     224    |     224    |     224    |       0    |
|       from small pool |       6    |       6    |       6    |       0    |
|---------------------------------------------------------------------------|
| Non-releasable allocs |      13    |      47    |   29890 K  |   29890 K  |
|       from large pool |       5    |      39    |   18181 K  |   18181 K  |
|       from small pool |       8    |      11    |   11709 K  |   11709 K  |
|---------------------------------------------------------------------------|
| Oversize allocations  |       0    |       0    |       0    |       0    |
|---------------------------------------------------------------------------|
| Oversize GPU segments |       0    |       0    |       0    |       0    |
|===========================================================================|

| epoch   2 step     9600 |   4342 batches | lr 0.0005 | ms/batch 786.37 | loss  2.95 | avg loss  2.63 | ppl 13.85
================================================================================
[Memory Breakdown] step 9700
Parameter memory      : 1355.04 MB
Gradient memory       : 0.00 MB
Optimizer state memory: 3.00 MB
GaLore projector mem  : 0.00 MB
CUDA allocated        : 2257.87 MB
CUDA reserved         : 18264.00 MB
CUDA peak allocated   : 17272.64 MB
================================================================================
|===========================================================================|
|                  PyTorch CUDA memory summary, device ID 0                 |
|---------------------------------------------------------------------------|
|            CUDA OOMs: 0            |        cudaMalloc retries: 0         |
|===========================================================================|
|        Metric         | Cur Usage  | Peak Usage | Tot Alloc  | Tot Freed  |
|---------------------------------------------------------------------------|
| Allocated memory      |   2257 MiB |  17272 MiB |   1006 TiB |   1006 TiB |
|       from large pool |   2250 MiB |  17264 MiB |   1004 TiB |   1004 TiB |
|       from small pool |      7 MiB |     10 MiB |      2 TiB |      2 TiB |
|---------------------------------------------------------------------------|
| Active memory         |   2257 MiB |  17272 MiB |   1006 TiB |   1006 TiB |
|       from large pool |   2250 MiB |  17264 MiB |   1004 TiB |   1004 TiB |
|       from small pool |      7 MiB |     10 MiB |      2 TiB |      2 TiB |
|---------------------------------------------------------------------------|
| Requested memory      |   2257 MiB |  17269 MiB |   1006 TiB |   1006 TiB |
|       from large pool |   2249 MiB |  17261 MiB |   1004 TiB |   1004 TiB |
|       from small pool |      7 MiB |     10 MiB |      2 TiB |      2 TiB |
|---------------------------------------------------------------------------|
| GPU reserved memory   |  18264 MiB |  18264 MiB |  18264 MiB |      0 B   |
|       from large pool |  18252 MiB |  18252 MiB |  18252 MiB |      0 B   |
|       from small pool |     12 MiB |     12 MiB |     12 MiB |      0 B   |
|---------------------------------------------------------------------------|
| Non-releasable memory | 141443 KiB |   1855 MiB | 597998 GiB | 597998 GiB |
|       from large pool | 140732 KiB |   1853 MiB | 595690 GiB | 595690 GiB |
|       from small pool |    711 KiB |      3 MiB |   2308 GiB |   2308 GiB |
|---------------------------------------------------------------------------|
| Allocations           |     470    |     909    |   42936 K  |   42936 K  |
|       from large pool |     125    |     513    |   28757 K  |   28757 K  |
|       from small pool |     345    |     402    |   14178 K  |   14178 K  |
|---------------------------------------------------------------------------|
| Active allocs         |     470    |     909    |   42936 K  |   42936 K  |
|       from large pool |     125    |     513    |   28757 K  |   28757 K  |
|       from small pool |     345    |     402    |   14178 K  |   14178 K  |
|---------------------------------------------------------------------------|
| GPU reserved segments |     230    |     230    |     230    |       0    |
|       from large pool |     224    |     224    |     224    |       0    |
|       from small pool |       6    |       6    |       6    |       0    |
|---------------------------------------------------------------------------|
| Non-releasable allocs |      12    |      47    |   30152 K  |   30152 K  |
|       from large pool |       5    |      39    |   18333 K  |   18333 K  |
|       from small pool |       7    |      11    |   11818 K  |   11818 K  |
|---------------------------------------------------------------------------|
| Oversize allocations  |       0    |       0    |       0    |       0    |
|---------------------------------------------------------------------------|
| Oversize GPU segments |       0    |       0    |       0    |       0    |
|===========================================================================|

| epoch   2 step     9700 |   4442 batches | lr 0.0005 | ms/batch 786.03 | loss  2.35 | avg loss  2.61 | ppl 13.63
================================================================================
[Memory Breakdown] step 9800
Parameter memory      : 1355.04 MB
Gradient memory       : 0.00 MB
Optimizer state memory: 3.00 MB
GaLore projector mem  : 0.00 MB
CUDA allocated        : 2257.87 MB
CUDA reserved         : 18264.00 MB
CUDA peak allocated   : 17272.64 MB
================================================================================
|===========================================================================|
|                  PyTorch CUDA memory summary, device ID 0                 |
|---------------------------------------------------------------------------|
|            CUDA OOMs: 0            |        cudaMalloc retries: 0         |
|===========================================================================|
|        Metric         | Cur Usage  | Peak Usage | Tot Alloc  | Tot Freed  |
|---------------------------------------------------------------------------|
| Allocated memory      |   2257 MiB |  17272 MiB |   1016 TiB |   1016 TiB |
|       from large pool |   2250 MiB |  17264 MiB |   1013 TiB |   1013 TiB |
|       from small pool |      7 MiB |     10 MiB |      2 TiB |      2 TiB |
|---------------------------------------------------------------------------|
| Active memory         |   2257 MiB |  17272 MiB |   1016 TiB |   1016 TiB |
|       from large pool |   2250 MiB |  17264 MiB |   1013 TiB |   1013 TiB |
|       from small pool |      7 MiB |     10 MiB |      2 TiB |      2 TiB |
|---------------------------------------------------------------------------|
| Requested memory      |   2257 MiB |  17269 MiB |   1016 TiB |   1016 TiB |
|       from large pool |   2249 MiB |  17261 MiB |   1013 TiB |   1013 TiB |
|       from small pool |      7 MiB |     10 MiB |      2 TiB |      2 TiB |
|---------------------------------------------------------------------------|
| GPU reserved memory   |  18264 MiB |  18264 MiB |  18264 MiB |      0 B   |
|       from large pool |  18252 MiB |  18252 MiB |  18252 MiB |      0 B   |
|       from small pool |     12 MiB |     12 MiB |     12 MiB |      0 B   |
|---------------------------------------------------------------------------|
| Non-releasable memory | 141443 KiB |   1855 MiB | 603621 GiB | 603621 GiB |
|       from large pool | 140732 KiB |   1853 MiB | 601296 GiB | 601296 GiB |
|       from small pool |    711 KiB |      3 MiB |   2324 GiB |   2324 GiB |
|---------------------------------------------------------------------------|
| Allocations           |     470    |     909    |   43313 K  |   43312 K  |
|       from large pool |     125    |     513    |   29006 K  |   29006 K  |
|       from small pool |     345    |     402    |   14306 K  |   14306 K  |
|---------------------------------------------------------------------------|
| Active allocs         |     470    |     909    |   43313 K  |   43312 K  |
|       from large pool |     125    |     513    |   29006 K  |   29006 K  |
|       from small pool |     345    |     402    |   14306 K  |   14306 K  |
|---------------------------------------------------------------------------|
| GPU reserved segments |     230    |     230    |     230    |       0    |
|       from large pool |     224    |     224    |     224    |       0    |
|       from small pool |       6    |       6    |       6    |       0    |
|---------------------------------------------------------------------------|
| Non-releasable allocs |      13    |      47    |   30413 K  |   30413 K  |
|       from large pool |       5    |      39    |   18486 K  |   18486 K  |
|       from small pool |       8    |      11    |   11927 K  |   11927 K  |
|---------------------------------------------------------------------------|
| Oversize allocations  |       0    |       0    |       0    |       0    |
|---------------------------------------------------------------------------|
| Oversize GPU segments |       0    |       0    |       0    |       0    |
|===========================================================================|

| epoch   2 step     9800 |   4542 batches | lr 0.0005 | ms/batch 785.69 | loss  2.61 | avg loss  2.61 | ppl 13.63
================================================================================
[Memory Breakdown] step 9900
Parameter memory      : 1355.04 MB
Gradient memory       : 0.00 MB
Optimizer state memory: 3.00 MB
GaLore projector mem  : 0.00 MB
CUDA allocated        : 2257.87 MB
CUDA reserved         : 18264.00 MB
CUDA peak allocated   : 17272.64 MB
================================================================================
|===========================================================================|
|                  PyTorch CUDA memory summary, device ID 0                 |
|---------------------------------------------------------------------------|
|            CUDA OOMs: 0            |        cudaMalloc retries: 0         |
|===========================================================================|
|        Metric         | Cur Usage  | Peak Usage | Tot Alloc  | Tot Freed  |
|---------------------------------------------------------------------------|
| Allocated memory      |   2257 MiB |  17272 MiB |   1025 TiB |   1025 TiB |
|       from large pool |   2250 MiB |  17264 MiB |   1023 TiB |   1023 TiB |
|       from small pool |      7 MiB |     10 MiB |      2 TiB |      2 TiB |
|---------------------------------------------------------------------------|
| Active memory         |   2257 MiB |  17272 MiB |   1025 TiB |   1025 TiB |
|       from large pool |   2250 MiB |  17264 MiB |   1023 TiB |   1023 TiB |
|       from small pool |      7 MiB |     10 MiB |      2 TiB |      2 TiB |
|---------------------------------------------------------------------------|
| Requested memory      |   2257 MiB |  17269 MiB |   1025 TiB |   1025 TiB |
|       from large pool |   2249 MiB |  17261 MiB |   1023 TiB |   1023 TiB |
|       from small pool |      7 MiB |     10 MiB |      2 TiB |      2 TiB |
|---------------------------------------------------------------------------|
| GPU reserved memory   |  18264 MiB |  18264 MiB |  18264 MiB |      0 B   |
|       from large pool |  18252 MiB |  18252 MiB |  18252 MiB |      0 B   |
|       from small pool |     12 MiB |     12 MiB |     12 MiB |      0 B   |
|---------------------------------------------------------------------------|
| Non-releasable memory | 141443 KiB |   1855 MiB | 609244 GiB | 609244 GiB |
|       from large pool | 140732 KiB |   1853 MiB | 606903 GiB | 606902 GiB |
|       from small pool |    711 KiB |      3 MiB |   2341 GiB |   2341 GiB |
|---------------------------------------------------------------------------|
| Allocations           |     470    |     909    |   43689 K  |   43689 K  |
|       from large pool |     125    |     513    |   29254 K  |   29254 K  |
|       from small pool |     345    |     402    |   14434 K  |   14434 K  |
|---------------------------------------------------------------------------|
| Active allocs         |     470    |     909    |   43689 K  |   43689 K  |
|       from large pool |     125    |     513    |   29254 K  |   29254 K  |
|       from small pool |     345    |     402    |   14434 K  |   14434 K  |
|---------------------------------------------------------------------------|
| GPU reserved segments |     230    |     230    |     230    |       0    |
|       from large pool |     224    |     224    |     224    |       0    |
|       from small pool |       6    |       6    |       6    |       0    |
|---------------------------------------------------------------------------|
| Non-releasable allocs |      13    |      47    |   30675 K  |   30675 K  |
|       from large pool |       5    |      39    |   18638 K  |   18638 K  |
|       from small pool |       8    |      11    |   12036 K  |   12036 K  |
|---------------------------------------------------------------------------|
| Oversize allocations  |       0    |       0    |       0    |       0    |
|---------------------------------------------------------------------------|
| Oversize GPU segments |       0    |       0    |       0    |       0    |
|===========================================================================|

| epoch   2 step     9900 |   4642 batches | lr 0.0005 | ms/batch 785.86 | loss  2.30 | avg loss  2.60 | ppl 13.50
================================================================================
[Memory Breakdown] step 10000
Parameter memory      : 1355.04 MB
Gradient memory       : 0.00 MB
Optimizer state memory: 3.00 MB
GaLore projector mem  : 0.00 MB
CUDA allocated        : 2257.87 MB
CUDA reserved         : 18264.00 MB
CUDA peak allocated   : 17272.64 MB
================================================================================
|===========================================================================|
|                  PyTorch CUDA memory summary, device ID 0                 |
|---------------------------------------------------------------------------|
|            CUDA OOMs: 0            |        cudaMalloc retries: 0         |
|===========================================================================|
|        Metric         | Cur Usage  | Peak Usage | Tot Alloc  | Tot Freed  |
|---------------------------------------------------------------------------|
| Allocated memory      |   2257 MiB |  17272 MiB |   1034 TiB |   1034 TiB |
|       from large pool |   2250 MiB |  17264 MiB |   1032 TiB |   1032 TiB |
|       from small pool |      7 MiB |     10 MiB |      2 TiB |      2 TiB |
|---------------------------------------------------------------------------|
| Active memory         |   2257 MiB |  17272 MiB |   1034 TiB |   1034 TiB |
|       from large pool |   2250 MiB |  17264 MiB |   1032 TiB |   1032 TiB |
|       from small pool |      7 MiB |     10 MiB |      2 TiB |      2 TiB |
|---------------------------------------------------------------------------|
| Requested memory      |   2257 MiB |  17269 MiB |   1034 TiB |   1034 TiB |
|       from large pool |   2249 MiB |  17261 MiB |   1032 TiB |   1032 TiB |
|       from small pool |      7 MiB |     10 MiB |      2 TiB |      2 TiB |
|---------------------------------------------------------------------------|
| GPU reserved memory   |  18264 MiB |  18264 MiB |  18264 MiB |      0 B   |
|       from large pool |  18252 MiB |  18252 MiB |  18252 MiB |      0 B   |
|       from small pool |     12 MiB |     12 MiB |     12 MiB |      0 B   |
|---------------------------------------------------------------------------|
| Non-releasable memory | 141443 KiB |   1855 MiB | 614868 GiB | 614868 GiB |
|       from large pool | 140732 KiB |   1853 MiB | 612509 GiB | 612509 GiB |
|       from small pool |    711 KiB |      3 MiB |   2358 GiB |   2358 GiB |
|---------------------------------------------------------------------------|
| Allocations           |     470    |     909    |   44066 K  |   44065 K  |
|       from large pool |     125    |     513    |   29503 K  |   29503 K  |
|       from small pool |     345    |     402    |   14562 K  |   14562 K  |
|---------------------------------------------------------------------------|
| Active allocs         |     470    |     909    |   44066 K  |   44065 K  |
|       from large pool |     125    |     513    |   29503 K  |   29503 K  |
|       from small pool |     345    |     402    |   14562 K  |   14562 K  |
|---------------------------------------------------------------------------|
| GPU reserved segments |     230    |     230    |     230    |       0    |
|       from large pool |     224    |     224    |     224    |       0    |
|       from small pool |       6    |       6    |       6    |       0    |
|---------------------------------------------------------------------------|
| Non-releasable allocs |      12    |      47    |   30937 K  |   30937 K  |
|       from large pool |       5    |      39    |   18791 K  |   18791 K  |
|       from small pool |       7    |      11    |   12146 K  |   12146 K  |
|---------------------------------------------------------------------------|
| Oversize allocations  |       0    |       0    |       0    |       0    |
|---------------------------------------------------------------------------|
| Oversize GPU segments |       0    |       0    |       0    |       0    |
|===========================================================================|

| epoch   2 step    10000 |   4742 batches | lr 0.0005 | ms/batch 785.87 | loss  2.70 | avg loss  2.64 | ppl 14.04
saving checkpoint ./trained_models/GPT2_M/e2e/model.10000.pt
eval samples: 0 loss: tensor(1.2805, device='cuda:0')
eval samples: 100 loss: tensor(0.9522, device='cuda:0')
eval samples: 200 loss: tensor(1.4076, device='cuda:0')
eval samples: 300 loss: tensor(1.1926, device='cuda:0')
eval samples: 400 loss: tensor(0.9827, device='cuda:0')
eval samples: 500 loss: tensor(0.6372, device='cuda:0')
eval samples: 600 loss: tensor(1.2986, device='cuda:0')
eval samples: 700 loss: tensor(0.8071, device='cuda:0')
eval samples: 800 loss: tensor(1.2388, device='cuda:0')
eval samples: 900 loss: tensor(1.7724, device='cuda:0')
eval samples: 1000 loss: tensor(1.1021, device='cuda:0')
eval samples: 1100 loss: tensor(1.5892, device='cuda:0')
average loss 1.2951163058615711
----------------------------------------------------------------------------------------------------
| Eval   5 at step    10000 | time: 199.80s | valid loss  1.30 | valid ppl  3.65 | best ppl  3.54 
----------------------------------------------------------------------------------------------------
================================================================================
[Memory Breakdown] step 10100
Parameter memory      : 1355.04 MB
Gradient memory       : 0.00 MB
Optimizer state memory: 3.00 MB
GaLore projector mem  : 0.00 MB
CUDA allocated        : 2257.87 MB
CUDA reserved         : 18264.00 MB
CUDA peak allocated   : 17272.64 MB
================================================================================
|===========================================================================|
|                  PyTorch CUDA memory summary, device ID 0                 |
|---------------------------------------------------------------------------|
|            CUDA OOMs: 0            |        cudaMalloc retries: 0         |
|===========================================================================|
|        Metric         | Cur Usage  | Peak Usage | Tot Alloc  | Tot Freed  |
|---------------------------------------------------------------------------|
| Allocated memory      |   2257 MiB |  17272 MiB |   1068 TiB |   1068 TiB |
|       from large pool |   2250 MiB |  17264 MiB |   1066 TiB |   1066 TiB |
|       from small pool |      7 MiB |     10 MiB |      2 TiB |      2 TiB |
|---------------------------------------------------------------------------|
| Active memory         |   2257 MiB |  17272 MiB |   1068 TiB |   1068 TiB |
|       from large pool |   2250 MiB |  17264 MiB |   1066 TiB |   1066 TiB |
|       from small pool |      7 MiB |     10 MiB |      2 TiB |      2 TiB |
|---------------------------------------------------------------------------|
| Requested memory      |   2257 MiB |  17269 MiB |   1068 TiB |   1068 TiB |
|       from large pool |   2249 MiB |  17261 MiB |   1066 TiB |   1066 TiB |
|       from small pool |      7 MiB |     10 MiB |      2 TiB |      2 TiB |
|---------------------------------------------------------------------------|
| GPU reserved memory   |  18264 MiB |  18264 MiB |  18264 MiB |      0 B   |
|       from large pool |  18252 MiB |  18252 MiB |  18252 MiB |      0 B   |
|       from small pool |     12 MiB |     12 MiB |     12 MiB |      0 B   |
|---------------------------------------------------------------------------|
| Non-releasable memory | 141443 KiB |   1855 MiB | 633631 GiB | 633631 GiB |
|       from large pool | 140732 KiB |   1853 MiB | 631089 GiB | 631089 GiB |
|       from small pool |    711 KiB |      3 MiB |   2542 GiB |   2542 GiB |
|---------------------------------------------------------------------------|
| Allocations           |     470    |     909    |   46046 K  |   46046 K  |
|       from large pool |     125    |     513    |   30915 K  |   30915 K  |
|       from small pool |     345    |     402    |   15131 K  |   15130 K  |
|---------------------------------------------------------------------------|
| Active allocs         |     470    |     909    |   46046 K  |   46046 K  |
|       from large pool |     125    |     513    |   30915 K  |   30915 K  |
|       from small pool |     345    |     402    |   15131 K  |   15130 K  |
|---------------------------------------------------------------------------|
| GPU reserved segments |     230    |     230    |     230    |       0    |
|       from large pool |     224    |     224    |     224    |       0    |
|       from small pool |       6    |       6    |       6    |       0    |
|---------------------------------------------------------------------------|
| Non-releasable allocs |      13    |      47    |   32323 K  |   32323 K  |
|       from large pool |       5    |      39    |   19829 K  |   19829 K  |
|       from small pool |       8    |      11    |   12494 K  |   12494 K  |
|---------------------------------------------------------------------------|
| Oversize allocations  |       0    |       0    |       0    |       0    |
|---------------------------------------------------------------------------|
| Oversize GPU segments |       0    |       0    |       0    |       0    |
|===========================================================================|

| epoch   2 step    10100 |   4842 batches | lr 0.0005 | ms/batch 2786.75 | loss  2.43 | avg loss  2.62 | ppl 13.71
================================================================================
[Memory Breakdown] step 10200
Parameter memory      : 1355.04 MB
Gradient memory       : 0.00 MB
Optimizer state memory: 3.00 MB
GaLore projector mem  : 0.00 MB
CUDA allocated        : 2257.87 MB
CUDA reserved         : 18264.00 MB
CUDA peak allocated   : 17272.64 MB
================================================================================
|===========================================================================|
|                  PyTorch CUDA memory summary, device ID 0                 |
|---------------------------------------------------------------------------|
|            CUDA OOMs: 0            |        cudaMalloc retries: 0         |
|===========================================================================|
|        Metric         | Cur Usage  | Peak Usage | Tot Alloc  | Tot Freed  |
|---------------------------------------------------------------------------|
| Allocated memory      |   2257 MiB |  17272 MiB |   1078 TiB |   1078 TiB |
|       from large pool |   2250 MiB |  17264 MiB |   1075 TiB |   1075 TiB |
|       from small pool |      7 MiB |     10 MiB |      2 TiB |      2 TiB |
|---------------------------------------------------------------------------|
| Active memory         |   2257 MiB |  17272 MiB |   1078 TiB |   1078 TiB |
|       from large pool |   2250 MiB |  17264 MiB |   1075 TiB |   1075 TiB |
|       from small pool |      7 MiB |     10 MiB |      2 TiB |      2 TiB |
|---------------------------------------------------------------------------|
| Requested memory      |   2257 MiB |  17269 MiB |   1078 TiB |   1078 TiB |
|       from large pool |   2249 MiB |  17261 MiB |   1075 TiB |   1075 TiB |
|       from small pool |      7 MiB |     10 MiB |      2 TiB |      2 TiB |
|---------------------------------------------------------------------------|
| GPU reserved memory   |  18264 MiB |  18264 MiB |  18264 MiB |      0 B   |
|       from large pool |  18252 MiB |  18252 MiB |  18252 MiB |      0 B   |
|       from small pool |     12 MiB |     12 MiB |     12 MiB |      0 B   |
|---------------------------------------------------------------------------|
| Non-releasable memory | 141443 KiB |   1855 MiB | 639254 GiB | 639254 GiB |
|       from large pool | 140732 KiB |   1853 MiB | 636695 GiB | 636695 GiB |
|       from small pool |    711 KiB |      3 MiB |   2559 GiB |   2559 GiB |
|---------------------------------------------------------------------------|
| Allocations           |     470    |     909    |   46423 K  |   46422 K  |
|       from large pool |     125    |     513    |   31163 K  |   31163 K  |
|       from small pool |     345    |     402    |   15259 K  |   15258 K  |
|---------------------------------------------------------------------------|
| Active allocs         |     470    |     909    |   46423 K  |   46422 K  |
|       from large pool |     125    |     513    |   31163 K  |   31163 K  |
|       from small pool |     345    |     402    |   15259 K  |   15258 K  |
|---------------------------------------------------------------------------|
| GPU reserved segments |     230    |     230    |     230    |       0    |
|       from large pool |     224    |     224    |     224    |       0    |
|       from small pool |       6    |       6    |       6    |       0    |
|---------------------------------------------------------------------------|
| Non-releasable allocs |      13    |      47    |   32585 K  |   32585 K  |
|       from large pool |       5    |      39    |   19981 K  |   19981 K  |
|       from small pool |       8    |      11    |   12603 K  |   12603 K  |
|---------------------------------------------------------------------------|
| Oversize allocations  |       0    |       0    |       0    |       0    |
|---------------------------------------------------------------------------|
| Oversize GPU segments |       0    |       0    |       0    |       0    |
|===========================================================================|

| epoch   2 step    10200 |   4942 batches | lr 0.0005 | ms/batch 786.29 | loss  2.49 | avg loss  2.63 | ppl 13.91
================================================================================
[Memory Breakdown] step 10300
Parameter memory      : 1355.04 MB
Gradient memory       : 0.00 MB
Optimizer state memory: 3.00 MB
GaLore projector mem  : 0.00 MB
CUDA allocated        : 2257.87 MB
CUDA reserved         : 18264.00 MB
CUDA peak allocated   : 17272.64 MB
================================================================================
|===========================================================================|
|                  PyTorch CUDA memory summary, device ID 0                 |
|---------------------------------------------------------------------------|
|            CUDA OOMs: 0            |        cudaMalloc retries: 0         |
|===========================================================================|
|        Metric         | Cur Usage  | Peak Usage | Tot Alloc  | Tot Freed  |
|---------------------------------------------------------------------------|
| Allocated memory      |   2257 MiB |  17272 MiB |   1087 TiB |   1087 TiB |
|       from large pool |   2250 MiB |  17264 MiB |   1085 TiB |   1085 TiB |
|       from small pool |      7 MiB |     10 MiB |      2 TiB |      2 TiB |
|---------------------------------------------------------------------------|
| Active memory         |   2257 MiB |  17272 MiB |   1087 TiB |   1087 TiB |
|       from large pool |   2250 MiB |  17264 MiB |   1085 TiB |   1085 TiB |
|       from small pool |      7 MiB |     10 MiB |      2 TiB |      2 TiB |
|---------------------------------------------------------------------------|
| Requested memory      |   2257 MiB |  17269 MiB |   1087 TiB |   1087 TiB |
|       from large pool |   2249 MiB |  17261 MiB |   1085 TiB |   1085 TiB |
|       from small pool |      7 MiB |     10 MiB |      2 TiB |      2 TiB |
|---------------------------------------------------------------------------|
| GPU reserved memory   |  18264 MiB |  18264 MiB |  18264 MiB |      0 B   |
|       from large pool |  18252 MiB |  18252 MiB |  18252 MiB |      0 B   |
|       from small pool |     12 MiB |     12 MiB |     12 MiB |      0 B   |
|---------------------------------------------------------------------------|
| Non-releasable memory | 141443 KiB |   1855 MiB | 644878 GiB | 644878 GiB |
|       from large pool | 140732 KiB |   1853 MiB | 642302 GiB | 642301 GiB |
|       from small pool |    711 KiB |      3 MiB |   2576 GiB |   2576 GiB |
|---------------------------------------------------------------------------|
| Allocations           |     470    |     909    |   46799 K  |   46799 K  |
|       from large pool |     125    |     513    |   31412 K  |   31412 K  |
|       from small pool |     345    |     402    |   15387 K  |   15386 K  |
|---------------------------------------------------------------------------|
| Active allocs         |     470    |     909    |   46799 K  |   46799 K  |
|       from large pool |     125    |     513    |   31412 K  |   31412 K  |
|       from small pool |     345    |     402    |   15387 K  |   15386 K  |
|---------------------------------------------------------------------------|
| GPU reserved segments |     230    |     230    |     230    |       0    |
|       from large pool |     224    |     224    |     224    |       0    |
|       from small pool |       6    |       6    |       6    |       0    |
|---------------------------------------------------------------------------|
| Non-releasable allocs |      12    |      47    |   32847 K  |   32847 K  |
|       from large pool |       5    |      39    |   20134 K  |   20134 K  |
|       from small pool |       7    |      11    |   12712 K  |   12712 K  |
|---------------------------------------------------------------------------|
| Oversize allocations  |       0    |       0    |       0    |       0    |
|---------------------------------------------------------------------------|
| Oversize GPU segments |       0    |       0    |       0    |       0    |
|===========================================================================|

| epoch   2 step    10300 |   5042 batches | lr 0.0005 | ms/batch 786.42 | loss  2.95 | avg loss  2.61 | ppl 13.64
================================================================================
[Memory Breakdown] step 10400
Parameter memory      : 1355.04 MB
Gradient memory       : 0.00 MB
Optimizer state memory: 3.00 MB
GaLore projector mem  : 0.00 MB
CUDA allocated        : 2257.87 MB
CUDA reserved         : 18264.00 MB
CUDA peak allocated   : 17272.64 MB
================================================================================
|===========================================================================|
|                  PyTorch CUDA memory summary, device ID 0                 |
|---------------------------------------------------------------------------|
|            CUDA OOMs: 0            |        cudaMalloc retries: 0         |
|===========================================================================|
|        Metric         | Cur Usage  | Peak Usage | Tot Alloc  | Tot Freed  |
|---------------------------------------------------------------------------|
| Allocated memory      |   2257 MiB |  17272 MiB |   1096 TiB |   1096 TiB |
|       from large pool |   2250 MiB |  17264 MiB |   1094 TiB |   1094 TiB |
|       from small pool |      7 MiB |     10 MiB |      2 TiB |      2 TiB |
|---------------------------------------------------------------------------|
| Active memory         |   2257 MiB |  17272 MiB |   1096 TiB |   1096 TiB |
|       from large pool |   2250 MiB |  17264 MiB |   1094 TiB |   1094 TiB |
|       from small pool |      7 MiB |     10 MiB |      2 TiB |      2 TiB |
|---------------------------------------------------------------------------|
| Requested memory      |   2257 MiB |  17269 MiB |   1096 TiB |   1096 TiB |
|       from large pool |   2249 MiB |  17261 MiB |   1094 TiB |   1094 TiB |
|       from small pool |      7 MiB |     10 MiB |      2 TiB |      2 TiB |
|---------------------------------------------------------------------------|
| GPU reserved memory   |  18264 MiB |  18264 MiB |  18264 MiB |      0 B   |
|       from large pool |  18252 MiB |  18252 MiB |  18252 MiB |      0 B   |
|       from small pool |     12 MiB |     12 MiB |     12 MiB |      0 B   |
|---------------------------------------------------------------------------|
| Non-releasable memory | 141443 KiB |   1855 MiB | 650501 GiB | 650501 GiB |
|       from large pool | 140732 KiB |   1853 MiB | 647908 GiB | 647908 GiB |
|       from small pool |    711 KiB |      3 MiB |   2593 GiB |   2593 GiB |
|---------------------------------------------------------------------------|
| Allocations           |     470    |     909    |   47176 K  |   47175 K  |
|       from large pool |     125    |     513    |   31660 K  |   31660 K  |
|       from small pool |     345    |     402    |   15515 K  |   15514 K  |
|---------------------------------------------------------------------------|
| Active allocs         |     470    |     909    |   47176 K  |   47175 K  |
|       from large pool |     125    |     513    |   31660 K  |   31660 K  |
|       from small pool |     345    |     402    |   15515 K  |   15514 K  |
|---------------------------------------------------------------------------|
| GPU reserved segments |     230    |     230    |     230    |       0    |
|       from large pool |     224    |     224    |     224    |       0    |
|       from small pool |       6    |       6    |       6    |       0    |
|---------------------------------------------------------------------------|
| Non-releasable allocs |      13    |      47    |   33108 K  |   33108 K  |
|       from large pool |       5    |      39    |   20286 K  |   20286 K  |
|       from small pool |       8    |      11    |   12822 K  |   12822 K  |
|---------------------------------------------------------------------------|
| Oversize allocations  |       0    |       0    |       0    |       0    |
|---------------------------------------------------------------------------|
| Oversize GPU segments |       0    |       0    |       0    |       0    |
|===========================================================================|

| epoch   2 step    10400 |   5142 batches | lr 0.0005 | ms/batch 786.38 | loss  2.72 | avg loss  2.61 | ppl 13.62
================================================================================
[Memory Breakdown] step 10500
Parameter memory      : 1355.04 MB
Gradient memory       : 0.00 MB
Optimizer state memory: 3.00 MB
GaLore projector mem  : 0.00 MB
CUDA allocated        : 2257.87 MB
CUDA reserved         : 18264.00 MB
CUDA peak allocated   : 17272.64 MB
================================================================================
|===========================================================================|
|                  PyTorch CUDA memory summary, device ID 0                 |
|---------------------------------------------------------------------------|
|            CUDA OOMs: 0            |        cudaMalloc retries: 0         |
|===========================================================================|
|        Metric         | Cur Usage  | Peak Usage | Tot Alloc  | Tot Freed  |
|---------------------------------------------------------------------------|
| Allocated memory      |   2257 MiB |  17272 MiB |   1106 TiB |   1106 TiB |
|       from large pool |   2250 MiB |  17264 MiB |   1103 TiB |   1103 TiB |
|       from small pool |      7 MiB |     10 MiB |      2 TiB |      2 TiB |
|---------------------------------------------------------------------------|
| Active memory         |   2257 MiB |  17272 MiB |   1106 TiB |   1106 TiB |
|       from large pool |   2250 MiB |  17264 MiB |   1103 TiB |   1103 TiB |
|       from small pool |      7 MiB |     10 MiB |      2 TiB |      2 TiB |
|---------------------------------------------------------------------------|
| Requested memory      |   2257 MiB |  17269 MiB |   1106 TiB |   1106 TiB |
|       from large pool |   2249 MiB |  17261 MiB |   1103 TiB |   1103 TiB |
|       from small pool |      7 MiB |     10 MiB |      2 TiB |      2 TiB |
|---------------------------------------------------------------------------|
| GPU reserved memory   |  18264 MiB |  18264 MiB |  18264 MiB |      0 B   |
|       from large pool |  18252 MiB |  18252 MiB |  18252 MiB |      0 B   |
|       from small pool |     12 MiB |     12 MiB |     12 MiB |      0 B   |
|---------------------------------------------------------------------------|
| Non-releasable memory | 141443 KiB |   1855 MiB | 656124 GiB | 656124 GiB |
|       from large pool | 140732 KiB |   1853 MiB | 653514 GiB | 653514 GiB |
|       from small pool |    711 KiB |      3 MiB |   2609 GiB |   2609 GiB |
|---------------------------------------------------------------------------|
| Allocations           |     470    |     909    |   47552 K  |   47552 K  |
|       from large pool |     125    |     513    |   31909 K  |   31909 K  |
|       from small pool |     345    |     402    |   15643 K  |   15642 K  |
|---------------------------------------------------------------------------|
| Active allocs         |     470    |     909    |   47552 K  |   47552 K  |
|       from large pool |     125    |     513    |   31909 K  |   31909 K  |
|       from small pool |     345    |     402    |   15643 K  |   15642 K  |
|---------------------------------------------------------------------------|
| GPU reserved segments |     230    |     230    |     230    |       0    |
|       from large pool |     224    |     224    |     224    |       0    |
|       from small pool |       6    |       6    |       6    |       0    |
|---------------------------------------------------------------------------|
| Non-releasable allocs |      13    |      47    |   33370 K  |   33370 K  |
|       from large pool |       5    |      39    |   20439 K  |   20439 K  |
|       from small pool |       8    |      11    |   12931 K  |   12931 K  |
|---------------------------------------------------------------------------|
| Oversize allocations  |       0    |       0    |       0    |       0    |
|---------------------------------------------------------------------------|
| Oversize GPU segments |       0    |       0    |       0    |       0    |
|===========================================================================|

| epoch   2 step    10500 |   5242 batches | lr 0.0005 | ms/batch 786.29 | loss  2.60 | avg loss  2.59 | ppl 13.36
saving checkpoint ./trained_models/GPT2_M/e2e/model.10516.pt
start to train the model................ 3
================================================================================
[Memory Breakdown] step 10600
Parameter memory      : 1355.04 MB
Gradient memory       : 0.00 MB
Optimizer state memory: 3.00 MB
GaLore projector mem  : 0.00 MB
CUDA allocated        : 2257.87 MB
CUDA reserved         : 18264.00 MB
CUDA peak allocated   : 17272.64 MB
================================================================================
|===========================================================================|
|                  PyTorch CUDA memory summary, device ID 0                 |
|---------------------------------------------------------------------------|
|            CUDA OOMs: 0            |        cudaMalloc retries: 0         |
|===========================================================================|
|        Metric         | Cur Usage  | Peak Usage | Tot Alloc  | Tot Freed  |
|---------------------------------------------------------------------------|
| Allocated memory      |   2257 MiB |  17272 MiB |   1115 TiB |   1115 TiB |
|       from large pool |   2250 MiB |  17264 MiB |   1113 TiB |   1113 TiB |
|       from small pool |      7 MiB |     10 MiB |      2 TiB |      2 TiB |
|---------------------------------------------------------------------------|
| Active memory         |   2257 MiB |  17272 MiB |   1115 TiB |   1115 TiB |
|       from large pool |   2250 MiB |  17264 MiB |   1113 TiB |   1113 TiB |
|       from small pool |      7 MiB |     10 MiB |      2 TiB |      2 TiB |
|---------------------------------------------------------------------------|
| Requested memory      |   2257 MiB |  17269 MiB |   1115 TiB |   1115 TiB |
|       from large pool |   2249 MiB |  17261 MiB |   1113 TiB |   1113 TiB |
|       from small pool |      7 MiB |     10 MiB |      2 TiB |      2 TiB |
|---------------------------------------------------------------------------|
| GPU reserved memory   |  18264 MiB |  18264 MiB |  18264 MiB |      0 B   |
|       from large pool |  18252 MiB |  18252 MiB |  18252 MiB |      0 B   |
|       from small pool |     12 MiB |     12 MiB |     12 MiB |      0 B   |
|---------------------------------------------------------------------------|
| Non-releasable memory | 141443 KiB |   1855 MiB | 661747 GiB | 661747 GiB |
|       from large pool | 140732 KiB |   1853 MiB | 659120 GiB | 659120 GiB |
|       from small pool |    711 KiB |      3 MiB |   2626 GiB |   2626 GiB |
|---------------------------------------------------------------------------|
| Allocations           |     470    |     909    |   47929 K  |   47928 K  |
|       from large pool |     125    |     513    |   32157 K  |   32157 K  |
|       from small pool |     345    |     402    |   15771 K  |   15770 K  |
|---------------------------------------------------------------------------|
| Active allocs         |     470    |     909    |   47929 K  |   47928 K  |
|       from large pool |     125    |     513    |   32157 K  |   32157 K  |
|       from small pool |     345    |     402    |   15771 K  |   15770 K  |
|---------------------------------------------------------------------------|
| GPU reserved segments |     230    |     230    |     230    |       0    |
|       from large pool |     224    |     224    |     224    |       0    |
|       from small pool |       6    |       6    |       6    |       0    |
|---------------------------------------------------------------------------|
| Non-releasable allocs |      12    |      47    |   33632 K  |   33632 K  |
|       from large pool |       5    |      39    |   20591 K  |   20591 K  |
|       from small pool |       7    |      11    |   13040 K  |   13040 K  |
|---------------------------------------------------------------------------|
| Oversize allocations  |       0    |       0    |       0    |       0    |
|---------------------------------------------------------------------------|
| Oversize GPU segments |       0    |       0    |       0    |       0    |
|===========================================================================|

| epoch   3 step    10600 |     84 batches | lr 0.0005 | ms/batch 659.05 | loss  2.27 | avg loss  2.60 | ppl 13.52
================================================================================
[Memory Breakdown] step 10700
Parameter memory      : 1355.04 MB
Gradient memory       : 0.00 MB
Optimizer state memory: 3.00 MB
GaLore projector mem  : 0.00 MB
CUDA allocated        : 2257.87 MB
CUDA reserved         : 18264.00 MB
CUDA peak allocated   : 17272.64 MB
================================================================================
|===========================================================================|
|                  PyTorch CUDA memory summary, device ID 0                 |
|---------------------------------------------------------------------------|
|            CUDA OOMs: 0            |        cudaMalloc retries: 0         |
|===========================================================================|
|        Metric         | Cur Usage  | Peak Usage | Tot Alloc  | Tot Freed  |
|---------------------------------------------------------------------------|
| Allocated memory      |   2257 MiB |  17272 MiB |   1125 TiB |   1125 TiB |
|       from large pool |   2250 MiB |  17264 MiB |   1122 TiB |   1122 TiB |
|       from small pool |      7 MiB |     10 MiB |      2 TiB |      2 TiB |
|---------------------------------------------------------------------------|
| Active memory         |   2257 MiB |  17272 MiB |   1125 TiB |   1125 TiB |
|       from large pool |   2250 MiB |  17264 MiB |   1122 TiB |   1122 TiB |
|       from small pool |      7 MiB |     10 MiB |      2 TiB |      2 TiB |
|---------------------------------------------------------------------------|
| Requested memory      |   2257 MiB |  17269 MiB |   1125 TiB |   1125 TiB |
|       from large pool |   2249 MiB |  17261 MiB |   1122 TiB |   1122 TiB |
|       from small pool |      7 MiB |     10 MiB |      2 TiB |      2 TiB |
|---------------------------------------------------------------------------|
| GPU reserved memory   |  18264 MiB |  18264 MiB |  18264 MiB |      0 B   |
|       from large pool |  18252 MiB |  18252 MiB |  18252 MiB |      0 B   |
|       from small pool |     12 MiB |     12 MiB |     12 MiB |      0 B   |
|---------------------------------------------------------------------------|
| Non-releasable memory | 141443 KiB |   1855 MiB | 667371 GiB | 667370 GiB |
|       from large pool | 140732 KiB |   1853 MiB | 664727 GiB | 664727 GiB |
|       from small pool |    711 KiB |      3 MiB |   2643 GiB |   2643 GiB |
|---------------------------------------------------------------------------|
| Allocations           |     470    |     909    |   48305 K  |   48305 K  |
|       from large pool |     125    |     513    |   32406 K  |   32406 K  |
|       from small pool |     345    |     402    |   15899 K  |   15898 K  |
|---------------------------------------------------------------------------|
| Active allocs         |     470    |     909    |   48305 K  |   48305 K  |
|       from large pool |     125    |     513    |   32406 K  |   32406 K  |
|       from small pool |     345    |     402    |   15899 K  |   15898 K  |
|---------------------------------------------------------------------------|
| GPU reserved segments |     230    |     230    |     230    |       0    |
|       from large pool |     224    |     224    |     224    |       0    |
|       from small pool |       6    |       6    |       6    |       0    |
|---------------------------------------------------------------------------|
| Non-releasable allocs |      12    |      47    |   33893 K  |   33893 K  |
|       from large pool |       5    |      39    |   20744 K  |   20744 K  |
|       from small pool |       7    |      11    |   13149 K  |   13149 K  |
|---------------------------------------------------------------------------|
| Oversize allocations  |       0    |       0    |       0    |       0    |
|---------------------------------------------------------------------------|
| Oversize GPU segments |       0    |       0    |       0    |       0    |
|===========================================================================|

| epoch   3 step    10700 |    184 batches | lr 0.0005 | ms/batch 785.05 | loss  2.76 | avg loss  2.62 | ppl 13.72
================================================================================
[Memory Breakdown] step 10800
Parameter memory      : 1355.04 MB
Gradient memory       : 0.00 MB
Optimizer state memory: 3.00 MB
GaLore projector mem  : 0.00 MB
CUDA allocated        : 2257.87 MB
CUDA reserved         : 18264.00 MB
CUDA peak allocated   : 17272.64 MB
================================================================================
|===========================================================================|
|                  PyTorch CUDA memory summary, device ID 0                 |
|---------------------------------------------------------------------------|
|            CUDA OOMs: 0            |        cudaMalloc retries: 0         |
|===========================================================================|
|        Metric         | Cur Usage  | Peak Usage | Tot Alloc  | Tot Freed  |
|---------------------------------------------------------------------------|
| Allocated memory      |   2257 MiB |  17272 MiB |   1134 TiB |   1134 TiB |
|       from large pool |   2250 MiB |  17264 MiB |   1131 TiB |   1131 TiB |
|       from small pool |      7 MiB |     10 MiB |      2 TiB |      2 TiB |
|---------------------------------------------------------------------------|
| Active memory         |   2257 MiB |  17272 MiB |   1134 TiB |   1134 TiB |
|       from large pool |   2250 MiB |  17264 MiB |   1131 TiB |   1131 TiB |
|       from small pool |      7 MiB |     10 MiB |      2 TiB |      2 TiB |
|---------------------------------------------------------------------------|
| Requested memory      |   2257 MiB |  17269 MiB |   1134 TiB |   1134 TiB |
|       from large pool |   2249 MiB |  17261 MiB |   1131 TiB |   1131 TiB |
|       from small pool |      7 MiB |     10 MiB |      2 TiB |      2 TiB |
|---------------------------------------------------------------------------|
| GPU reserved memory   |  18264 MiB |  18264 MiB |  18264 MiB |      0 B   |
|       from large pool |  18252 MiB |  18252 MiB |  18252 MiB |      0 B   |
|       from small pool |     12 MiB |     12 MiB |     12 MiB |      0 B   |
|---------------------------------------------------------------------------|
| Non-releasable memory | 141443 KiB |   1855 MiB | 672994 GiB | 672994 GiB |
|       from large pool | 140732 KiB |   1853 MiB | 670333 GiB | 670333 GiB |
|       from small pool |    711 KiB |      3 MiB |   2660 GiB |   2660 GiB |
|---------------------------------------------------------------------------|
| Allocations           |     470    |     909    |   48682 K  |   48681 K  |
|       from large pool |     125    |     513    |   32654 K  |   32654 K  |
|       from small pool |     345    |     402    |   16027 K  |   16026 K  |
|---------------------------------------------------------------------------|
| Active allocs         |     470    |     909    |   48682 K  |   48681 K  |
|       from large pool |     125    |     513    |   32654 K  |   32654 K  |
|       from small pool |     345    |     402    |   16027 K  |   16026 K  |
|---------------------------------------------------------------------------|
| GPU reserved segments |     230    |     230    |     230    |       0    |
|       from large pool |     224    |     224    |     224    |       0    |
|       from small pool |       6    |       6    |       6    |       0    |
|---------------------------------------------------------------------------|
| Non-releasable allocs |      11    |      47    |   34155 K  |   34155 K  |
|       from large pool |       5    |      39    |   20896 K  |   20896 K  |
|       from small pool |       6    |      11    |   13258 K  |   13258 K  |
|---------------------------------------------------------------------------|
| Oversize allocations  |       0    |       0    |       0    |       0    |
|---------------------------------------------------------------------------|
| Oversize GPU segments |       0    |       0    |       0    |       0    |
|===========================================================================|

| epoch   3 step    10800 |    284 batches | lr 0.0005 | ms/batch 784.86 | loss  2.86 | avg loss  2.60 | ppl 13.50
================================================================================
[Memory Breakdown] step 10900
Parameter memory      : 1355.04 MB
Gradient memory       : 0.00 MB
Optimizer state memory: 3.00 MB
GaLore projector mem  : 0.00 MB
CUDA allocated        : 2257.87 MB
CUDA reserved         : 18264.00 MB
CUDA peak allocated   : 17272.64 MB
================================================================================
|===========================================================================|
|                  PyTorch CUDA memory summary, device ID 0                 |
|---------------------------------------------------------------------------|
|            CUDA OOMs: 0            |        cudaMalloc retries: 0         |
|===========================================================================|
|        Metric         | Cur Usage  | Peak Usage | Tot Alloc  | Tot Freed  |
|---------------------------------------------------------------------------|
| Allocated memory      |   2257 MiB |  17272 MiB |   1143 TiB |   1143 TiB |
|       from large pool |   2250 MiB |  17264 MiB |   1141 TiB |   1141 TiB |
|       from small pool |      7 MiB |     10 MiB |      2 TiB |      2 TiB |
|---------------------------------------------------------------------------|
| Active memory         |   2257 MiB |  17272 MiB |   1143 TiB |   1143 TiB |
|       from large pool |   2250 MiB |  17264 MiB |   1141 TiB |   1141 TiB |
|       from small pool |      7 MiB |     10 MiB |      2 TiB |      2 TiB |
|---------------------------------------------------------------------------|
| Requested memory      |   2257 MiB |  17269 MiB |   1143 TiB |   1143 TiB |
|       from large pool |   2249 MiB |  17261 MiB |   1141 TiB |   1141 TiB |
|       from small pool |      7 MiB |     10 MiB |      2 TiB |      2 TiB |
|---------------------------------------------------------------------------|
| GPU reserved memory   |  18264 MiB |  18264 MiB |  18264 MiB |      0 B   |
|       from large pool |  18252 MiB |  18252 MiB |  18252 MiB |      0 B   |
|       from small pool |     12 MiB |     12 MiB |     12 MiB |      0 B   |
|---------------------------------------------------------------------------|
| Non-releasable memory | 141443 KiB |   1855 MiB | 678617 GiB | 678617 GiB |
|       from large pool | 140732 KiB |   1853 MiB | 675939 GiB | 675939 GiB |
|       from small pool |    711 KiB |      3 MiB |   2677 GiB |   2677 GiB |
|---------------------------------------------------------------------------|
| Allocations           |     470    |     909    |   49058 K  |   49058 K  |
|       from large pool |     125    |     513    |   32903 K  |   32903 K  |
|       from small pool |     345    |     402    |   16155 K  |   16154 K  |
|---------------------------------------------------------------------------|
| Active allocs         |     470    |     909    |   49058 K  |   49058 K  |
|       from large pool |     125    |     513    |   32903 K  |   32903 K  |
|       from small pool |     345    |     402    |   16155 K  |   16154 K  |
|---------------------------------------------------------------------------|
| GPU reserved segments |     230    |     230    |     230    |       0    |
|       from large pool |     224    |     224    |     224    |       0    |
|       from small pool |       6    |       6    |       6    |       0    |
|---------------------------------------------------------------------------|
| Non-releasable allocs |      12    |      47    |   34416 K  |   34416 K  |
|       from large pool |       5    |      39    |   21049 K  |   21049 K  |
|       from small pool |       7    |      11    |   13367 K  |   13367 K  |
|---------------------------------------------------------------------------|
| Oversize allocations  |       0    |       0    |       0    |       0    |
|---------------------------------------------------------------------------|
| Oversize GPU segments |       0    |       0    |       0    |       0    |
|===========================================================================|

| epoch   3 step    10900 |    384 batches | lr 0.0005 | ms/batch 784.87 | loss  2.89 | avg loss  2.60 | ppl 13.52
================================================================================
[Memory Breakdown] step 11000
Parameter memory      : 1355.04 MB
Gradient memory       : 0.00 MB
Optimizer state memory: 3.00 MB
GaLore projector mem  : 0.00 MB
CUDA allocated        : 2257.87 MB
CUDA reserved         : 18264.00 MB
CUDA peak allocated   : 17272.64 MB
================================================================================
|===========================================================================|
|                  PyTorch CUDA memory summary, device ID 0                 |
|---------------------------------------------------------------------------|
|            CUDA OOMs: 0            |        cudaMalloc retries: 0         |
|===========================================================================|
|        Metric         | Cur Usage  | Peak Usage | Tot Alloc  | Tot Freed  |
|---------------------------------------------------------------------------|
| Allocated memory      |   2257 MiB |  17272 MiB |   1153 TiB |   1153 TiB |
|       from large pool |   2250 MiB |  17264 MiB |   1150 TiB |   1150 TiB |
|       from small pool |      7 MiB |     10 MiB |      2 TiB |      2 TiB |
|---------------------------------------------------------------------------|
| Active memory         |   2257 MiB |  17272 MiB |   1153 TiB |   1153 TiB |
|       from large pool |   2250 MiB |  17264 MiB |   1150 TiB |   1150 TiB |
|       from small pool |      7 MiB |     10 MiB |      2 TiB |      2 TiB |
|---------------------------------------------------------------------------|
| Requested memory      |   2257 MiB |  17269 MiB |   1153 TiB |   1153 TiB |
|       from large pool |   2249 MiB |  17261 MiB |   1150 TiB |   1150 TiB |
|       from small pool |      7 MiB |     10 MiB |      2 TiB |      2 TiB |
|---------------------------------------------------------------------------|
| GPU reserved memory   |  18264 MiB |  18264 MiB |  18264 MiB |      0 B   |
|       from large pool |  18252 MiB |  18252 MiB |  18252 MiB |      0 B   |
|       from small pool |     12 MiB |     12 MiB |     12 MiB |      0 B   |
|---------------------------------------------------------------------------|
| Non-releasable memory | 141443 KiB |   1855 MiB | 684240 GiB | 684240 GiB |
|       from large pool | 140732 KiB |   1853 MiB | 681546 GiB | 681546 GiB |
|       from small pool |    711 KiB |      3 MiB |   2694 GiB |   2694 GiB |
|---------------------------------------------------------------------------|
| Allocations           |     470    |     909    |   49435 K  |   49434 K  |
|       from large pool |     125    |     513    |   33151 K  |   33151 K  |
|       from small pool |     345    |     402    |   16283 K  |   16282 K  |
|---------------------------------------------------------------------------|
| Active allocs         |     470    |     909    |   49435 K  |   49434 K  |
|       from large pool |     125    |     513    |   33151 K  |   33151 K  |
|       from small pool |     345    |     402    |   16283 K  |   16282 K  |
|---------------------------------------------------------------------------|
| GPU reserved segments |     230    |     230    |     230    |       0    |
|       from large pool |     224    |     224    |     224    |       0    |
|       from small pool |       6    |       6    |       6    |       0    |
|---------------------------------------------------------------------------|
| Non-releasable allocs |      12    |      47    |   34678 K  |   34678 K  |
|       from large pool |       5    |      39    |   21201 K  |   21201 K  |
|       from small pool |       7    |      11    |   13476 K  |   13476 K  |
|---------------------------------------------------------------------------|
| Oversize allocations  |       0    |       0    |       0    |       0    |
|---------------------------------------------------------------------------|
| Oversize GPU segments |       0    |       0    |       0    |       0    |
|===========================================================================|

| epoch   3 step    11000 |    484 batches | lr 0.0005 | ms/batch 784.94 | loss  2.77 | avg loss  2.61 | ppl 13.60
saving checkpoint ./trained_models/GPT2_M/e2e/model.11000.pt
================================================================================
[Memory Breakdown] step 11100
Parameter memory      : 1355.04 MB
Gradient memory       : 0.00 MB
Optimizer state memory: 3.00 MB
GaLore projector mem  : 0.00 MB
CUDA allocated        : 2257.87 MB
CUDA reserved         : 18264.00 MB
CUDA peak allocated   : 17272.64 MB
================================================================================
|===========================================================================|
|                  PyTorch CUDA memory summary, device ID 0                 |
|---------------------------------------------------------------------------|
|            CUDA OOMs: 0            |        cudaMalloc retries: 0         |
|===========================================================================|
|        Metric         | Cur Usage  | Peak Usage | Tot Alloc  | Tot Freed  |
|---------------------------------------------------------------------------|
| Allocated memory      |   2257 MiB |  17272 MiB |   1162 TiB |   1162 TiB |
|       from large pool |   2250 MiB |  17264 MiB |   1159 TiB |   1159 TiB |
|       from small pool |      7 MiB |     10 MiB |      2 TiB |      2 TiB |
|---------------------------------------------------------------------------|
| Active memory         |   2257 MiB |  17272 MiB |   1162 TiB |   1162 TiB |
|       from large pool |   2250 MiB |  17264 MiB |   1159 TiB |   1159 TiB |
|       from small pool |      7 MiB |     10 MiB |      2 TiB |      2 TiB |
|---------------------------------------------------------------------------|
| Requested memory      |   2257 MiB |  17269 MiB |   1162 TiB |   1162 TiB |
|       from large pool |   2249 MiB |  17261 MiB |   1159 TiB |   1159 TiB |
|       from small pool |      7 MiB |     10 MiB |      2 TiB |      2 TiB |
|---------------------------------------------------------------------------|
| GPU reserved memory   |  18264 MiB |  18264 MiB |  18264 MiB |      0 B   |
|       from large pool |  18252 MiB |  18252 MiB |  18252 MiB |      0 B   |
|       from small pool |     12 MiB |     12 MiB |     12 MiB |      0 B   |
|---------------------------------------------------------------------------|
| Non-releasable memory | 141443 KiB |   1855 MiB | 689863 GiB | 689863 GiB |
|       from large pool | 140732 KiB |   1853 MiB | 687152 GiB | 687152 GiB |
|       from small pool |    711 KiB |      3 MiB |   2711 GiB |   2711 GiB |
|---------------------------------------------------------------------------|
| Allocations           |     470    |     909    |   49811 K  |   49811 K  |
|       from large pool |     125    |     513    |   33400 K  |   33400 K  |
|       from small pool |     345    |     402    |   16411 K  |   16410 K  |
|---------------------------------------------------------------------------|
| Active allocs         |     470    |     909    |   49811 K  |   49811 K  |
|       from large pool |     125    |     513    |   33400 K  |   33400 K  |
|       from small pool |     345    |     402    |   16411 K  |   16410 K  |
|---------------------------------------------------------------------------|
| GPU reserved segments |     230    |     230    |     230    |       0    |
|       from large pool |     224    |     224    |     224    |       0    |
|       from small pool |       6    |       6    |       6    |       0    |
|---------------------------------------------------------------------------|
| Non-releasable allocs |      12    |      47    |   34940 K  |   34940 K  |
|       from large pool |       5    |      39    |   21354 K  |   21354 K  |
|       from small pool |       7    |      11    |   13586 K  |   13586 K  |
|---------------------------------------------------------------------------|
| Oversize allocations  |       0    |       0    |       0    |       0    |
|---------------------------------------------------------------------------|
| Oversize GPU segments |       0    |       0    |       0    |       0    |
|===========================================================================|

| epoch   3 step    11100 |    584 batches | lr 0.0005 | ms/batch 788.63 | loss  2.73 | avg loss  2.67 | ppl 14.44
================================================================================
[Memory Breakdown] step 11200
Parameter memory      : 1355.04 MB
Gradient memory       : 0.00 MB
Optimizer state memory: 3.00 MB
GaLore projector mem  : 0.00 MB
CUDA allocated        : 2257.87 MB
CUDA reserved         : 18264.00 MB
CUDA peak allocated   : 17272.64 MB
================================================================================
|===========================================================================|
|                  PyTorch CUDA memory summary, device ID 0                 |
|---------------------------------------------------------------------------|
|            CUDA OOMs: 0            |        cudaMalloc retries: 0         |
|===========================================================================|
|        Metric         | Cur Usage  | Peak Usage | Tot Alloc  | Tot Freed  |
|---------------------------------------------------------------------------|
| Allocated memory      |   2257 MiB |  17272 MiB |   1171 TiB |   1171 TiB |
|       from large pool |   2250 MiB |  17264 MiB |   1169 TiB |   1169 TiB |
|       from small pool |      7 MiB |     10 MiB |      2 TiB |      2 TiB |
|---------------------------------------------------------------------------|
| Active memory         |   2257 MiB |  17272 MiB |   1171 TiB |   1171 TiB |
|       from large pool |   2250 MiB |  17264 MiB |   1169 TiB |   1169 TiB |
|       from small pool |      7 MiB |     10 MiB |      2 TiB |      2 TiB |
|---------------------------------------------------------------------------|
| Requested memory      |   2257 MiB |  17269 MiB |   1171 TiB |   1171 TiB |
|       from large pool |   2249 MiB |  17261 MiB |   1169 TiB |   1169 TiB |
|       from small pool |      7 MiB |     10 MiB |      2 TiB |      2 TiB |
|---------------------------------------------------------------------------|
| GPU reserved memory   |  18264 MiB |  18264 MiB |  18264 MiB |      0 B   |
|       from large pool |  18252 MiB |  18252 MiB |  18252 MiB |      0 B   |
|       from small pool |     12 MiB |     12 MiB |     12 MiB |      0 B   |
|---------------------------------------------------------------------------|
| Non-releasable memory | 141443 KiB |   1855 MiB | 695487 GiB | 695487 GiB |
|       from large pool | 140732 KiB |   1853 MiB | 692758 GiB | 692758 GiB |
|       from small pool |    711 KiB |      3 MiB |   2728 GiB |   2728 GiB |
|---------------------------------------------------------------------------|
| Allocations           |     470    |     909    |   50188 K  |   50187 K  |
|       from large pool |     125    |     513    |   33648 K  |   33648 K  |
|       from small pool |     345    |     402    |   16539 K  |   16538 K  |
|---------------------------------------------------------------------------|
| Active allocs         |     470    |     909    |   50188 K  |   50187 K  |
|       from large pool |     125    |     513    |   33648 K  |   33648 K  |
|       from small pool |     345    |     402    |   16539 K  |   16538 K  |
|---------------------------------------------------------------------------|
| GPU reserved segments |     230    |     230    |     230    |       0    |
|       from large pool |     224    |     224    |     224    |       0    |
|       from small pool |       6    |       6    |       6    |       0    |
|---------------------------------------------------------------------------|
| Non-releasable allocs |      13    |      47    |   35201 K  |   35201 K  |
|       from large pool |       5    |      39    |   21506 K  |   21506 K  |
|       from small pool |       8    |      11    |   13695 K  |   13695 K  |
|---------------------------------------------------------------------------|
| Oversize allocations  |       0    |       0    |       0    |       0    |
|---------------------------------------------------------------------------|
| Oversize GPU segments |       0    |       0    |       0    |       0    |
|===========================================================================|

| epoch   3 step    11200 |    684 batches | lr 0.0005 | ms/batch 786.19 | loss  2.63 | avg loss  2.61 | ppl 13.61
================================================================================
[Memory Breakdown] step 11300
Parameter memory      : 1355.04 MB
Gradient memory       : 0.00 MB
Optimizer state memory: 3.00 MB
GaLore projector mem  : 0.00 MB
CUDA allocated        : 2257.87 MB
CUDA reserved         : 18264.00 MB
CUDA peak allocated   : 17272.64 MB
================================================================================
|===========================================================================|
|                  PyTorch CUDA memory summary, device ID 0                 |
|---------------------------------------------------------------------------|
|            CUDA OOMs: 0            |        cudaMalloc retries: 0         |
|===========================================================================|
|        Metric         | Cur Usage  | Peak Usage | Tot Alloc  | Tot Freed  |
|---------------------------------------------------------------------------|
| Allocated memory      |   2257 MiB |  17272 MiB |   1181 TiB |   1181 TiB |
|       from large pool |   2250 MiB |  17264 MiB |   1178 TiB |   1178 TiB |
|       from small pool |      7 MiB |     10 MiB |      2 TiB |      2 TiB |
|---------------------------------------------------------------------------|
| Active memory         |   2257 MiB |  17272 MiB |   1181 TiB |   1181 TiB |
|       from large pool |   2250 MiB |  17264 MiB |   1178 TiB |   1178 TiB |
|       from small pool |      7 MiB |     10 MiB |      2 TiB |      2 TiB |
|---------------------------------------------------------------------------|
| Requested memory      |   2257 MiB |  17269 MiB |   1181 TiB |   1181 TiB |
|       from large pool |   2249 MiB |  17261 MiB |   1178 TiB |   1178 TiB |
|       from small pool |      7 MiB |     10 MiB |      2 TiB |      2 TiB |
|---------------------------------------------------------------------------|
| GPU reserved memory   |  18264 MiB |  18264 MiB |  18264 MiB |      0 B   |
|       from large pool |  18252 MiB |  18252 MiB |  18252 MiB |      0 B   |
|       from small pool |     12 MiB |     12 MiB |     12 MiB |      0 B   |
|---------------------------------------------------------------------------|
| Non-releasable memory | 141443 KiB |   1855 MiB | 701110 GiB | 701110 GiB |
|       from large pool | 140732 KiB |   1853 MiB | 698365 GiB | 698364 GiB |
|       from small pool |    711 KiB |      3 MiB |   2745 GiB |   2745 GiB |
|---------------------------------------------------------------------------|
| Allocations           |     470    |     909    |   50564 K  |   50564 K  |
|       from large pool |     125    |     513    |   33897 K  |   33897 K  |
|       from small pool |     345    |     402    |   16667 K  |   16666 K  |
|---------------------------------------------------------------------------|
| Active allocs         |     470    |     909    |   50564 K  |   50564 K  |
|       from large pool |     125    |     513    |   33897 K  |   33897 K  |
|       from small pool |     345    |     402    |   16667 K  |   16666 K  |
|---------------------------------------------------------------------------|
| GPU reserved segments |     230    |     230    |     230    |       0    |
|       from large pool |     224    |     224    |     224    |       0    |
|       from small pool |       6    |       6    |       6    |       0    |
|---------------------------------------------------------------------------|
| Non-releasable allocs |      13    |      47    |   35463 K  |   35463 K  |
|       from large pool |       5    |      39    |   21659 K  |   21659 K  |
|       from small pool |       8    |      11    |   13804 K  |   13804 K  |
|---------------------------------------------------------------------------|
| Oversize allocations  |       0    |       0    |       0    |       0    |
|---------------------------------------------------------------------------|
| Oversize GPU segments |       0    |       0    |       0    |       0    |
|===========================================================================|

| epoch   3 step    11300 |    784 batches | lr 0.0005 | ms/batch 786.31 | loss  2.68 | avg loss  2.64 | ppl 13.95
================================================================================
[Memory Breakdown] step 11400
Parameter memory      : 1355.04 MB
Gradient memory       : 0.00 MB
Optimizer state memory: 3.00 MB
GaLore projector mem  : 0.00 MB
CUDA allocated        : 2257.87 MB
CUDA reserved         : 18264.00 MB
CUDA peak allocated   : 17272.64 MB
================================================================================
|===========================================================================|
|                  PyTorch CUDA memory summary, device ID 0                 |
|---------------------------------------------------------------------------|
|            CUDA OOMs: 0            |        cudaMalloc retries: 0         |
|===========================================================================|
|        Metric         | Cur Usage  | Peak Usage | Tot Alloc  | Tot Freed  |
|---------------------------------------------------------------------------|
| Allocated memory      |   2257 MiB |  17272 MiB |   1190 TiB |   1190 TiB |
|       from large pool |   2250 MiB |  17264 MiB |   1187 TiB |   1187 TiB |
|       from small pool |      7 MiB |     10 MiB |      2 TiB |      2 TiB |
|---------------------------------------------------------------------------|
| Active memory         |   2257 MiB |  17272 MiB |   1190 TiB |   1190 TiB |
|       from large pool |   2250 MiB |  17264 MiB |   1187 TiB |   1187 TiB |
|       from small pool |      7 MiB |     10 MiB |      2 TiB |      2 TiB |
|---------------------------------------------------------------------------|
| Requested memory      |   2257 MiB |  17269 MiB |   1190 TiB |   1190 TiB |
|       from large pool |   2249 MiB |  17261 MiB |   1187 TiB |   1187 TiB |
|       from small pool |      7 MiB |     10 MiB |      2 TiB |      2 TiB |
|---------------------------------------------------------------------------|
| GPU reserved memory   |  18264 MiB |  18264 MiB |  18264 MiB |      0 B   |
|       from large pool |  18252 MiB |  18252 MiB |  18252 MiB |      0 B   |
|       from small pool |     12 MiB |     12 MiB |     12 MiB |      0 B   |
|---------------------------------------------------------------------------|
| Non-releasable memory | 141443 KiB |   1855 MiB | 706733 GiB | 706733 GiB |
|       from large pool | 140732 KiB |   1853 MiB | 703971 GiB | 703971 GiB |
|       from small pool |    711 KiB |      3 MiB |   2762 GiB |   2762 GiB |
|---------------------------------------------------------------------------|
| Allocations           |     470    |     909    |   50941 K  |   50940 K  |
|       from large pool |     125    |     513    |   34145 K  |   34145 K  |
|       from small pool |     345    |     402    |   16795 K  |   16794 K  |
|---------------------------------------------------------------------------|
| Active allocs         |     470    |     909    |   50941 K  |   50940 K  |
|       from large pool |     125    |     513    |   34145 K  |   34145 K  |
|       from small pool |     345    |     402    |   16795 K  |   16794 K  |
|---------------------------------------------------------------------------|
| GPU reserved segments |     230    |     230    |     230    |       0    |
|       from large pool |     224    |     224    |     224    |       0    |
|       from small pool |       6    |       6    |       6    |       0    |
|---------------------------------------------------------------------------|
| Non-releasable allocs |      12    |      47    |   35725 K  |   35725 K  |
|       from large pool |       5    |      39    |   21811 K  |   21811 K  |
|       from small pool |       7    |      11    |   13913 K  |   13913 K  |
|---------------------------------------------------------------------------|
| Oversize allocations  |       0    |       0    |       0    |       0    |
|---------------------------------------------------------------------------|
| Oversize GPU segments |       0    |       0    |       0    |       0    |
|===========================================================================|

| epoch   3 step    11400 |    884 batches | lr 0.0005 | ms/batch 786.21 | loss  2.62 | avg loss  2.62 | ppl 13.73
================================================================================
[Memory Breakdown] step 11500
Parameter memory      : 1355.04 MB
Gradient memory       : 0.00 MB
Optimizer state memory: 3.00 MB
GaLore projector mem  : 0.00 MB
CUDA allocated        : 2257.87 MB
CUDA reserved         : 18264.00 MB
CUDA peak allocated   : 17272.64 MB
================================================================================
|===========================================================================|
|                  PyTorch CUDA memory summary, device ID 0                 |
|---------------------------------------------------------------------------|
|            CUDA OOMs: 0            |        cudaMalloc retries: 0         |
|===========================================================================|
|        Metric         | Cur Usage  | Peak Usage | Tot Alloc  | Tot Freed  |
|---------------------------------------------------------------------------|
| Allocated memory      |   2257 MiB |  17272 MiB |   1199 TiB |   1199 TiB |
|       from large pool |   2250 MiB |  17264 MiB |   1197 TiB |   1197 TiB |
|       from small pool |      7 MiB |     10 MiB |      2 TiB |      2 TiB |
|---------------------------------------------------------------------------|
| Active memory         |   2257 MiB |  17272 MiB |   1199 TiB |   1199 TiB |
|       from large pool |   2250 MiB |  17264 MiB |   1197 TiB |   1197 TiB |
|       from small pool |      7 MiB |     10 MiB |      2 TiB |      2 TiB |
|---------------------------------------------------------------------------|
| Requested memory      |   2257 MiB |  17269 MiB |   1199 TiB |   1199 TiB |
|       from large pool |   2249 MiB |  17261 MiB |   1197 TiB |   1197 TiB |
|       from small pool |      7 MiB |     10 MiB |      2 TiB |      2 TiB |
|---------------------------------------------------------------------------|
| GPU reserved memory   |  18264 MiB |  18264 MiB |  18264 MiB |      0 B   |
|       from large pool |  18252 MiB |  18252 MiB |  18252 MiB |      0 B   |
|       from small pool |     12 MiB |     12 MiB |     12 MiB |      0 B   |
|---------------------------------------------------------------------------|
| Non-releasable memory | 141443 KiB |   1855 MiB | 712356 GiB | 712356 GiB |
|       from large pool | 140732 KiB |   1853 MiB | 709577 GiB | 709577 GiB |
|       from small pool |    711 KiB |      3 MiB |   2779 GiB |   2779 GiB |
|---------------------------------------------------------------------------|
| Allocations           |     470    |     909    |   51317 K  |   51317 K  |
|       from large pool |     125    |     513    |   34394 K  |   34394 K  |
|       from small pool |     345    |     402    |   16923 K  |   16922 K  |
|---------------------------------------------------------------------------|
| Active allocs         |     470    |     909    |   51317 K  |   51317 K  |
|       from large pool |     125    |     513    |   34394 K  |   34394 K  |
|       from small pool |     345    |     402    |   16923 K  |   16922 K  |
|---------------------------------------------------------------------------|
| GPU reserved segments |     230    |     230    |     230    |       0    |
|       from large pool |     224    |     224    |     224    |       0    |
|       from small pool |       6    |       6    |       6    |       0    |
|---------------------------------------------------------------------------|
| Non-releasable allocs |      13    |      47    |   35986 K  |   35986 K  |
|       from large pool |       5    |      39    |   21964 K  |   21964 K  |
|       from small pool |       8    |      11    |   14022 K  |   14022 K  |
|---------------------------------------------------------------------------|
| Oversize allocations  |       0    |       0    |       0    |       0    |
|---------------------------------------------------------------------------|
| Oversize GPU segments |       0    |       0    |       0    |       0    |
|===========================================================================|

| epoch   3 step    11500 |    984 batches | lr 0.0005 | ms/batch 786.09 | loss  2.37 | avg loss  2.62 | ppl 13.80
================================================================================
[Memory Breakdown] step 11600
Parameter memory      : 1355.04 MB
Gradient memory       : 0.00 MB
Optimizer state memory: 3.00 MB
GaLore projector mem  : 0.00 MB
CUDA allocated        : 2257.87 MB
CUDA reserved         : 18264.00 MB
CUDA peak allocated   : 17272.64 MB
================================================================================
|===========================================================================|
|                  PyTorch CUDA memory summary, device ID 0                 |
|---------------------------------------------------------------------------|
|            CUDA OOMs: 0            |        cudaMalloc retries: 0         |
|===========================================================================|
|        Metric         | Cur Usage  | Peak Usage | Tot Alloc  | Tot Freed  |
|---------------------------------------------------------------------------|
| Allocated memory      |   2257 MiB |  17272 MiB |   1209 TiB |   1209 TiB |
|       from large pool |   2250 MiB |  17264 MiB |   1206 TiB |   1206 TiB |
|       from small pool |      7 MiB |     10 MiB |      2 TiB |      2 TiB |
|---------------------------------------------------------------------------|
| Active memory         |   2257 MiB |  17272 MiB |   1209 TiB |   1209 TiB |
|       from large pool |   2250 MiB |  17264 MiB |   1206 TiB |   1206 TiB |
|       from small pool |      7 MiB |     10 MiB |      2 TiB |      2 TiB |
|---------------------------------------------------------------------------|
| Requested memory      |   2257 MiB |  17269 MiB |   1209 TiB |   1209 TiB |
|       from large pool |   2249 MiB |  17261 MiB |   1206 TiB |   1206 TiB |
|       from small pool |      7 MiB |     10 MiB |      2 TiB |      2 TiB |
|---------------------------------------------------------------------------|
| GPU reserved memory   |  18264 MiB |  18264 MiB |  18264 MiB |      0 B   |
|       from large pool |  18252 MiB |  18252 MiB |  18252 MiB |      0 B   |
|       from small pool |     12 MiB |     12 MiB |     12 MiB |      0 B   |
|---------------------------------------------------------------------------|
| Non-releasable memory | 141443 KiB |   1855 MiB | 717980 GiB | 717979 GiB |
|       from large pool | 140732 KiB |   1853 MiB | 715183 GiB | 715183 GiB |
|       from small pool |    711 KiB |      3 MiB |   2796 GiB |   2796 GiB |
|---------------------------------------------------------------------------|
| Allocations           |     470    |     909    |   51694 K  |   51693 K  |
|       from large pool |     125    |     513    |   34642 K  |   34642 K  |
|       from small pool |     345    |     402    |   17051 K  |   17050 K  |
|---------------------------------------------------------------------------|
| Active allocs         |     470    |     909    |   51694 K  |   51693 K  |
|       from large pool |     125    |     513    |   34642 K  |   34642 K  |
|       from small pool |     345    |     402    |   17051 K  |   17050 K  |
|---------------------------------------------------------------------------|
| GPU reserved segments |     230    |     230    |     230    |       0    |
|       from large pool |     224    |     224    |     224    |       0    |
|       from small pool |       6    |       6    |       6    |       0    |
|---------------------------------------------------------------------------|
| Non-releasable allocs |      13    |      47    |   36248 K  |   36248 K  |
|       from large pool |       5    |      39    |   22116 K  |   22116 K  |
|       from small pool |       8    |      11    |   14132 K  |   14132 K  |
|---------------------------------------------------------------------------|
| Oversize allocations  |       0    |       0    |       0    |       0    |
|---------------------------------------------------------------------------|
| Oversize GPU segments |       0    |       0    |       0    |       0    |
|===========================================================================|

| epoch   3 step    11600 |   1084 batches | lr 0.0005 | ms/batch 786.31 | loss  2.29 | avg loss  2.58 | ppl 13.16
================================================================================
[Memory Breakdown] step 11700
Parameter memory      : 1355.04 MB
Gradient memory       : 0.00 MB
Optimizer state memory: 3.00 MB
GaLore projector mem  : 0.00 MB
CUDA allocated        : 2257.87 MB
CUDA reserved         : 18264.00 MB
CUDA peak allocated   : 17272.64 MB
================================================================================
|===========================================================================|
|                  PyTorch CUDA memory summary, device ID 0                 |
|---------------------------------------------------------------------------|
|            CUDA OOMs: 0            |        cudaMalloc retries: 0         |
|===========================================================================|
|        Metric         | Cur Usage  | Peak Usage | Tot Alloc  | Tot Freed  |
|---------------------------------------------------------------------------|
| Allocated memory      |   2257 MiB |  17272 MiB |   1218 TiB |   1218 TiB |
|       from large pool |   2250 MiB |  17264 MiB |   1215 TiB |   1215 TiB |
|       from small pool |      7 MiB |     10 MiB |      2 TiB |      2 TiB |
|---------------------------------------------------------------------------|
| Active memory         |   2257 MiB |  17272 MiB |   1218 TiB |   1218 TiB |
|       from large pool |   2250 MiB |  17264 MiB |   1215 TiB |   1215 TiB |
|       from small pool |      7 MiB |     10 MiB |      2 TiB |      2 TiB |
|---------------------------------------------------------------------------|
| Requested memory      |   2257 MiB |  17269 MiB |   1218 TiB |   1218 TiB |
|       from large pool |   2249 MiB |  17261 MiB |   1215 TiB |   1215 TiB |
|       from small pool |      7 MiB |     10 MiB |      2 TiB |      2 TiB |
|---------------------------------------------------------------------------|
| GPU reserved memory   |  18264 MiB |  18264 MiB |  18264 MiB |      0 B   |
|       from large pool |  18252 MiB |  18252 MiB |  18252 MiB |      0 B   |
|       from small pool |     12 MiB |     12 MiB |     12 MiB |      0 B   |
|---------------------------------------------------------------------------|
| Non-releasable memory | 141443 KiB |   1855 MiB | 723603 GiB | 723603 GiB |
|       from large pool | 140732 KiB |   1853 MiB | 720790 GiB | 720790 GiB |
|       from small pool |    711 KiB |      3 MiB |   2813 GiB |   2813 GiB |
|---------------------------------------------------------------------------|
| Allocations           |     470    |     909    |   52070 K  |   52070 K  |
|       from large pool |     125    |     513    |   34891 K  |   34891 K  |
|       from small pool |     345    |     402    |   17179 K  |   17178 K  |
|---------------------------------------------------------------------------|
| Active allocs         |     470    |     909    |   52070 K  |   52070 K  |
|       from large pool |     125    |     513    |   34891 K  |   34891 K  |
|       from small pool |     345    |     402    |   17179 K  |   17178 K  |
|---------------------------------------------------------------------------|
| GPU reserved segments |     230    |     230    |     230    |       0    |
|       from large pool |     224    |     224    |     224    |       0    |
|       from small pool |       6    |       6    |       6    |       0    |
|---------------------------------------------------------------------------|
| Non-releasable allocs |      12    |      47    |   36510 K  |   36510 K  |
|       from large pool |       5    |      39    |   22269 K  |   22269 K  |
|       from small pool |       7    |      11    |   14241 K  |   14241 K  |
|---------------------------------------------------------------------------|
| Oversize allocations  |       0    |       0    |       0    |       0    |
|---------------------------------------------------------------------------|
| Oversize GPU segments |       0    |       0    |       0    |       0    |
|===========================================================================|

| epoch   3 step    11700 |   1184 batches | lr 0.0005 | ms/batch 786.23 | loss  2.42 | avg loss  2.60 | ppl 13.48
================================================================================
[Memory Breakdown] step 11800
Parameter memory      : 1355.04 MB
Gradient memory       : 0.00 MB
Optimizer state memory: 3.00 MB
GaLore projector mem  : 0.00 MB
CUDA allocated        : 2257.87 MB
CUDA reserved         : 18264.00 MB
CUDA peak allocated   : 17272.64 MB
================================================================================
|===========================================================================|
|                  PyTorch CUDA memory summary, device ID 0                 |
|---------------------------------------------------------------------------|
|            CUDA OOMs: 0            |        cudaMalloc retries: 0         |
|===========================================================================|
|        Metric         | Cur Usage  | Peak Usage | Tot Alloc  | Tot Freed  |
|---------------------------------------------------------------------------|
| Allocated memory      |   2257 MiB |  17272 MiB |   1227 TiB |   1227 TiB |
|       from large pool |   2250 MiB |  17264 MiB |   1225 TiB |   1225 TiB |
|       from small pool |      7 MiB |     10 MiB |      2 TiB |      2 TiB |
|---------------------------------------------------------------------------|
| Active memory         |   2257 MiB |  17272 MiB |   1227 TiB |   1227 TiB |
|       from large pool |   2250 MiB |  17264 MiB |   1225 TiB |   1225 TiB |
|       from small pool |      7 MiB |     10 MiB |      2 TiB |      2 TiB |
|---------------------------------------------------------------------------|
| Requested memory      |   2257 MiB |  17269 MiB |   1227 TiB |   1227 TiB |
|       from large pool |   2249 MiB |  17261 MiB |   1225 TiB |   1225 TiB |
|       from small pool |      7 MiB |     10 MiB |      2 TiB |      2 TiB |
|---------------------------------------------------------------------------|
| GPU reserved memory   |  18264 MiB |  18264 MiB |  18264 MiB |      0 B   |
|       from large pool |  18252 MiB |  18252 MiB |  18252 MiB |      0 B   |
|       from small pool |     12 MiB |     12 MiB |     12 MiB |      0 B   |
|---------------------------------------------------------------------------|
| Non-releasable memory | 141443 KiB |   1855 MiB | 729226 GiB | 729226 GiB |
|       from large pool | 140732 KiB |   1853 MiB | 726396 GiB | 726396 GiB |
|       from small pool |    711 KiB |      3 MiB |   2830 GiB |   2830 GiB |
|---------------------------------------------------------------------------|
| Allocations           |     470    |     909    |   52447 K  |   52446 K  |
|       from large pool |     125    |     513    |   35139 K  |   35139 K  |
|       from small pool |     345    |     402    |   17307 K  |   17306 K  |
|---------------------------------------------------------------------------|
| Active allocs         |     470    |     909    |   52447 K  |   52446 K  |
|       from large pool |     125    |     513    |   35139 K  |   35139 K  |
|       from small pool |     345    |     402    |   17307 K  |   17306 K  |
|---------------------------------------------------------------------------|
| GPU reserved segments |     230    |     230    |     230    |       0    |
|       from large pool |     224    |     224    |     224    |       0    |
|       from small pool |       6    |       6    |       6    |       0    |
|---------------------------------------------------------------------------|
| Non-releasable allocs |      13    |      47    |   36772 K  |   36772 K  |
|       from large pool |       5    |      39    |   22421 K  |   22421 K  |
|       from small pool |       8    |      11    |   14350 K  |   14350 K  |
|---------------------------------------------------------------------------|
| Oversize allocations  |       0    |       0    |       0    |       0    |
|---------------------------------------------------------------------------|
| Oversize GPU segments |       0    |       0    |       0    |       0    |
|===========================================================================|

| epoch   3 step    11800 |   1284 batches | lr 0.0005 | ms/batch 786.23 | loss  2.61 | avg loss  2.58 | ppl 13.16
================================================================================
[Memory Breakdown] step 11900
Parameter memory      : 1355.04 MB
Gradient memory       : 0.00 MB
Optimizer state memory: 3.00 MB
GaLore projector mem  : 0.00 MB
CUDA allocated        : 2257.87 MB
CUDA reserved         : 18264.00 MB
CUDA peak allocated   : 17272.64 MB
================================================================================
|===========================================================================|
|                  PyTorch CUDA memory summary, device ID 0                 |
|---------------------------------------------------------------------------|
|            CUDA OOMs: 0            |        cudaMalloc retries: 0         |
|===========================================================================|
|        Metric         | Cur Usage  | Peak Usage | Tot Alloc  | Tot Freed  |
|---------------------------------------------------------------------------|
| Allocated memory      |   2257 MiB |  17272 MiB |   1237 TiB |   1237 TiB |
|       from large pool |   2250 MiB |  17264 MiB |   1234 TiB |   1234 TiB |
|       from small pool |      7 MiB |     10 MiB |      2 TiB |      2 TiB |
|---------------------------------------------------------------------------|
| Active memory         |   2257 MiB |  17272 MiB |   1237 TiB |   1237 TiB |
|       from large pool |   2250 MiB |  17264 MiB |   1234 TiB |   1234 TiB |
|       from small pool |      7 MiB |     10 MiB |      2 TiB |      2 TiB |
|---------------------------------------------------------------------------|
| Requested memory      |   2257 MiB |  17269 MiB |   1237 TiB |   1237 TiB |
|       from large pool |   2249 MiB |  17261 MiB |   1234 TiB |   1234 TiB |
|       from small pool |      7 MiB |     10 MiB |      2 TiB |      2 TiB |
|---------------------------------------------------------------------------|
| GPU reserved memory   |  18264 MiB |  18264 MiB |  18264 MiB |      0 B   |
|       from large pool |  18252 MiB |  18252 MiB |  18252 MiB |      0 B   |
|       from small pool |     12 MiB |     12 MiB |     12 MiB |      0 B   |
|---------------------------------------------------------------------------|
| Non-releasable memory | 141443 KiB |   1855 MiB | 734849 GiB | 734849 GiB |
|       from large pool | 140732 KiB |   1853 MiB | 732002 GiB | 732002 GiB |
|       from small pool |    711 KiB |      3 MiB |   2846 GiB |   2846 GiB |
|---------------------------------------------------------------------------|
| Allocations           |     470    |     909    |   52823 K  |   52823 K  |
|       from large pool |     125    |     513    |   35388 K  |   35388 K  |
|       from small pool |     345    |     402    |   17435 K  |   17434 K  |
|---------------------------------------------------------------------------|
| Active allocs         |     470    |     909    |   52823 K  |   52823 K  |
|       from large pool |     125    |     513    |   35388 K  |   35388 K  |
|       from small pool |     345    |     402    |   17435 K  |   17434 K  |
|---------------------------------------------------------------------------|
| GPU reserved segments |     230    |     230    |     230    |       0    |
|       from large pool |     224    |     224    |     224    |       0    |
|       from small pool |       6    |       6    |       6    |       0    |
|---------------------------------------------------------------------------|
| Non-releasable allocs |      13    |      47    |   37033 K  |   37033 K  |
|       from large pool |       5    |      39    |   22574 K  |   22574 K  |
|       from small pool |       8    |      11    |   14459 K  |   14459 K  |
|---------------------------------------------------------------------------|
| Oversize allocations  |       0    |       0    |       0    |       0    |
|---------------------------------------------------------------------------|
| Oversize GPU segments |       0    |       0    |       0    |       0    |
|===========================================================================|

| epoch   3 step    11900 |   1384 batches | lr 0.0005 | ms/batch 786.26 | loss  2.51 | avg loss  2.59 | ppl 13.38
================================================================================
[Memory Breakdown] step 12000
Parameter memory      : 1355.04 MB
Gradient memory       : 0.00 MB
Optimizer state memory: 3.00 MB
GaLore projector mem  : 0.00 MB
CUDA allocated        : 2257.87 MB
CUDA reserved         : 18264.00 MB
CUDA peak allocated   : 17272.64 MB
================================================================================
|===========================================================================|
|                  PyTorch CUDA memory summary, device ID 0                 |
|---------------------------------------------------------------------------|
|            CUDA OOMs: 0            |        cudaMalloc retries: 0         |
|===========================================================================|
|        Metric         | Cur Usage  | Peak Usage | Tot Alloc  | Tot Freed  |
|---------------------------------------------------------------------------|
| Allocated memory      |   2257 MiB |  17272 MiB |   1246 TiB |   1246 TiB |
|       from large pool |   2250 MiB |  17264 MiB |   1243 TiB |   1243 TiB |
|       from small pool |      7 MiB |     10 MiB |      2 TiB |      2 TiB |
|---------------------------------------------------------------------------|
| Active memory         |   2257 MiB |  17272 MiB |   1246 TiB |   1246 TiB |
|       from large pool |   2250 MiB |  17264 MiB |   1243 TiB |   1243 TiB |
|       from small pool |      7 MiB |     10 MiB |      2 TiB |      2 TiB |
|---------------------------------------------------------------------------|
| Requested memory      |   2257 MiB |  17269 MiB |   1246 TiB |   1246 TiB |
|       from large pool |   2249 MiB |  17261 MiB |   1243 TiB |   1243 TiB |
|       from small pool |      7 MiB |     10 MiB |      2 TiB |      2 TiB |
|---------------------------------------------------------------------------|
| GPU reserved memory   |  18264 MiB |  18264 MiB |  18264 MiB |      0 B   |
|       from large pool |  18252 MiB |  18252 MiB |  18252 MiB |      0 B   |
|       from small pool |     12 MiB |     12 MiB |     12 MiB |      0 B   |
|---------------------------------------------------------------------------|
| Non-releasable memory | 141443 KiB |   1855 MiB | 740472 GiB | 740472 GiB |
|       from large pool | 140732 KiB |   1853 MiB | 737609 GiB | 737608 GiB |
|       from small pool |    711 KiB |      3 MiB |   2863 GiB |   2863 GiB |
|---------------------------------------------------------------------------|
| Allocations           |     470    |     909    |   53200 K  |   53199 K  |
|       from large pool |     125    |     513    |   35636 K  |   35636 K  |
|       from small pool |     345    |     402    |   17563 K  |   17562 K  |
|---------------------------------------------------------------------------|
| Active allocs         |     470    |     909    |   53200 K  |   53199 K  |
|       from large pool |     125    |     513    |   35636 K  |   35636 K  |
|       from small pool |     345    |     402    |   17563 K  |   17562 K  |
|---------------------------------------------------------------------------|
| GPU reserved segments |     230    |     230    |     230    |       0    |
|       from large pool |     224    |     224    |     224    |       0    |
|       from small pool |       6    |       6    |       6    |       0    |
|---------------------------------------------------------------------------|
| Non-releasable allocs |      12    |      47    |   37295 K  |   37295 K  |
|       from large pool |       5    |      39    |   22726 K  |   22726 K  |
|       from small pool |       7    |      11    |   14568 K  |   14568 K  |
|---------------------------------------------------------------------------|
| Oversize allocations  |       0    |       0    |       0    |       0    |
|---------------------------------------------------------------------------|
| Oversize GPU segments |       0    |       0    |       0    |       0    |
|===========================================================================|

| epoch   3 step    12000 |   1484 batches | lr 0.0005 | ms/batch 786.36 | loss  2.69 | avg loss  2.61 | ppl 13.58
saving checkpoint ./trained_models/GPT2_M/e2e/model.12000.pt
eval samples: 0 loss: tensor(1.2185, device='cuda:0')
eval samples: 100 loss: tensor(0.8913, device='cuda:0')
eval samples: 200 loss: tensor(1.3342, device='cuda:0')
eval samples: 300 loss: tensor(1.2152, device='cuda:0')
eval samples: 400 loss: tensor(0.9484, device='cuda:0')
eval samples: 500 loss: tensor(0.6089, device='cuda:0')
eval samples: 600 loss: tensor(1.3154, device='cuda:0')
eval samples: 700 loss: tensor(0.7694, device='cuda:0')
eval samples: 800 loss: tensor(1.2393, device='cuda:0')
eval samples: 900 loss: tensor(1.8027, device='cuda:0')
eval samples: 1000 loss: tensor(1.0463, device='cuda:0')
eval samples: 1100 loss: tensor(1.5958, device='cuda:0')
average loss 1.2653472600632334
----------------------------------------------------------------------------------------------------
| Eval   6 at step    12000 | time: 200.04s | valid loss  1.27 | valid ppl  3.54 | best ppl  3.54 
----------------------------------------------------------------------------------------------------
================================================================================
[Memory Breakdown] step 12100
Parameter memory      : 1355.04 MB
Gradient memory       : 0.00 MB
Optimizer state memory: 3.00 MB
GaLore projector mem  : 0.00 MB
CUDA allocated        : 2257.87 MB
CUDA reserved         : 18264.00 MB
CUDA peak allocated   : 17272.64 MB
================================================================================
|===========================================================================|
|                  PyTorch CUDA memory summary, device ID 0                 |
|---------------------------------------------------------------------------|
|            CUDA OOMs: 0            |        cudaMalloc retries: 0         |
|===========================================================================|
|        Metric         | Cur Usage  | Peak Usage | Tot Alloc  | Tot Freed  |
|---------------------------------------------------------------------------|
| Allocated memory      |   2257 MiB |  17272 MiB |   1280 TiB |   1280 TiB |
|       from large pool |   2250 MiB |  17264 MiB |   1277 TiB |   1277 TiB |
|       from small pool |      7 MiB |     10 MiB |      2 TiB |      2 TiB |
|---------------------------------------------------------------------------|
| Active memory         |   2257 MiB |  17272 MiB |   1280 TiB |   1280 TiB |
|       from large pool |   2250 MiB |  17264 MiB |   1277 TiB |   1277 TiB |
|       from small pool |      7 MiB |     10 MiB |      2 TiB |      2 TiB |
|---------------------------------------------------------------------------|
| Requested memory      |   2257 MiB |  17269 MiB |   1280 TiB |   1280 TiB |
|       from large pool |   2249 MiB |  17261 MiB |   1277 TiB |   1277 TiB |
|       from small pool |      7 MiB |     10 MiB |      2 TiB |      2 TiB |
|---------------------------------------------------------------------------|
| GPU reserved memory   |  18264 MiB |  18264 MiB |  18264 MiB |      0 B   |
|       from large pool |  18252 MiB |  18252 MiB |  18252 MiB |      0 B   |
|       from small pool |     12 MiB |     12 MiB |     12 MiB |      0 B   |
|---------------------------------------------------------------------------|
| Non-releasable memory | 141443 KiB |   1855 MiB | 759236 GiB | 759236 GiB |
|       from large pool | 140732 KiB |   1853 MiB | 756189 GiB | 756189 GiB |
|       from small pool |    711 KiB |      3 MiB |   3047 GiB |   3047 GiB |
|---------------------------------------------------------------------------|
| Allocations           |     470    |     909    |   55180 K  |   55180 K  |
|       from large pool |     125    |     513    |   37048 K  |   37048 K  |
|       from small pool |     345    |     402    |   18131 K  |   18131 K  |
|---------------------------------------------------------------------------|
| Active allocs         |     470    |     909    |   55180 K  |   55180 K  |
|       from large pool |     125    |     513    |   37048 K  |   37048 K  |
|       from small pool |     345    |     402    |   18131 K  |   18131 K  |
|---------------------------------------------------------------------------|
| GPU reserved segments |     230    |     230    |     230    |       0    |
|       from large pool |     224    |     224    |     224    |       0    |
|       from small pool |       6    |       6    |       6    |       0    |
|---------------------------------------------------------------------------|
| Non-releasable allocs |      13    |      47    |   38681 K  |   38681 K  |
|       from large pool |       5    |      39    |   23764 K  |   23764 K  |
|       from small pool |       8    |      11    |   14917 K  |   14917 K  |
|---------------------------------------------------------------------------|
| Oversize allocations  |       0    |       0    |       0    |       0    |
|---------------------------------------------------------------------------|
| Oversize GPU segments |       0    |       0    |       0    |       0    |
|===========================================================================|

| epoch   3 step    12100 |   1584 batches | lr 0.0005 | ms/batch 2789.27 | loss  2.61 | avg loss  2.63 | ppl 13.82
================================================================================
[Memory Breakdown] step 12200
Parameter memory      : 1355.04 MB
Gradient memory       : 0.00 MB
Optimizer state memory: 3.00 MB
GaLore projector mem  : 0.00 MB
CUDA allocated        : 2257.87 MB
CUDA reserved         : 18264.00 MB
CUDA peak allocated   : 17272.64 MB
================================================================================
|===========================================================================|
|                  PyTorch CUDA memory summary, device ID 0                 |
|---------------------------------------------------------------------------|
|            CUDA OOMs: 0            |        cudaMalloc retries: 0         |
|===========================================================================|
|        Metric         | Cur Usage  | Peak Usage | Tot Alloc  | Tot Freed  |
|---------------------------------------------------------------------------|
| Allocated memory      |   2257 MiB |  17272 MiB |   1290 TiB |   1290 TiB |
|       from large pool |   2250 MiB |  17264 MiB |   1287 TiB |   1287 TiB |
|       from small pool |      7 MiB |     10 MiB |      2 TiB |      2 TiB |
|---------------------------------------------------------------------------|
| Active memory         |   2257 MiB |  17272 MiB |   1290 TiB |   1290 TiB |
|       from large pool |   2250 MiB |  17264 MiB |   1287 TiB |   1287 TiB |
|       from small pool |      7 MiB |     10 MiB |      2 TiB |      2 TiB |
|---------------------------------------------------------------------------|
| Requested memory      |   2257 MiB |  17269 MiB |   1290 TiB |   1290 TiB |
|       from large pool |   2249 MiB |  17261 MiB |   1287 TiB |   1287 TiB |
|       from small pool |      7 MiB |     10 MiB |      2 TiB |      2 TiB |
|---------------------------------------------------------------------------|
| GPU reserved memory   |  18264 MiB |  18264 MiB |  18264 MiB |      0 B   |
|       from large pool |  18252 MiB |  18252 MiB |  18252 MiB |      0 B   |
|       from small pool |     12 MiB |     12 MiB |     12 MiB |      0 B   |
|---------------------------------------------------------------------------|
| Non-releasable memory | 141443 KiB |   1855 MiB | 764859 GiB | 764859 GiB |
|       from large pool | 140732 KiB |   1853 MiB | 761795 GiB | 761795 GiB |
|       from small pool |    711 KiB |      3 MiB |   3064 GiB |   3064 GiB |
|---------------------------------------------------------------------------|
| Allocations           |     470    |     909    |   55557 K  |   55556 K  |
|       from large pool |     125    |     513    |   37297 K  |   37296 K  |
|       from small pool |     345    |     402    |   18259 K  |   18259 K  |
|---------------------------------------------------------------------------|
| Active allocs         |     470    |     909    |   55557 K  |   55556 K  |
|       from large pool |     125    |     513    |   37297 K  |   37296 K  |
|       from small pool |     345    |     402    |   18259 K  |   18259 K  |
|---------------------------------------------------------------------------|
| GPU reserved segments |     230    |     230    |     230    |       0    |
|       from large pool |     224    |     224    |     224    |       0    |
|       from small pool |       6    |       6    |       6    |       0    |
|---------------------------------------------------------------------------|
| Non-releasable allocs |      13    |      47    |   38943 K  |   38943 K  |
|       from large pool |       5    |      39    |   23916 K  |   23916 K  |
|       from small pool |       8    |      11    |   15026 K  |   15026 K  |
|---------------------------------------------------------------------------|
| Oversize allocations  |       0    |       0    |       0    |       0    |
|---------------------------------------------------------------------------|
| Oversize GPU segments |       0    |       0    |       0    |       0    |
|===========================================================================|

| epoch   3 step    12200 |   1684 batches | lr 0.0005 | ms/batch 786.40 | loss  2.52 | avg loss  2.64 | ppl 13.97
================================================================================
[Memory Breakdown] step 12300
Parameter memory      : 1355.04 MB
Gradient memory       : 0.00 MB
Optimizer state memory: 3.00 MB
GaLore projector mem  : 0.00 MB
CUDA allocated        : 2257.87 MB
CUDA reserved         : 18264.00 MB
CUDA peak allocated   : 17272.64 MB
================================================================================
|===========================================================================|
|                  PyTorch CUDA memory summary, device ID 0                 |
|---------------------------------------------------------------------------|
|            CUDA OOMs: 0            |        cudaMalloc retries: 0         |
|===========================================================================|
|        Metric         | Cur Usage  | Peak Usage | Tot Alloc  | Tot Freed  |
|---------------------------------------------------------------------------|
| Allocated memory      |   2257 MiB |  17272 MiB |   1299 TiB |   1299 TiB |
|       from large pool |   2250 MiB |  17264 MiB |   1296 TiB |   1296 TiB |
|       from small pool |      7 MiB |     10 MiB |      2 TiB |      2 TiB |
|---------------------------------------------------------------------------|
| Active memory         |   2257 MiB |  17272 MiB |   1299 TiB |   1299 TiB |
|       from large pool |   2250 MiB |  17264 MiB |   1296 TiB |   1296 TiB |
|       from small pool |      7 MiB |     10 MiB |      2 TiB |      2 TiB |
|---------------------------------------------------------------------------|
| Requested memory      |   2257 MiB |  17269 MiB |   1299 TiB |   1299 TiB |
|       from large pool |   2249 MiB |  17261 MiB |   1296 TiB |   1296 TiB |
|       from small pool |      7 MiB |     10 MiB |      2 TiB |      2 TiB |
|---------------------------------------------------------------------------|
| GPU reserved memory   |  18264 MiB |  18264 MiB |  18264 MiB |      0 B   |
|       from large pool |  18252 MiB |  18252 MiB |  18252 MiB |      0 B   |
|       from small pool |     12 MiB |     12 MiB |     12 MiB |      0 B   |
|---------------------------------------------------------------------------|
| Non-releasable memory | 141443 KiB |   1855 MiB | 770482 GiB | 770482 GiB |
|       from large pool | 140732 KiB |   1853 MiB | 767401 GiB | 767401 GiB |
|       from small pool |    711 KiB |      3 MiB |   3081 GiB |   3081 GiB |
|---------------------------------------------------------------------------|
| Allocations           |     470    |     909    |   55933 K  |   55933 K  |
|       from large pool |     125    |     513    |   37545 K  |   37545 K  |
|       from small pool |     345    |     402    |   18387 K  |   18387 K  |
|---------------------------------------------------------------------------|
| Active allocs         |     470    |     909    |   55933 K  |   55933 K  |
|       from large pool |     125    |     513    |   37545 K  |   37545 K  |
|       from small pool |     345    |     402    |   18387 K  |   18387 K  |
|---------------------------------------------------------------------------|
| GPU reserved segments |     230    |     230    |     230    |       0    |
|       from large pool |     224    |     224    |     224    |       0    |
|       from small pool |       6    |       6    |       6    |       0    |
|---------------------------------------------------------------------------|
| Non-releasable allocs |      12    |      47    |   39205 K  |   39205 K  |
|       from large pool |       5    |      39    |   24069 K  |   24069 K  |
|       from small pool |       7    |      11    |   15135 K  |   15135 K  |
|---------------------------------------------------------------------------|
| Oversize allocations  |       0    |       0    |       0    |       0    |
|---------------------------------------------------------------------------|
| Oversize GPU segments |       0    |       0    |       0    |       0    |
|===========================================================================|

| epoch   3 step    12300 |   1784 batches | lr 0.0005 | ms/batch 786.35 | loss  2.57 | avg loss  2.62 | ppl 13.80
================================================================================
[Memory Breakdown] step 12400
Parameter memory      : 1355.04 MB
Gradient memory       : 0.00 MB
Optimizer state memory: 3.00 MB
GaLore projector mem  : 0.00 MB
CUDA allocated        : 2257.87 MB
CUDA reserved         : 18264.00 MB
CUDA peak allocated   : 17272.64 MB
================================================================================
|===========================================================================|
|                  PyTorch CUDA memory summary, device ID 0                 |
|---------------------------------------------------------------------------|
|            CUDA OOMs: 0            |        cudaMalloc retries: 0         |
|===========================================================================|
|        Metric         | Cur Usage  | Peak Usage | Tot Alloc  | Tot Freed  |
|---------------------------------------------------------------------------|
| Allocated memory      |   2257 MiB |  17272 MiB |   1308 TiB |   1308 TiB |
|       from large pool |   2250 MiB |  17264 MiB |   1305 TiB |   1305 TiB |
|       from small pool |      7 MiB |     10 MiB |      3 TiB |      3 TiB |
|---------------------------------------------------------------------------|
| Active memory         |   2257 MiB |  17272 MiB |   1308 TiB |   1308 TiB |
|       from large pool |   2250 MiB |  17264 MiB |   1305 TiB |   1305 TiB |
|       from small pool |      7 MiB |     10 MiB |      3 TiB |      3 TiB |
|---------------------------------------------------------------------------|
| Requested memory      |   2257 MiB |  17269 MiB |   1308 TiB |   1308 TiB |
|       from large pool |   2249 MiB |  17261 MiB |   1305 TiB |   1305 TiB |
|       from small pool |      7 MiB |     10 MiB |      3 TiB |      3 TiB |
|---------------------------------------------------------------------------|
| GPU reserved memory   |  18264 MiB |  18264 MiB |  18264 MiB |      0 B   |
|       from large pool |  18252 MiB |  18252 MiB |  18252 MiB |      0 B   |
|       from small pool |     12 MiB |     12 MiB |     12 MiB |      0 B   |
|---------------------------------------------------------------------------|
| Non-releasable memory | 141443 KiB |   1855 MiB | 776106 GiB | 776106 GiB |
|       from large pool | 140732 KiB |   1853 MiB | 773008 GiB | 773007 GiB |
|       from small pool |    711 KiB |      3 MiB |   3098 GiB |   3098 GiB |
|---------------------------------------------------------------------------|
| Allocations           |     470    |     909    |   56310 K  |   56309 K  |
|       from large pool |     125    |     513    |   37794 K  |   37793 K  |
|       from small pool |     345    |     402    |   18515 K  |   18515 K  |
|---------------------------------------------------------------------------|
| Active allocs         |     470    |     909    |   56310 K  |   56309 K  |
|       from large pool |     125    |     513    |   37794 K  |   37793 K  |
|       from small pool |     345    |     402    |   18515 K  |   18515 K  |
|---------------------------------------------------------------------------|
| GPU reserved segments |     230    |     230    |     230    |       0    |
|       from large pool |     224    |     224    |     224    |       0    |
|       from small pool |       6    |       6    |       6    |       0    |
|---------------------------------------------------------------------------|
| Non-releasable allocs |      13    |      47    |   39466 K  |   39466 K  |
|       from large pool |       5    |      39    |   24221 K  |   24221 K  |
|       from small pool |       8    |      11    |   15244 K  |   15244 K  |
|---------------------------------------------------------------------------|
| Oversize allocations  |       0    |       0    |       0    |       0    |
|---------------------------------------------------------------------------|
| Oversize GPU segments |       0    |       0    |       0    |       0    |
|===========================================================================|

| epoch   3 step    12400 |   1884 batches | lr 0.0005 | ms/batch 786.29 | loss  2.62 | avg loss  2.59 | ppl 13.29
================================================================================
[Memory Breakdown] step 12500
Parameter memory      : 1355.04 MB
Gradient memory       : 0.00 MB
Optimizer state memory: 3.00 MB
GaLore projector mem  : 0.00 MB
CUDA allocated        : 2257.87 MB
CUDA reserved         : 18264.00 MB
CUDA peak allocated   : 17272.64 MB
================================================================================
|===========================================================================|
|                  PyTorch CUDA memory summary, device ID 0                 |
|---------------------------------------------------------------------------|
|            CUDA OOMs: 0            |        cudaMalloc retries: 0         |
|===========================================================================|
|        Metric         | Cur Usage  | Peak Usage | Tot Alloc  | Tot Freed  |
|---------------------------------------------------------------------------|
| Allocated memory      |   2257 MiB |  17272 MiB |   1318 TiB |   1318 TiB |
|       from large pool |   2250 MiB |  17264 MiB |   1315 TiB |   1315 TiB |
|       from small pool |      7 MiB |     10 MiB |      3 TiB |      3 TiB |
|---------------------------------------------------------------------------|
| Active memory         |   2257 MiB |  17272 MiB |   1318 TiB |   1318 TiB |
|       from large pool |   2250 MiB |  17264 MiB |   1315 TiB |   1315 TiB |
|       from small pool |      7 MiB |     10 MiB |      3 TiB |      3 TiB |
|---------------------------------------------------------------------------|
| Requested memory      |   2257 MiB |  17269 MiB |   1318 TiB |   1318 TiB |
|       from large pool |   2249 MiB |  17261 MiB |   1315 TiB |   1315 TiB |
|       from small pool |      7 MiB |     10 MiB |      3 TiB |      3 TiB |
|---------------------------------------------------------------------------|
| GPU reserved memory   |  18264 MiB |  18264 MiB |  18264 MiB |      0 B   |
|       from large pool |  18252 MiB |  18252 MiB |  18252 MiB |      0 B   |
|       from small pool |     12 MiB |     12 MiB |     12 MiB |      0 B   |
|---------------------------------------------------------------------------|
| Non-releasable memory | 141443 KiB |   1855 MiB | 781729 GiB | 781729 GiB |
|       from large pool | 140732 KiB |   1853 MiB | 778614 GiB | 778614 GiB |
|       from small pool |    711 KiB |      3 MiB |   3115 GiB |   3115 GiB |
|---------------------------------------------------------------------------|
| Allocations           |     470    |     909    |   56686 K  |   56686 K  |
|       from large pool |     125    |     513    |   38042 K  |   38042 K  |
|       from small pool |     345    |     402    |   18643 K  |   18643 K  |
|---------------------------------------------------------------------------|
| Active allocs         |     470    |     909    |   56686 K  |   56686 K  |
|       from large pool |     125    |     513    |   38042 K  |   38042 K  |
|       from small pool |     345    |     402    |   18643 K  |   18643 K  |
|---------------------------------------------------------------------------|
| GPU reserved segments |     230    |     230    |     230    |       0    |
|       from large pool |     224    |     224    |     224    |       0    |
|       from small pool |       6    |       6    |       6    |       0    |
|---------------------------------------------------------------------------|
| Non-releasable allocs |      13    |      47    |   39728 K  |   39728 K  |
|       from large pool |       5    |      39    |   24374 K  |   24374 K  |
|       from small pool |       8    |      11    |   15354 K  |   15354 K  |
|---------------------------------------------------------------------------|
| Oversize allocations  |       0    |       0    |       0    |       0    |
|---------------------------------------------------------------------------|
| Oversize GPU segments |       0    |       0    |       0    |       0    |
|===========================================================================|

| epoch   3 step    12500 |   1984 batches | lr 0.0005 | ms/batch 786.17 | loss  2.91 | avg loss  2.61 | ppl 13.63
================================================================================
[Memory Breakdown] step 12600
Parameter memory      : 1355.04 MB
Gradient memory       : 0.00 MB
Optimizer state memory: 3.00 MB
GaLore projector mem  : 0.00 MB
CUDA allocated        : 2257.87 MB
CUDA reserved         : 18264.00 MB
CUDA peak allocated   : 17272.64 MB
================================================================================
|===========================================================================|
|                  PyTorch CUDA memory summary, device ID 0                 |
|---------------------------------------------------------------------------|
|            CUDA OOMs: 0            |        cudaMalloc retries: 0         |
|===========================================================================|
|        Metric         | Cur Usage  | Peak Usage | Tot Alloc  | Tot Freed  |
|---------------------------------------------------------------------------|
| Allocated memory      |   2257 MiB |  17272 MiB |   1327 TiB |   1327 TiB |
|       from large pool |   2250 MiB |  17264 MiB |   1324 TiB |   1324 TiB |
|       from small pool |      7 MiB |     10 MiB |      3 TiB |      3 TiB |
|---------------------------------------------------------------------------|
| Active memory         |   2257 MiB |  17272 MiB |   1327 TiB |   1327 TiB |
|       from large pool |   2250 MiB |  17264 MiB |   1324 TiB |   1324 TiB |
|       from small pool |      7 MiB |     10 MiB |      3 TiB |      3 TiB |
|---------------------------------------------------------------------------|
| Requested memory      |   2257 MiB |  17269 MiB |   1327 TiB |   1327 TiB |
|       from large pool |   2249 MiB |  17261 MiB |   1324 TiB |   1324 TiB |
|       from small pool |      7 MiB |     10 MiB |      3 TiB |      3 TiB |
|---------------------------------------------------------------------------|
| GPU reserved memory   |  18264 MiB |  18264 MiB |  18264 MiB |      0 B   |
|       from large pool |  18252 MiB |  18252 MiB |  18252 MiB |      0 B   |
|       from small pool |     12 MiB |     12 MiB |     12 MiB |      0 B   |
|---------------------------------------------------------------------------|
| Non-releasable memory | 141443 KiB |   1855 MiB |    768 TiB |    768 TiB |
|       from large pool | 140732 KiB |   1853 MiB |    765 TiB |    765 TiB |
|       from small pool |    711 KiB |      3 MiB |      3 TiB |      3 TiB |
|---------------------------------------------------------------------------|
| Allocations           |     470    |     909    |   57063 K  |   57062 K  |
|       from large pool |     125    |     513    |   38291 K  |   38290 K  |
|       from small pool |     345    |     402    |   18771 K  |   18771 K  |
|---------------------------------------------------------------------------|
| Active allocs         |     470    |     909    |   57063 K  |   57062 K  |
|       from large pool |     125    |     513    |   38291 K  |   38290 K  |
|       from small pool |     345    |     402    |   18771 K  |   18771 K  |
|---------------------------------------------------------------------------|
| GPU reserved segments |     230    |     230    |     230    |       0    |
|       from large pool |     224    |     224    |     224    |       0    |
|       from small pool |       6    |       6    |       6    |       0    |
|---------------------------------------------------------------------------|
| Non-releasable allocs |      12    |      47    |   39990 K  |   39990 K  |
|       from large pool |       5    |      39    |   24526 K  |   24526 K  |
|       from small pool |       7    |      11    |   15463 K  |   15463 K  |
|---------------------------------------------------------------------------|
| Oversize allocations  |       0    |       0    |       0    |       0    |
|---------------------------------------------------------------------------|
| Oversize GPU segments |       0    |       0    |       0    |       0    |
|===========================================================================|

| epoch   3 step    12600 |   2084 batches | lr 0.0005 | ms/batch 786.51 | loss  2.93 | avg loss  2.55 | ppl 12.86
================================================================================
[Memory Breakdown] step 12700
Parameter memory      : 1355.04 MB
Gradient memory       : 0.00 MB
Optimizer state memory: 3.00 MB
GaLore projector mem  : 0.00 MB
CUDA allocated        : 2257.87 MB
CUDA reserved         : 18264.00 MB
CUDA peak allocated   : 17272.64 MB
================================================================================
|===========================================================================|
|                  PyTorch CUDA memory summary, device ID 0                 |
|---------------------------------------------------------------------------|
|            CUDA OOMs: 0            |        cudaMalloc retries: 0         |
|===========================================================================|
|        Metric         | Cur Usage  | Peak Usage | Tot Alloc  | Tot Freed  |
|---------------------------------------------------------------------------|
| Allocated memory      |   2257 MiB |  17272 MiB |   1336 TiB |   1336 TiB |
|       from large pool |   2250 MiB |  17264 MiB |   1333 TiB |   1333 TiB |
|       from small pool |      7 MiB |     10 MiB |      3 TiB |      3 TiB |
|---------------------------------------------------------------------------|
| Active memory         |   2257 MiB |  17272 MiB |   1336 TiB |   1336 TiB |
|       from large pool |   2250 MiB |  17264 MiB |   1333 TiB |   1333 TiB |
|       from small pool |      7 MiB |     10 MiB |      3 TiB |      3 TiB |
|---------------------------------------------------------------------------|
| Requested memory      |   2257 MiB |  17269 MiB |   1336 TiB |   1336 TiB |
|       from large pool |   2249 MiB |  17261 MiB |   1333 TiB |   1333 TiB |
|       from small pool |      7 MiB |     10 MiB |      3 TiB |      3 TiB |
|---------------------------------------------------------------------------|
| GPU reserved memory   |  18264 MiB |  18264 MiB |  18264 MiB |      0 B   |
|       from large pool |  18252 MiB |  18252 MiB |  18252 MiB |      0 B   |
|       from small pool |     12 MiB |     12 MiB |     12 MiB |      0 B   |
|---------------------------------------------------------------------------|
| Non-releasable memory | 141443 KiB |   1855 MiB |    774 TiB |    774 TiB |
|       from large pool | 140732 KiB |   1853 MiB |    771 TiB |    771 TiB |
|       from small pool |    711 KiB |      3 MiB |      3 TiB |      3 TiB |
|---------------------------------------------------------------------------|
| Allocations           |     470    |     909    |   57439 K  |   57439 K  |
|       from large pool |     125    |     513    |   38539 K  |   38539 K  |
|       from small pool |     345    |     402    |   18899 K  |   18899 K  |
|---------------------------------------------------------------------------|
| Active allocs         |     470    |     909    |   57439 K  |   57439 K  |
|       from large pool |     125    |     513    |   38539 K  |   38539 K  |
|       from small pool |     345    |     402    |   18899 K  |   18899 K  |
|---------------------------------------------------------------------------|
| GPU reserved segments |     230    |     230    |     230    |       0    |
|       from large pool |     224    |     224    |     224    |       0    |
|       from small pool |       6    |       6    |       6    |       0    |
|---------------------------------------------------------------------------|
| Non-releasable allocs |      13    |      47    |   40251 K  |   40251 K  |
|       from large pool |       5    |      39    |   24679 K  |   24679 K  |
|       from small pool |       8    |      11    |   15572 K  |   15572 K  |
|---------------------------------------------------------------------------|
| Oversize allocations  |       0    |       0    |       0    |       0    |
|---------------------------------------------------------------------------|
| Oversize GPU segments |       0    |       0    |       0    |       0    |
|===========================================================================|

| epoch   3 step    12700 |   2184 batches | lr 0.0005 | ms/batch 786.62 | loss  2.45 | avg loss  2.61 | ppl 13.61
================================================================================
[Memory Breakdown] step 12800
Parameter memory      : 1355.04 MB
Gradient memory       : 0.00 MB
Optimizer state memory: 3.00 MB
GaLore projector mem  : 0.00 MB
CUDA allocated        : 2257.87 MB
CUDA reserved         : 18264.00 MB
CUDA peak allocated   : 17272.64 MB
================================================================================
|===========================================================================|
|                  PyTorch CUDA memory summary, device ID 0                 |
|---------------------------------------------------------------------------|
|            CUDA OOMs: 0            |        cudaMalloc retries: 0         |
|===========================================================================|
|        Metric         | Cur Usage  | Peak Usage | Tot Alloc  | Tot Freed  |
|---------------------------------------------------------------------------|
| Allocated memory      |   2257 MiB |  17272 MiB |   1346 TiB |   1346 TiB |
|       from large pool |   2250 MiB |  17264 MiB |   1343 TiB |   1343 TiB |
|       from small pool |      7 MiB |     10 MiB |      3 TiB |      3 TiB |
|---------------------------------------------------------------------------|
| Active memory         |   2257 MiB |  17272 MiB |   1346 TiB |   1346 TiB |
|       from large pool |   2250 MiB |  17264 MiB |   1343 TiB |   1343 TiB |
|       from small pool |      7 MiB |     10 MiB |      3 TiB |      3 TiB |
|---------------------------------------------------------------------------|
| Requested memory      |   2257 MiB |  17269 MiB |   1346 TiB |   1346 TiB |
|       from large pool |   2249 MiB |  17261 MiB |   1343 TiB |   1343 TiB |
|       from small pool |      7 MiB |     10 MiB |      3 TiB |      3 TiB |
|---------------------------------------------------------------------------|
| GPU reserved memory   |  18264 MiB |  18264 MiB |  18264 MiB |      0 B   |
|       from large pool |  18252 MiB |  18252 MiB |  18252 MiB |      0 B   |
|       from small pool |     12 MiB |     12 MiB |     12 MiB |      0 B   |
|---------------------------------------------------------------------------|
| Non-releasable memory | 141443 KiB |   1855 MiB |    779 TiB |    779 TiB |
|       from large pool | 140732 KiB |   1853 MiB |    776 TiB |    776 TiB |
|       from small pool |    711 KiB |      3 MiB |      3 TiB |      3 TiB |
|---------------------------------------------------------------------------|
| Allocations           |     470    |     909    |   57816 K  |   57815 K  |
|       from large pool |     125    |     513    |   38788 K  |   38787 K  |
|       from small pool |     345    |     402    |   19027 K  |   19027 K  |
|---------------------------------------------------------------------------|
| Active allocs         |     470    |     909    |   57816 K  |   57815 K  |
|       from large pool |     125    |     513    |   38788 K  |   38787 K  |
|       from small pool |     345    |     402    |   19027 K  |   19027 K  |
|---------------------------------------------------------------------------|
| GPU reserved segments |     230    |     230    |     230    |       0    |
|       from large pool |     224    |     224    |     224    |       0    |
|       from small pool |       6    |       6    |       6    |       0    |
|---------------------------------------------------------------------------|
| Non-releasable allocs |      13    |      47    |   40513 K  |   40513 K  |
|       from large pool |       5    |      39    |   24831 K  |   24831 K  |
|       from small pool |       8    |      11    |   15681 K  |   15681 K  |
|---------------------------------------------------------------------------|
| Oversize allocations  |       0    |       0    |       0    |       0    |
|---------------------------------------------------------------------------|
| Oversize GPU segments |       0    |       0    |       0    |       0    |
|===========================================================================|

| epoch   3 step    12800 |   2284 batches | lr 0.0005 | ms/batch 786.59 | loss  2.73 | avg loss  2.61 | ppl 13.57
================================================================================
[Memory Breakdown] step 12900
Parameter memory      : 1355.04 MB
Gradient memory       : 0.00 MB
Optimizer state memory: 3.00 MB
GaLore projector mem  : 0.00 MB
CUDA allocated        : 2257.87 MB
CUDA reserved         : 18264.00 MB
CUDA peak allocated   : 17272.64 MB
================================================================================
|===========================================================================|
|                  PyTorch CUDA memory summary, device ID 0                 |
|---------------------------------------------------------------------------|
|            CUDA OOMs: 0            |        cudaMalloc retries: 0         |
|===========================================================================|
|        Metric         | Cur Usage  | Peak Usage | Tot Alloc  | Tot Freed  |
|---------------------------------------------------------------------------|
| Allocated memory      |   2257 MiB |  17272 MiB |   1355 TiB |   1355 TiB |
|       from large pool |   2250 MiB |  17264 MiB |   1352 TiB |   1352 TiB |
|       from small pool |      7 MiB |     10 MiB |      3 TiB |      3 TiB |
|---------------------------------------------------------------------------|
| Active memory         |   2257 MiB |  17272 MiB |   1355 TiB |   1355 TiB |
|       from large pool |   2250 MiB |  17264 MiB |   1352 TiB |   1352 TiB |
|       from small pool |      7 MiB |     10 MiB |      3 TiB |      3 TiB |
|---------------------------------------------------------------------------|
| Requested memory      |   2257 MiB |  17269 MiB |   1355 TiB |   1355 TiB |
|       from large pool |   2249 MiB |  17261 MiB |   1352 TiB |   1352 TiB |
|       from small pool |      7 MiB |     10 MiB |      3 TiB |      3 TiB |
|---------------------------------------------------------------------------|
| GPU reserved memory   |  18264 MiB |  18264 MiB |  18264 MiB |      0 B   |
|       from large pool |  18252 MiB |  18252 MiB |  18252 MiB |      0 B   |
|       from small pool |     12 MiB |     12 MiB |     12 MiB |      0 B   |
|---------------------------------------------------------------------------|
| Non-releasable memory | 141443 KiB |   1855 MiB |    785 TiB |    785 TiB |
|       from large pool | 140732 KiB |   1853 MiB |    782 TiB |    782 TiB |
|       from small pool |    711 KiB |      3 MiB |      3 TiB |      3 TiB |
|---------------------------------------------------------------------------|
| Allocations           |     470    |     909    |   58192 K  |   58192 K  |
|       from large pool |     125    |     513    |   39036 K  |   39036 K  |
|       from small pool |     345    |     402    |   19155 K  |   19155 K  |
|---------------------------------------------------------------------------|
| Active allocs         |     470    |     909    |   58192 K  |   58192 K  |
|       from large pool |     125    |     513    |   39036 K  |   39036 K  |
|       from small pool |     345    |     402    |   19155 K  |   19155 K  |
|---------------------------------------------------------------------------|
| GPU reserved segments |     230    |     230    |     230    |       0    |
|       from large pool |     224    |     224    |     224    |       0    |
|       from small pool |       6    |       6    |       6    |       0    |
|---------------------------------------------------------------------------|
| Non-releasable allocs |      12    |      47    |   40775 K  |   40775 K  |
|       from large pool |       5    |      39    |   24984 K  |   24984 K  |
|       from small pool |       7    |      11    |   15790 K  |   15790 K  |
|---------------------------------------------------------------------------|
| Oversize allocations  |       0    |       0    |       0    |       0    |
|---------------------------------------------------------------------------|
| Oversize GPU segments |       0    |       0    |       0    |       0    |
|===========================================================================|

| epoch   3 step    12900 |   2384 batches | lr 0.0005 | ms/batch 786.46 | loss  2.51 | avg loss  2.62 | ppl 13.68
================================================================================
[Memory Breakdown] step 13000
Parameter memory      : 1355.04 MB
Gradient memory       : 0.00 MB
Optimizer state memory: 3.00 MB
GaLore projector mem  : 0.00 MB
CUDA allocated        : 2257.87 MB
CUDA reserved         : 18264.00 MB
CUDA peak allocated   : 17272.64 MB
================================================================================
|===========================================================================|
|                  PyTorch CUDA memory summary, device ID 0                 |
|---------------------------------------------------------------------------|
|            CUDA OOMs: 0            |        cudaMalloc retries: 0         |
|===========================================================================|
|        Metric         | Cur Usage  | Peak Usage | Tot Alloc  | Tot Freed  |
|---------------------------------------------------------------------------|
| Allocated memory      |   2257 MiB |  17272 MiB |   1365 TiB |   1365 TiB |
|       from large pool |   2250 MiB |  17264 MiB |   1361 TiB |   1361 TiB |
|       from small pool |      7 MiB |     10 MiB |      3 TiB |      3 TiB |
|---------------------------------------------------------------------------|
| Active memory         |   2257 MiB |  17272 MiB |   1365 TiB |   1365 TiB |
|       from large pool |   2250 MiB |  17264 MiB |   1361 TiB |   1361 TiB |
|       from small pool |      7 MiB |     10 MiB |      3 TiB |      3 TiB |
|---------------------------------------------------------------------------|
| Requested memory      |   2257 MiB |  17269 MiB |   1364 TiB |   1364 TiB |
|       from large pool |   2249 MiB |  17261 MiB |   1361 TiB |   1361 TiB |
|       from small pool |      7 MiB |     10 MiB |      3 TiB |      3 TiB |
|---------------------------------------------------------------------------|
| GPU reserved memory   |  18264 MiB |  18264 MiB |  18264 MiB |      0 B   |
|       from large pool |  18252 MiB |  18252 MiB |  18252 MiB |      0 B   |
|       from small pool |     12 MiB |     12 MiB |     12 MiB |      0 B   |
|---------------------------------------------------------------------------|
| Non-releasable memory | 141443 KiB |   1855 MiB |    790 TiB |    790 TiB |
|       from large pool | 140732 KiB |   1853 MiB |    787 TiB |    787 TiB |
|       from small pool |    711 KiB |      3 MiB |      3 TiB |      3 TiB |
|---------------------------------------------------------------------------|
| Allocations           |     470    |     909    |   58569 K  |   58568 K  |
|       from large pool |     125    |     513    |   39285 K  |   39284 K  |
|       from small pool |     345    |     402    |   19283 K  |   19283 K  |
|---------------------------------------------------------------------------|
| Active allocs         |     470    |     909    |   58569 K  |   58568 K  |
|       from large pool |     125    |     513    |   39285 K  |   39284 K  |
|       from small pool |     345    |     402    |   19283 K  |   19283 K  |
|---------------------------------------------------------------------------|
| GPU reserved segments |     230    |     230    |     230    |       0    |
|       from large pool |     224    |     224    |     224    |       0    |
|       from small pool |       6    |       6    |       6    |       0    |
|---------------------------------------------------------------------------|
| Non-releasable allocs |      13    |      47    |   41037 K  |   41037 K  |
|       from large pool |       5    |      39    |   25136 K  |   25136 K  |
|       from small pool |       8    |      11    |   15900 K  |   15900 K  |
|---------------------------------------------------------------------------|
| Oversize allocations  |       0    |       0    |       0    |       0    |
|---------------------------------------------------------------------------|
| Oversize GPU segments |       0    |       0    |       0    |       0    |
|===========================================================================|

| epoch   3 step    13000 |   2484 batches | lr 0.0005 | ms/batch 786.48 | loss  3.16 | avg loss  2.64 | ppl 13.98
saving checkpoint ./trained_models/GPT2_M/e2e/model.13000.pt
================================================================================
[Memory Breakdown] step 13100
Parameter memory      : 1355.04 MB
Gradient memory       : 0.00 MB
Optimizer state memory: 3.00 MB
GaLore projector mem  : 0.00 MB
CUDA allocated        : 2257.87 MB
CUDA reserved         : 18264.00 MB
CUDA peak allocated   : 17272.64 MB
================================================================================
|===========================================================================|
|                  PyTorch CUDA memory summary, device ID 0                 |
|---------------------------------------------------------------------------|
|            CUDA OOMs: 0            |        cudaMalloc retries: 0         |
|===========================================================================|
|        Metric         | Cur Usage  | Peak Usage | Tot Alloc  | Tot Freed  |
|---------------------------------------------------------------------------|
| Allocated memory      |   2257 MiB |  17272 MiB |   1374 TiB |   1374 TiB |
|       from large pool |   2250 MiB |  17264 MiB |   1371 TiB |   1371 TiB |
|       from small pool |      7 MiB |     10 MiB |      3 TiB |      3 TiB |
|---------------------------------------------------------------------------|
| Active memory         |   2257 MiB |  17272 MiB |   1374 TiB |   1374 TiB |
|       from large pool |   2250 MiB |  17264 MiB |   1371 TiB |   1371 TiB |
|       from small pool |      7 MiB |     10 MiB |      3 TiB |      3 TiB |
|---------------------------------------------------------------------------|
| Requested memory      |   2257 MiB |  17269 MiB |   1374 TiB |   1374 TiB |
|       from large pool |   2249 MiB |  17261 MiB |   1371 TiB |   1371 TiB |
|       from small pool |      7 MiB |     10 MiB |      3 TiB |      3 TiB |
|---------------------------------------------------------------------------|
| GPU reserved memory   |  18264 MiB |  18264 MiB |  18264 MiB |      0 B   |
|       from large pool |  18252 MiB |  18252 MiB |  18252 MiB |      0 B   |
|       from small pool |     12 MiB |     12 MiB |     12 MiB |      0 B   |
|---------------------------------------------------------------------------|
| Non-releasable memory | 141443 KiB |   1855 MiB |    796 TiB |    796 TiB |
|       from large pool | 140732 KiB |   1853 MiB |    793 TiB |    793 TiB |
|       from small pool |    711 KiB |      3 MiB |      3 TiB |      3 TiB |
|---------------------------------------------------------------------------|
| Allocations           |     470    |     909    |   58945 K  |   58945 K  |
|       from large pool |     125    |     513    |   39533 K  |   39533 K  |
|       from small pool |     345    |     402    |   19411 K  |   19411 K  |
|---------------------------------------------------------------------------|
| Active allocs         |     470    |     909    |   58945 K  |   58945 K  |
|       from large pool |     125    |     513    |   39533 K  |   39533 K  |
|       from small pool |     345    |     402    |   19411 K  |   19411 K  |
|---------------------------------------------------------------------------|
| GPU reserved segments |     230    |     230    |     230    |       0    |
|       from large pool |     224    |     224    |     224    |       0    |
|       from small pool |       6    |       6    |       6    |       0    |
|---------------------------------------------------------------------------|
| Non-releasable allocs |      12    |      47    |   41298 K  |   41298 K  |
|       from large pool |       5    |      39    |   25289 K  |   25289 K  |
|       from small pool |       7    |      11    |   16009 K  |   16009 K  |
|---------------------------------------------------------------------------|
| Oversize allocations  |       0    |       0    |       0    |       0    |
|---------------------------------------------------------------------------|
| Oversize GPU segments |       0    |       0    |       0    |       0    |
|===========================================================================|

| epoch   3 step    13100 |   2584 batches | lr 0.0005 | ms/batch 789.37 | loss  2.43 | avg loss  2.59 | ppl 13.27
================================================================================
[Memory Breakdown] step 13200
Parameter memory      : 1355.04 MB
Gradient memory       : 0.00 MB
Optimizer state memory: 3.00 MB
GaLore projector mem  : 0.00 MB
CUDA allocated        : 2257.87 MB
CUDA reserved         : 18264.00 MB
CUDA peak allocated   : 17272.64 MB
================================================================================
|===========================================================================|
|                  PyTorch CUDA memory summary, device ID 0                 |
|---------------------------------------------------------------------------|
|            CUDA OOMs: 0            |        cudaMalloc retries: 0         |
|===========================================================================|
|        Metric         | Cur Usage  | Peak Usage | Tot Alloc  | Tot Freed  |
|---------------------------------------------------------------------------|
| Allocated memory      |   2257 MiB |  17272 MiB |   1383 TiB |   1383 TiB |
|       from large pool |   2250 MiB |  17264 MiB |   1380 TiB |   1380 TiB |
|       from small pool |      7 MiB |     10 MiB |      3 TiB |      3 TiB |
|---------------------------------------------------------------------------|
| Active memory         |   2257 MiB |  17272 MiB |   1383 TiB |   1383 TiB |
|       from large pool |   2250 MiB |  17264 MiB |   1380 TiB |   1380 TiB |
|       from small pool |      7 MiB |     10 MiB |      3 TiB |      3 TiB |
|---------------------------------------------------------------------------|
| Requested memory      |   2257 MiB |  17269 MiB |   1383 TiB |   1383 TiB |
|       from large pool |   2249 MiB |  17261 MiB |   1380 TiB |   1380 TiB |
|       from small pool |      7 MiB |     10 MiB |      3 TiB |      3 TiB |
|---------------------------------------------------------------------------|
| GPU reserved memory   |  18264 MiB |  18264 MiB |  18264 MiB |      0 B   |
|       from large pool |  18252 MiB |  18252 MiB |  18252 MiB |      0 B   |
|       from small pool |     12 MiB |     12 MiB |     12 MiB |      0 B   |
|---------------------------------------------------------------------------|
| Non-releasable memory | 141443 KiB |   1855 MiB |    801 TiB |    801 TiB |
|       from large pool | 140732 KiB |   1853 MiB |    798 TiB |    798 TiB |
|       from small pool |    711 KiB |      3 MiB |      3 TiB |      3 TiB |
|---------------------------------------------------------------------------|
| Allocations           |     470    |     909    |   59322 K  |   59321 K  |
|       from large pool |     125    |     513    |   39782 K  |   39781 K  |
|       from small pool |     345    |     402    |   19539 K  |   19539 K  |
|---------------------------------------------------------------------------|
| Active allocs         |     470    |     909    |   59322 K  |   59321 K  |
|       from large pool |     125    |     513    |   39782 K  |   39781 K  |
|       from small pool |     345    |     402    |   19539 K  |   19539 K  |
|---------------------------------------------------------------------------|
| GPU reserved segments |     230    |     230    |     230    |       0    |
|       from large pool |     224    |     224    |     224    |       0    |
|       from small pool |       6    |       6    |       6    |       0    |
|---------------------------------------------------------------------------|
| Non-releasable allocs |      11    |      47    |   41560 K  |   41560 K  |
|       from large pool |       5    |      39    |   25441 K  |   25441 K  |
|       from small pool |       6    |      11    |   16118 K  |   16118 K  |
|---------------------------------------------------------------------------|
| Oversize allocations  |       0    |       0    |       0    |       0    |
|---------------------------------------------------------------------------|
| Oversize GPU segments |       0    |       0    |       0    |       0    |
|===========================================================================|

| epoch   3 step    13200 |   2684 batches | lr 0.0005 | ms/batch 786.08 | loss  2.53 | avg loss  2.65 | ppl 14.17
================================================================================
[Memory Breakdown] step 13300
Parameter memory      : 1355.04 MB
Gradient memory       : 0.00 MB
Optimizer state memory: 3.00 MB
GaLore projector mem  : 0.00 MB
CUDA allocated        : 2257.87 MB
CUDA reserved         : 18264.00 MB
CUDA peak allocated   : 17272.64 MB
================================================================================
|===========================================================================|
|                  PyTorch CUDA memory summary, device ID 0                 |
|---------------------------------------------------------------------------|
|            CUDA OOMs: 0            |        cudaMalloc retries: 0         |
|===========================================================================|
|        Metric         | Cur Usage  | Peak Usage | Tot Alloc  | Tot Freed  |
|---------------------------------------------------------------------------|
| Allocated memory      |   2257 MiB |  17272 MiB |   1393 TiB |   1393 TiB |
|       from large pool |   2250 MiB |  17264 MiB |   1389 TiB |   1389 TiB |
|       from small pool |      7 MiB |     10 MiB |      3 TiB |      3 TiB |
|---------------------------------------------------------------------------|
| Active memory         |   2257 MiB |  17272 MiB |   1393 TiB |   1393 TiB |
|       from large pool |   2250 MiB |  17264 MiB |   1389 TiB |   1389 TiB |
|       from small pool |      7 MiB |     10 MiB |      3 TiB |      3 TiB |
|---------------------------------------------------------------------------|
| Requested memory      |   2257 MiB |  17269 MiB |   1393 TiB |   1393 TiB |
|       from large pool |   2249 MiB |  17261 MiB |   1389 TiB |   1389 TiB |
|       from small pool |      7 MiB |     10 MiB |      3 TiB |      3 TiB |
|---------------------------------------------------------------------------|
| GPU reserved memory   |  18264 MiB |  18264 MiB |  18264 MiB |      0 B   |
|       from large pool |  18252 MiB |  18252 MiB |  18252 MiB |      0 B   |
|       from small pool |     12 MiB |     12 MiB |     12 MiB |      0 B   |
|---------------------------------------------------------------------------|
| Non-releasable memory | 141443 KiB |   1855 MiB |    807 TiB |    807 TiB |
|       from large pool | 140732 KiB |   1853 MiB |    804 TiB |    804 TiB |
|       from small pool |    711 KiB |      3 MiB |      3 TiB |      3 TiB |
|---------------------------------------------------------------------------|
| Allocations           |     470    |     909    |   59698 K  |   59698 K  |
|       from large pool |     125    |     513    |   40030 K  |   40030 K  |
|       from small pool |     345    |     402    |   19667 K  |   19667 K  |
|---------------------------------------------------------------------------|
| Active allocs         |     470    |     909    |   59698 K  |   59698 K  |
|       from large pool |     125    |     513    |   40030 K  |   40030 K  |
|       from small pool |     345    |     402    |   19667 K  |   19667 K  |
|---------------------------------------------------------------------------|
| GPU reserved segments |     230    |     230    |     230    |       0    |
|       from large pool |     224    |     224    |     224    |       0    |
|       from small pool |       6    |       6    |       6    |       0    |
|---------------------------------------------------------------------------|
| Non-releasable allocs |      12    |      47    |   41821 K  |   41821 K  |
|       from large pool |       5    |      39    |   25594 K  |   25594 K  |
|       from small pool |       7    |      11    |   16227 K  |   16227 K  |
|---------------------------------------------------------------------------|
| Oversize allocations  |       0    |       0    |       0    |       0    |
|---------------------------------------------------------------------------|
| Oversize GPU segments |       0    |       0    |       0    |       0    |
|===========================================================================|

| epoch   3 step    13300 |   2784 batches | lr 0.0005 | ms/batch 786.34 | loss  2.52 | avg loss  2.59 | ppl 13.29
================================================================================
[Memory Breakdown] step 13400
Parameter memory      : 1355.04 MB
Gradient memory       : 0.00 MB
Optimizer state memory: 3.00 MB
GaLore projector mem  : 0.00 MB
CUDA allocated        : 2257.87 MB
CUDA reserved         : 18264.00 MB
CUDA peak allocated   : 17272.64 MB
================================================================================
|===========================================================================|
|                  PyTorch CUDA memory summary, device ID 0                 |
|---------------------------------------------------------------------------|
|            CUDA OOMs: 0            |        cudaMalloc retries: 0         |
|===========================================================================|
|        Metric         | Cur Usage  | Peak Usage | Tot Alloc  | Tot Freed  |
|---------------------------------------------------------------------------|
| Allocated memory      |   2257 MiB |  17272 MiB |   1402 TiB |   1402 TiB |
|       from large pool |   2250 MiB |  17264 MiB |   1399 TiB |   1399 TiB |
|       from small pool |      7 MiB |     10 MiB |      3 TiB |      3 TiB |
|---------------------------------------------------------------------------|
| Active memory         |   2257 MiB |  17272 MiB |   1402 TiB |   1402 TiB |
|       from large pool |   2250 MiB |  17264 MiB |   1399 TiB |   1399 TiB |
|       from small pool |      7 MiB |     10 MiB |      3 TiB |      3 TiB |
|---------------------------------------------------------------------------|
| Requested memory      |   2257 MiB |  17269 MiB |   1402 TiB |   1402 TiB |
|       from large pool |   2249 MiB |  17261 MiB |   1399 TiB |   1399 TiB |
|       from small pool |      7 MiB |     10 MiB |      3 TiB |      3 TiB |
|---------------------------------------------------------------------------|
| GPU reserved memory   |  18264 MiB |  18264 MiB |  18264 MiB |      0 B   |
|       from large pool |  18252 MiB |  18252 MiB |  18252 MiB |      0 B   |
|       from small pool |     12 MiB |     12 MiB |     12 MiB |      0 B   |
|---------------------------------------------------------------------------|
| Non-releasable memory | 141443 KiB |   1855 MiB |    812 TiB |    812 TiB |
|       from large pool | 140732 KiB |   1853 MiB |    809 TiB |    809 TiB |
|       from small pool |    711 KiB |      3 MiB |      3 TiB |      3 TiB |
|---------------------------------------------------------------------------|
| Allocations           |     470    |     909    |   60075 K  |   60074 K  |
|       from large pool |     125    |     513    |   40279 K  |   40278 K  |
|       from small pool |     345    |     402    |   19795 K  |   19795 K  |
|---------------------------------------------------------------------------|
| Active allocs         |     470    |     909    |   60075 K  |   60074 K  |
|       from large pool |     125    |     513    |   40279 K  |   40278 K  |
|       from small pool |     345    |     402    |   19795 K  |   19795 K  |
|---------------------------------------------------------------------------|
| GPU reserved segments |     230    |     230    |     230    |       0    |
|       from large pool |     224    |     224    |     224    |       0    |
|       from small pool |       6    |       6    |       6    |       0    |
|---------------------------------------------------------------------------|
| Non-releasable allocs |      12    |      47    |   42083 K  |   42083 K  |
|       from large pool |       5    |      39    |   25746 K  |   25746 K  |
|       from small pool |       7    |      11    |   16336 K  |   16336 K  |
|---------------------------------------------------------------------------|
| Oversize allocations  |       0    |       0    |       0    |       0    |
|---------------------------------------------------------------------------|
| Oversize GPU segments |       0    |       0    |       0    |       0    |
|===========================================================================|

| epoch   3 step    13400 |   2884 batches | lr 0.0005 | ms/batch 786.22 | loss  2.75 | avg loss  2.59 | ppl 13.33
================================================================================
[Memory Breakdown] step 13500
Parameter memory      : 1355.04 MB
Gradient memory       : 0.00 MB
Optimizer state memory: 3.00 MB
GaLore projector mem  : 0.00 MB
CUDA allocated        : 2257.87 MB
CUDA reserved         : 18264.00 MB
CUDA peak allocated   : 17272.64 MB
================================================================================
|===========================================================================|
|                  PyTorch CUDA memory summary, device ID 0                 |
|---------------------------------------------------------------------------|
|            CUDA OOMs: 0            |        cudaMalloc retries: 0         |
|===========================================================================|
|        Metric         | Cur Usage  | Peak Usage | Tot Alloc  | Tot Freed  |
|---------------------------------------------------------------------------|
| Allocated memory      |   2257 MiB |  17272 MiB |   1411 TiB |   1411 TiB |
|       from large pool |   2250 MiB |  17264 MiB |   1408 TiB |   1408 TiB |
|       from small pool |      7 MiB |     10 MiB |      3 TiB |      3 TiB |
|---------------------------------------------------------------------------|
| Active memory         |   2257 MiB |  17272 MiB |   1411 TiB |   1411 TiB |
|       from large pool |   2250 MiB |  17264 MiB |   1408 TiB |   1408 TiB |
|       from small pool |      7 MiB |     10 MiB |      3 TiB |      3 TiB |
|---------------------------------------------------------------------------|
| Requested memory      |   2257 MiB |  17269 MiB |   1411 TiB |   1411 TiB |
|       from large pool |   2249 MiB |  17261 MiB |   1408 TiB |   1408 TiB |
|       from small pool |      7 MiB |     10 MiB |      3 TiB |      3 TiB |
|---------------------------------------------------------------------------|
| GPU reserved memory   |  18264 MiB |  18264 MiB |  18264 MiB |      0 B   |
|       from large pool |  18252 MiB |  18252 MiB |  18252 MiB |      0 B   |
|       from small pool |     12 MiB |     12 MiB |     12 MiB |      0 B   |
|---------------------------------------------------------------------------|
| Non-releasable memory | 141443 KiB |   1855 MiB |    818 TiB |    818 TiB |
|       from large pool | 140732 KiB |   1853 MiB |    815 TiB |    815 TiB |
|       from small pool |    711 KiB |      3 MiB |      3 TiB |      3 TiB |
|---------------------------------------------------------------------------|
| Allocations           |     470    |     909    |   60451 K  |   60451 K  |
|       from large pool |     125    |     513    |   40527 K  |   40527 K  |
|       from small pool |     345    |     402    |   19923 K  |   19923 K  |
|---------------------------------------------------------------------------|
| Active allocs         |     470    |     909    |   60451 K  |   60451 K  |
|       from large pool |     125    |     513    |   40527 K  |   40527 K  |
|       from small pool |     345    |     402    |   19923 K  |   19923 K  |
|---------------------------------------------------------------------------|
| GPU reserved segments |     230    |     230    |     230    |       0    |
|       from large pool |     224    |     224    |     224    |       0    |
|       from small pool |       6    |       6    |       6    |       0    |
|---------------------------------------------------------------------------|
| Non-releasable allocs |      11    |      47    |   42345 K  |   42345 K  |
|       from large pool |       5    |      39    |   25899 K  |   25899 K  |
|       from small pool |       6    |      11    |   16445 K  |   16445 K  |
|---------------------------------------------------------------------------|
| Oversize allocations  |       0    |       0    |       0    |       0    |
|---------------------------------------------------------------------------|
| Oversize GPU segments |       0    |       0    |       0    |       0    |
|===========================================================================|

| epoch   3 step    13500 |   2984 batches | lr 0.0005 | ms/batch 786.55 | loss  3.00 | avg loss  2.64 | ppl 13.96
================================================================================
[Memory Breakdown] step 13600
Parameter memory      : 1355.04 MB
Gradient memory       : 0.00 MB
Optimizer state memory: 3.00 MB
GaLore projector mem  : 0.00 MB
CUDA allocated        : 2257.87 MB
CUDA reserved         : 18264.00 MB
CUDA peak allocated   : 17272.64 MB
================================================================================
|===========================================================================|
|                  PyTorch CUDA memory summary, device ID 0                 |
|---------------------------------------------------------------------------|
|            CUDA OOMs: 0            |        cudaMalloc retries: 0         |
|===========================================================================|
|        Metric         | Cur Usage  | Peak Usage | Tot Alloc  | Tot Freed  |
|---------------------------------------------------------------------------|
| Allocated memory      |   2257 MiB |  17272 MiB |   1421 TiB |   1421 TiB |
|       from large pool |   2250 MiB |  17264 MiB |   1417 TiB |   1417 TiB |
|       from small pool |      7 MiB |     10 MiB |      3 TiB |      3 TiB |
|---------------------------------------------------------------------------|
| Active memory         |   2257 MiB |  17272 MiB |   1421 TiB |   1421 TiB |
|       from large pool |   2250 MiB |  17264 MiB |   1417 TiB |   1417 TiB |
|       from small pool |      7 MiB |     10 MiB |      3 TiB |      3 TiB |
|---------------------------------------------------------------------------|
| Requested memory      |   2257 MiB |  17269 MiB |   1421 TiB |   1421 TiB |
|       from large pool |   2249 MiB |  17261 MiB |   1417 TiB |   1417 TiB |
|       from small pool |      7 MiB |     10 MiB |      3 TiB |      3 TiB |
|---------------------------------------------------------------------------|
| GPU reserved memory   |  18264 MiB |  18264 MiB |  18264 MiB |      0 B   |
|       from large pool |  18252 MiB |  18252 MiB |  18252 MiB |      0 B   |
|       from small pool |     12 MiB |     12 MiB |     12 MiB |      0 B   |
|---------------------------------------------------------------------------|
| Non-releasable memory | 141443 KiB |   1855 MiB |    823 TiB |    823 TiB |
|       from large pool | 140732 KiB |   1853 MiB |    820 TiB |    820 TiB |
|       from small pool |    711 KiB |      3 MiB |      3 TiB |      3 TiB |
|---------------------------------------------------------------------------|
| Allocations           |     470    |     909    |   60828 K  |   60827 K  |
|       from large pool |     125    |     513    |   40776 K  |   40775 K  |
|       from small pool |     345    |     402    |   20051 K  |   20051 K  |
|---------------------------------------------------------------------------|
| Active allocs         |     470    |     909    |   60828 K  |   60827 K  |
|       from large pool |     125    |     513    |   40776 K  |   40775 K  |
|       from small pool |     345    |     402    |   20051 K  |   20051 K  |
|---------------------------------------------------------------------------|
| GPU reserved segments |     230    |     230    |     230    |       0    |
|       from large pool |     224    |     224    |     224    |       0    |
|       from small pool |       6    |       6    |       6    |       0    |
|---------------------------------------------------------------------------|
| Non-releasable allocs |      12    |      47    |   42606 K  |   42606 K  |
|       from large pool |       5    |      39    |   26051 K  |   26051 K  |
|       from small pool |       7    |      11    |   16554 K  |   16554 K  |
|---------------------------------------------------------------------------|
| Oversize allocations  |       0    |       0    |       0    |       0    |
|---------------------------------------------------------------------------|
| Oversize GPU segments |       0    |       0    |       0    |       0    |
|===========================================================================|

| epoch   3 step    13600 |   3084 batches | lr 0.0005 | ms/batch 786.44 | loss  2.41 | avg loss  2.62 | ppl 13.79
================================================================================
[Memory Breakdown] step 13700
Parameter memory      : 1355.04 MB
Gradient memory       : 0.00 MB
Optimizer state memory: 3.00 MB
GaLore projector mem  : 0.00 MB
CUDA allocated        : 2257.87 MB
CUDA reserved         : 18264.00 MB
CUDA peak allocated   : 17272.64 MB
================================================================================
|===========================================================================|
|                  PyTorch CUDA memory summary, device ID 0                 |
|---------------------------------------------------------------------------|
|            CUDA OOMs: 0            |        cudaMalloc retries: 0         |
|===========================================================================|
|        Metric         | Cur Usage  | Peak Usage | Tot Alloc  | Tot Freed  |
|---------------------------------------------------------------------------|
| Allocated memory      |   2257 MiB |  17272 MiB |   1430 TiB |   1430 TiB |
|       from large pool |   2250 MiB |  17264 MiB |   1427 TiB |   1427 TiB |
|       from small pool |      7 MiB |     10 MiB |      3 TiB |      3 TiB |
|---------------------------------------------------------------------------|
| Active memory         |   2257 MiB |  17272 MiB |   1430 TiB |   1430 TiB |
|       from large pool |   2250 MiB |  17264 MiB |   1427 TiB |   1427 TiB |
|       from small pool |      7 MiB |     10 MiB |      3 TiB |      3 TiB |
|---------------------------------------------------------------------------|
| Requested memory      |   2257 MiB |  17269 MiB |   1430 TiB |   1430 TiB |
|       from large pool |   2249 MiB |  17261 MiB |   1427 TiB |   1427 TiB |
|       from small pool |      7 MiB |     10 MiB |      3 TiB |      3 TiB |
|---------------------------------------------------------------------------|
| GPU reserved memory   |  18264 MiB |  18264 MiB |  18264 MiB |      0 B   |
|       from large pool |  18252 MiB |  18252 MiB |  18252 MiB |      0 B   |
|       from small pool |     12 MiB |     12 MiB |     12 MiB |      0 B   |
|---------------------------------------------------------------------------|
| Non-releasable memory | 141443 KiB |   1855 MiB |    829 TiB |    829 TiB |
|       from large pool | 140732 KiB |   1853 MiB |    826 TiB |    826 TiB |
|       from small pool |    711 KiB |      3 MiB |      3 TiB |      3 TiB |
|---------------------------------------------------------------------------|
| Allocations           |     470    |     909    |   61204 K  |   61204 K  |
|       from large pool |     125    |     513    |   41024 K  |   41024 K  |
|       from small pool |     345    |     402    |   20179 K  |   20179 K  |
|---------------------------------------------------------------------------|
| Active allocs         |     470    |     909    |   61204 K  |   61204 K  |
|       from large pool |     125    |     513    |   41024 K  |   41024 K  |
|       from small pool |     345    |     402    |   20179 K  |   20179 K  |
|---------------------------------------------------------------------------|
| GPU reserved segments |     230    |     230    |     230    |       0    |
|       from large pool |     224    |     224    |     224    |       0    |
|       from small pool |       6    |       6    |       6    |       0    |
|---------------------------------------------------------------------------|
| Non-releasable allocs |      12    |      47    |   42868 K  |   42868 K  |
|       from large pool |       5    |      39    |   26204 K  |   26204 K  |
|       from small pool |       7    |      11    |   16663 K  |   16663 K  |
|---------------------------------------------------------------------------|
| Oversize allocations  |       0    |       0    |       0    |       0    |
|---------------------------------------------------------------------------|
| Oversize GPU segments |       0    |       0    |       0    |       0    |
|===========================================================================|

| epoch   3 step    13700 |   3184 batches | lr 0.0005 | ms/batch 786.48 | loss  2.76 | avg loss  2.65 | ppl 14.18
================================================================================
[Memory Breakdown] step 13800
Parameter memory      : 1355.04 MB
Gradient memory       : 0.00 MB
Optimizer state memory: 3.00 MB
GaLore projector mem  : 0.00 MB
CUDA allocated        : 2257.87 MB
CUDA reserved         : 18264.00 MB
CUDA peak allocated   : 17272.64 MB
================================================================================
|===========================================================================|
|                  PyTorch CUDA memory summary, device ID 0                 |
|---------------------------------------------------------------------------|
|            CUDA OOMs: 0            |        cudaMalloc retries: 0         |
|===========================================================================|
|        Metric         | Cur Usage  | Peak Usage | Tot Alloc  | Tot Freed  |
|---------------------------------------------------------------------------|
| Allocated memory      |   2257 MiB |  17272 MiB |   1439 TiB |   1439 TiB |
|       from large pool |   2250 MiB |  17264 MiB |   1436 TiB |   1436 TiB |
|       from small pool |      7 MiB |     10 MiB |      3 TiB |      3 TiB |
|---------------------------------------------------------------------------|
| Active memory         |   2257 MiB |  17272 MiB |   1439 TiB |   1439 TiB |
|       from large pool |   2250 MiB |  17264 MiB |   1436 TiB |   1436 TiB |
|       from small pool |      7 MiB |     10 MiB |      3 TiB |      3 TiB |
|---------------------------------------------------------------------------|
| Requested memory      |   2257 MiB |  17269 MiB |   1439 TiB |   1439 TiB |
|       from large pool |   2249 MiB |  17261 MiB |   1436 TiB |   1436 TiB |
|       from small pool |      7 MiB |     10 MiB |      3 TiB |      3 TiB |
|---------------------------------------------------------------------------|
| GPU reserved memory   |  18264 MiB |  18264 MiB |  18264 MiB |      0 B   |
|       from large pool |  18252 MiB |  18252 MiB |  18252 MiB |      0 B   |
|       from small pool |     12 MiB |     12 MiB |     12 MiB |      0 B   |
|---------------------------------------------------------------------------|
| Non-releasable memory | 141443 KiB |   1855 MiB |    834 TiB |    834 TiB |
|       from large pool | 140732 KiB |   1853 MiB |    831 TiB |    831 TiB |
|       from small pool |    711 KiB |      3 MiB |      3 TiB |      3 TiB |
|---------------------------------------------------------------------------|
| Allocations           |     470    |     909    |   61581 K  |   61580 K  |
|       from large pool |     125    |     513    |   41273 K  |   41272 K  |
|       from small pool |     345    |     402    |   20307 K  |   20307 K  |
|---------------------------------------------------------------------------|
| Active allocs         |     470    |     909    |   61581 K  |   61580 K  |
|       from large pool |     125    |     513    |   41273 K  |   41272 K  |
|       from small pool |     345    |     402    |   20307 K  |   20307 K  |
|---------------------------------------------------------------------------|
| GPU reserved segments |     230    |     230    |     230    |       0    |
|       from large pool |     224    |     224    |     224    |       0    |
|       from small pool |       6    |       6    |       6    |       0    |
|---------------------------------------------------------------------------|
| Non-releasable allocs |      11    |      47    |   43129 K  |   43129 K  |
|       from large pool |       5    |      39    |   26356 K  |   26356 K  |
|       from small pool |       6    |      11    |   16772 K  |   16772 K  |
|---------------------------------------------------------------------------|
| Oversize allocations  |       0    |       0    |       0    |       0    |
|---------------------------------------------------------------------------|
| Oversize GPU segments |       0    |       0    |       0    |       0    |
|===========================================================================|

| epoch   3 step    13800 |   3284 batches | lr 0.0005 | ms/batch 786.49 | loss  2.36 | avg loss  2.59 | ppl 13.30
================================================================================
[Memory Breakdown] step 13900
Parameter memory      : 1355.04 MB
Gradient memory       : 0.00 MB
Optimizer state memory: 3.00 MB
GaLore projector mem  : 0.00 MB
CUDA allocated        : 2257.87 MB
CUDA reserved         : 18264.00 MB
CUDA peak allocated   : 17272.64 MB
================================================================================
|===========================================================================|
|                  PyTorch CUDA memory summary, device ID 0                 |
|---------------------------------------------------------------------------|
|            CUDA OOMs: 0            |        cudaMalloc retries: 0         |
|===========================================================================|
|        Metric         | Cur Usage  | Peak Usage | Tot Alloc  | Tot Freed  |
|---------------------------------------------------------------------------|
| Allocated memory      |   2257 MiB |  17272 MiB |   1449 TiB |   1449 TiB |
|       from large pool |   2250 MiB |  17264 MiB |   1445 TiB |   1445 TiB |
|       from small pool |      7 MiB |     10 MiB |      3 TiB |      3 TiB |
|---------------------------------------------------------------------------|
| Active memory         |   2257 MiB |  17272 MiB |   1449 TiB |   1449 TiB |
|       from large pool |   2250 MiB |  17264 MiB |   1445 TiB |   1445 TiB |
|       from small pool |      7 MiB |     10 MiB |      3 TiB |      3 TiB |
|---------------------------------------------------------------------------|
| Requested memory      |   2257 MiB |  17269 MiB |   1449 TiB |   1449 TiB |
|       from large pool |   2249 MiB |  17261 MiB |   1445 TiB |   1445 TiB |
|       from small pool |      7 MiB |     10 MiB |      3 TiB |      3 TiB |
|---------------------------------------------------------------------------|
| GPU reserved memory   |  18264 MiB |  18264 MiB |  18264 MiB |      0 B   |
|       from large pool |  18252 MiB |  18252 MiB |  18252 MiB |      0 B   |
|       from small pool |     12 MiB |     12 MiB |     12 MiB |      0 B   |
|---------------------------------------------------------------------------|
| Non-releasable memory | 141443 KiB |   1855 MiB |    840 TiB |    840 TiB |
|       from large pool | 140732 KiB |   1853 MiB |    837 TiB |    837 TiB |
|       from small pool |    711 KiB |      3 MiB |      3 TiB |      3 TiB |
|---------------------------------------------------------------------------|
| Allocations           |     470    |     909    |   61957 K  |   61957 K  |
|       from large pool |     125    |     513    |   41521 K  |   41521 K  |
|       from small pool |     345    |     402    |   20435 K  |   20435 K  |
|---------------------------------------------------------------------------|
| Active allocs         |     470    |     909    |   61957 K  |   61957 K  |
|       from large pool |     125    |     513    |   41521 K  |   41521 K  |
|       from small pool |     345    |     402    |   20435 K  |   20435 K  |
|---------------------------------------------------------------------------|
| GPU reserved segments |     230    |     230    |     230    |       0    |
|       from large pool |     224    |     224    |     224    |       0    |
|       from small pool |       6    |       6    |       6    |       0    |
|---------------------------------------------------------------------------|
| Non-releasable allocs |      12    |      47    |   43391 K  |   43391 K  |
|       from large pool |       5    |      39    |   26509 K  |   26509 K  |
|       from small pool |       7    |      11    |   16882 K  |   16882 K  |
|---------------------------------------------------------------------------|
| Oversize allocations  |       0    |       0    |       0    |       0    |
|---------------------------------------------------------------------------|
| Oversize GPU segments |       0    |       0    |       0    |       0    |
|===========================================================================|

| epoch   3 step    13900 |   3384 batches | lr 0.0005 | ms/batch 786.51 | loss  3.06 | avg loss  2.64 | ppl 13.98
================================================================================
[Memory Breakdown] step 14000
Parameter memory      : 1355.04 MB
Gradient memory       : 0.00 MB
Optimizer state memory: 3.00 MB
GaLore projector mem  : 0.00 MB
CUDA allocated        : 2257.87 MB
CUDA reserved         : 18264.00 MB
CUDA peak allocated   : 17272.64 MB
================================================================================
|===========================================================================|
|                  PyTorch CUDA memory summary, device ID 0                 |
|---------------------------------------------------------------------------|
|            CUDA OOMs: 0            |        cudaMalloc retries: 0         |
|===========================================================================|
|        Metric         | Cur Usage  | Peak Usage | Tot Alloc  | Tot Freed  |
|---------------------------------------------------------------------------|
| Allocated memory      |   2257 MiB |  17272 MiB |   1458 TiB |   1458 TiB |
|       from large pool |   2250 MiB |  17264 MiB |   1455 TiB |   1455 TiB |
|       from small pool |      7 MiB |     10 MiB |      3 TiB |      3 TiB |
|---------------------------------------------------------------------------|
| Active memory         |   2257 MiB |  17272 MiB |   1458 TiB |   1458 TiB |
|       from large pool |   2250 MiB |  17264 MiB |   1455 TiB |   1455 TiB |
|       from small pool |      7 MiB |     10 MiB |      3 TiB |      3 TiB |
|---------------------------------------------------------------------------|
| Requested memory      |   2257 MiB |  17269 MiB |   1458 TiB |   1458 TiB |
|       from large pool |   2249 MiB |  17261 MiB |   1455 TiB |   1455 TiB |
|       from small pool |      7 MiB |     10 MiB |      3 TiB |      3 TiB |
|---------------------------------------------------------------------------|
| GPU reserved memory   |  18264 MiB |  18264 MiB |  18264 MiB |      0 B   |
|       from large pool |  18252 MiB |  18252 MiB |  18252 MiB |      0 B   |
|       from small pool |     12 MiB |     12 MiB |     12 MiB |      0 B   |
|---------------------------------------------------------------------------|
| Non-releasable memory | 141443 KiB |   1855 MiB |    845 TiB |    845 TiB |
|       from large pool | 140732 KiB |   1853 MiB |    842 TiB |    842 TiB |
|       from small pool |    711 KiB |      3 MiB |      3 TiB |      3 TiB |
|---------------------------------------------------------------------------|
| Allocations           |     470    |     909    |   62334 K  |   62333 K  |
|       from large pool |     125    |     513    |   41770 K  |   41769 K  |
|       from small pool |     345    |     402    |   20563 K  |   20563 K  |
|---------------------------------------------------------------------------|
| Active allocs         |     470    |     909    |   62334 K  |   62333 K  |
|       from large pool |     125    |     513    |   41770 K  |   41769 K  |
|       from small pool |     345    |     402    |   20563 K  |   20563 K  |
|---------------------------------------------------------------------------|
| GPU reserved segments |     230    |     230    |     230    |       0    |
|       from large pool |     224    |     224    |     224    |       0    |
|       from small pool |       6    |       6    |       6    |       0    |
|---------------------------------------------------------------------------|
| Non-releasable allocs |      12    |      47    |   43653 K  |   43653 K  |
|       from large pool |       5    |      39    |   26661 K  |   26661 K  |
|       from small pool |       7    |      11    |   16991 K  |   16991 K  |
|---------------------------------------------------------------------------|
| Oversize allocations  |       0    |       0    |       0    |       0    |
|---------------------------------------------------------------------------|
| Oversize GPU segments |       0    |       0    |       0    |       0    |
|===========================================================================|

| epoch   3 step    14000 |   3484 batches | lr 0.0005 | ms/batch 786.48 | loss  2.81 | avg loss  2.64 | ppl 14.06
saving checkpoint ./trained_models/GPT2_M/e2e/model.14000.pt
eval samples: 0 loss: tensor(1.1799, device='cuda:0')
eval samples: 100 loss: tensor(0.9145, device='cuda:0')
eval samples: 200 loss: tensor(1.3987, device='cuda:0')
eval samples: 300 loss: tensor(1.1095, device='cuda:0')
eval samples: 400 loss: tensor(0.9699, device='cuda:0')
eval samples: 500 loss: tensor(0.5395, device='cuda:0')
eval samples: 600 loss: tensor(1.3154, device='cuda:0')
eval samples: 700 loss: tensor(0.7563, device='cuda:0')
eval samples: 800 loss: tensor(1.1770, device='cuda:0')
eval samples: 900 loss: tensor(1.8975, device='cuda:0')
eval samples: 1000 loss: tensor(1.0276, device='cuda:0')
eval samples: 1100 loss: tensor(1.4726, device='cuda:0')
average loss 1.2378204326872548
----------------------------------------------------------------------------------------------------
| Eval   7 at step    14000 | time: 200.10s | valid loss  1.24 | valid ppl  3.45 | best ppl  3.45 
----------------------------------------------------------------------------------------------------
================================================================================
[Memory Breakdown] step 14100
Parameter memory      : 1355.04 MB
Gradient memory       : 0.00 MB
Optimizer state memory: 3.00 MB
GaLore projector mem  : 0.00 MB
CUDA allocated        : 2257.87 MB
CUDA reserved         : 18264.00 MB
CUDA peak allocated   : 17272.64 MB
================================================================================
|===========================================================================|
|                  PyTorch CUDA memory summary, device ID 0                 |
|---------------------------------------------------------------------------|
|            CUDA OOMs: 0            |        cudaMalloc retries: 0         |
|===========================================================================|
|        Metric         | Cur Usage  | Peak Usage | Tot Alloc  | Tot Freed  |
|---------------------------------------------------------------------------|
| Allocated memory      |   2257 MiB |  17272 MiB |   1492 TiB |   1492 TiB |
|       from large pool |   2250 MiB |  17264 MiB |   1489 TiB |   1489 TiB |
|       from small pool |      7 MiB |     10 MiB |      3 TiB |      3 TiB |
|---------------------------------------------------------------------------|
| Active memory         |   2257 MiB |  17272 MiB |   1492 TiB |   1492 TiB |
|       from large pool |   2250 MiB |  17264 MiB |   1489 TiB |   1489 TiB |
|       from small pool |      7 MiB |     10 MiB |      3 TiB |      3 TiB |
|---------------------------------------------------------------------------|
| Requested memory      |   2257 MiB |  17269 MiB |   1492 TiB |   1492 TiB |
|       from large pool |   2249 MiB |  17261 MiB |   1489 TiB |   1489 TiB |
|       from small pool |      7 MiB |     10 MiB |      3 TiB |      3 TiB |
|---------------------------------------------------------------------------|
| GPU reserved memory   |  18264 MiB |  18264 MiB |  18264 MiB |      0 B   |
|       from large pool |  18252 MiB |  18252 MiB |  18252 MiB |      0 B   |
|       from small pool |     12 MiB |     12 MiB |     12 MiB |      0 B   |
|---------------------------------------------------------------------------|
| Non-releasable memory | 141443 KiB |   1855 MiB |    864 TiB |    864 TiB |
|       from large pool | 140732 KiB |   1853 MiB |    860 TiB |    860 TiB |
|       from small pool |    711 KiB |      3 MiB |      3 TiB |      3 TiB |
|---------------------------------------------------------------------------|
| Allocations           |     470    |     909    |   64314 K  |   64313 K  |
|       from large pool |     125    |     513    |   43181 K  |   43181 K  |
|       from small pool |     345    |     402    |   21132 K  |   21132 K  |
|---------------------------------------------------------------------------|
| Active allocs         |     470    |     909    |   64314 K  |   64313 K  |
|       from large pool |     125    |     513    |   43181 K  |   43181 K  |
|       from small pool |     345    |     402    |   21132 K  |   21132 K  |
|---------------------------------------------------------------------------|
| GPU reserved segments |     230    |     230    |     230    |       0    |
|       from large pool |     224    |     224    |     224    |       0    |
|       from small pool |       6    |       6    |       6    |       0    |
|---------------------------------------------------------------------------|
| Non-releasable allocs |      11    |      47    |   45097 K  |   45097 K  |
|       from large pool |       5    |      39    |   27699 K  |   27699 K  |
|       from small pool |       6    |      11    |   17397 K  |   17397 K  |
|---------------------------------------------------------------------------|
| Oversize allocations  |       0    |       0    |       0    |       0    |
|---------------------------------------------------------------------------|
| Oversize GPU segments |       0    |       0    |       0    |       0    |
|===========================================================================|

| epoch   3 step    14100 |   3584 batches | lr 0.0005 | ms/batch 2789.96 | loss  2.64 | avg loss  2.56 | ppl 12.94
================================================================================
[Memory Breakdown] step 14200
Parameter memory      : 1355.04 MB
Gradient memory       : 0.00 MB
Optimizer state memory: 3.00 MB
GaLore projector mem  : 0.00 MB
CUDA allocated        : 2257.87 MB
CUDA reserved         : 18264.00 MB
CUDA peak allocated   : 17272.64 MB
================================================================================
|===========================================================================|
|                  PyTorch CUDA memory summary, device ID 0                 |
|---------------------------------------------------------------------------|
|            CUDA OOMs: 0            |        cudaMalloc retries: 0         |
|===========================================================================|
|        Metric         | Cur Usage  | Peak Usage | Tot Alloc  | Tot Freed  |
|---------------------------------------------------------------------------|
| Allocated memory      |   2257 MiB |  17272 MiB |   1502 TiB |   1502 TiB |
|       from large pool |   2250 MiB |  17264 MiB |   1498 TiB |   1498 TiB |
|       from small pool |      7 MiB |     10 MiB |      3 TiB |      3 TiB |
|---------------------------------------------------------------------------|
| Active memory         |   2257 MiB |  17272 MiB |   1502 TiB |   1502 TiB |
|       from large pool |   2250 MiB |  17264 MiB |   1498 TiB |   1498 TiB |
|       from small pool |      7 MiB |     10 MiB |      3 TiB |      3 TiB |
|---------------------------------------------------------------------------|
| Requested memory      |   2257 MiB |  17269 MiB |   1502 TiB |   1502 TiB |
|       from large pool |   2249 MiB |  17261 MiB |   1498 TiB |   1498 TiB |
|       from small pool |      7 MiB |     10 MiB |      3 TiB |      3 TiB |
|---------------------------------------------------------------------------|
| GPU reserved memory   |  18264 MiB |  18264 MiB |  18264 MiB |      0 B   |
|       from large pool |  18252 MiB |  18252 MiB |  18252 MiB |      0 B   |
|       from small pool |     12 MiB |     12 MiB |     12 MiB |      0 B   |
|---------------------------------------------------------------------------|
| Non-releasable memory | 141443 KiB |   1855 MiB |    869 TiB |    869 TiB |
|       from large pool | 140732 KiB |   1853 MiB |    866 TiB |    866 TiB |
|       from small pool |    711 KiB |      3 MiB |      3 TiB |      3 TiB |
|---------------------------------------------------------------------------|
| Allocations           |     470    |     909    |   64690 K  |   64690 K  |
|       from large pool |     125    |     513    |   43430 K  |   43430 K  |
|       from small pool |     345    |     402    |   21260 K  |   21260 K  |
|---------------------------------------------------------------------------|
| Active allocs         |     470    |     909    |   64690 K  |   64690 K  |
|       from large pool |     125    |     513    |   43430 K  |   43430 K  |
|       from small pool |     345    |     402    |   21260 K  |   21260 K  |
|---------------------------------------------------------------------------|
| GPU reserved segments |     230    |     230    |     230    |       0    |
|       from large pool |     224    |     224    |     224    |       0    |
|       from small pool |       6    |       6    |       6    |       0    |
|---------------------------------------------------------------------------|
| Non-releasable allocs |      12    |      47    |   45359 K  |   45359 K  |
|       from large pool |       5    |      39    |   27852 K  |   27852 K  |
|       from small pool |       7    |      11    |   17506 K  |   17506 K  |
|---------------------------------------------------------------------------|
| Oversize allocations  |       0    |       0    |       0    |       0    |
|---------------------------------------------------------------------------|
| Oversize GPU segments |       0    |       0    |       0    |       0    |
|===========================================================================|

| epoch   3 step    14200 |   3684 batches | lr 0.0005 | ms/batch 786.59 | loss  2.63 | avg loss  2.59 | ppl 13.32
================================================================================
[Memory Breakdown] step 14300
Parameter memory      : 1355.04 MB
Gradient memory       : 0.00 MB
Optimizer state memory: 3.00 MB
GaLore projector mem  : 0.00 MB
CUDA allocated        : 2257.87 MB
CUDA reserved         : 18264.00 MB
CUDA peak allocated   : 17272.64 MB
================================================================================
|===========================================================================|
|                  PyTorch CUDA memory summary, device ID 0                 |
|---------------------------------------------------------------------------|
|            CUDA OOMs: 0            |        cudaMalloc retries: 0         |
|===========================================================================|
|        Metric         | Cur Usage  | Peak Usage | Tot Alloc  | Tot Freed  |
|---------------------------------------------------------------------------|
| Allocated memory      |   2257 MiB |  17272 MiB |   1511 TiB |   1511 TiB |
|       from large pool |   2250 MiB |  17264 MiB |   1507 TiB |   1507 TiB |
|       from small pool |      7 MiB |     10 MiB |      3 TiB |      3 TiB |
|---------------------------------------------------------------------------|
| Active memory         |   2257 MiB |  17272 MiB |   1511 TiB |   1511 TiB |
|       from large pool |   2250 MiB |  17264 MiB |   1507 TiB |   1507 TiB |
|       from small pool |      7 MiB |     10 MiB |      3 TiB |      3 TiB |
|---------------------------------------------------------------------------|
| Requested memory      |   2257 MiB |  17269 MiB |   1511 TiB |   1511 TiB |
|       from large pool |   2249 MiB |  17261 MiB |   1507 TiB |   1507 TiB |
|       from small pool |      7 MiB |     10 MiB |      3 TiB |      3 TiB |
|---------------------------------------------------------------------------|
| GPU reserved memory   |  18264 MiB |  18264 MiB |  18264 MiB |      0 B   |
|       from large pool |  18252 MiB |  18252 MiB |  18252 MiB |      0 B   |
|       from small pool |     12 MiB |     12 MiB |     12 MiB |      0 B   |
|---------------------------------------------------------------------------|
| Non-releasable memory | 141443 KiB |   1855 MiB |    875 TiB |    875 TiB |
|       from large pool | 140732 KiB |   1853 MiB |    871 TiB |    871 TiB |
|       from small pool |    711 KiB |      3 MiB |      3 TiB |      3 TiB |
|---------------------------------------------------------------------------|
| Allocations           |     470    |     909    |   65067 K  |   65066 K  |
|       from large pool |     125    |     513    |   43678 K  |   43678 K  |
|       from small pool |     345    |     402    |   21388 K  |   21388 K  |
|---------------------------------------------------------------------------|
| Active allocs         |     470    |     909    |   65067 K  |   65066 K  |
|       from large pool |     125    |     513    |   43678 K  |   43678 K  |
|       from small pool |     345    |     402    |   21388 K  |   21388 K  |
|---------------------------------------------------------------------------|
| GPU reserved segments |     230    |     230    |     230    |       0    |
|       from large pool |     224    |     224    |     224    |       0    |
|       from small pool |       6    |       6    |       6    |       0    |
|---------------------------------------------------------------------------|
| Non-releasable allocs |      12    |      47    |   45620 K  |   45620 K  |
|       from large pool |       5    |      39    |   28004 K  |   28004 K  |
|       from small pool |       7    |      11    |   17615 K  |   17615 K  |
|---------------------------------------------------------------------------|
| Oversize allocations  |       0    |       0    |       0    |       0    |
|---------------------------------------------------------------------------|
| Oversize GPU segments |       0    |       0    |       0    |       0    |
|===========================================================================|

| epoch   3 step    14300 |   3784 batches | lr 0.0005 | ms/batch 786.42 | loss  2.86 | avg loss  2.59 | ppl 13.36
================================================================================
[Memory Breakdown] step 14400
Parameter memory      : 1355.04 MB
Gradient memory       : 0.00 MB
Optimizer state memory: 3.00 MB
GaLore projector mem  : 0.00 MB
CUDA allocated        : 2257.87 MB
CUDA reserved         : 18264.00 MB
CUDA peak allocated   : 17272.64 MB
================================================================================
|===========================================================================|
|                  PyTorch CUDA memory summary, device ID 0                 |
|---------------------------------------------------------------------------|
|            CUDA OOMs: 0            |        cudaMalloc retries: 0         |
|===========================================================================|
|        Metric         | Cur Usage  | Peak Usage | Tot Alloc  | Tot Freed  |
|---------------------------------------------------------------------------|
| Allocated memory      |   2257 MiB |  17272 MiB |   1520 TiB |   1520 TiB |
|       from large pool |   2250 MiB |  17264 MiB |   1517 TiB |   1517 TiB |
|       from small pool |      7 MiB |     10 MiB |      3 TiB |      3 TiB |
|---------------------------------------------------------------------------|
| Active memory         |   2257 MiB |  17272 MiB |   1520 TiB |   1520 TiB |
|       from large pool |   2250 MiB |  17264 MiB |   1517 TiB |   1517 TiB |
|       from small pool |      7 MiB |     10 MiB |      3 TiB |      3 TiB |
|---------------------------------------------------------------------------|
| Requested memory      |   2257 MiB |  17269 MiB |   1520 TiB |   1520 TiB |
|       from large pool |   2249 MiB |  17261 MiB |   1517 TiB |   1517 TiB |
|       from small pool |      7 MiB |     10 MiB |      3 TiB |      3 TiB |
|---------------------------------------------------------------------------|
| GPU reserved memory   |  18264 MiB |  18264 MiB |  18264 MiB |      0 B   |
|       from large pool |  18252 MiB |  18252 MiB |  18252 MiB |      0 B   |
|       from small pool |     12 MiB |     12 MiB |     12 MiB |      0 B   |
|---------------------------------------------------------------------------|
| Non-releasable memory | 141443 KiB |   1855 MiB |    880 TiB |    880 TiB |
|       from large pool | 140732 KiB |   1853 MiB |    877 TiB |    877 TiB |
|       from small pool |    711 KiB |      3 MiB |      3 TiB |      3 TiB |
|---------------------------------------------------------------------------|
| Allocations           |     470    |     909    |   65443 K  |   65443 K  |
|       from large pool |     125    |     513    |   43927 K  |   43927 K  |
|       from small pool |     345    |     402    |   21516 K  |   21516 K  |
|---------------------------------------------------------------------------|
| Active allocs         |     470    |     909    |   65443 K  |   65443 K  |
|       from large pool |     125    |     513    |   43927 K  |   43927 K  |
|       from small pool |     345    |     402    |   21516 K  |   21516 K  |
|---------------------------------------------------------------------------|
| GPU reserved segments |     230    |     230    |     230    |       0    |
|       from large pool |     224    |     224    |     224    |       0    |
|       from small pool |       6    |       6    |       6    |       0    |
|---------------------------------------------------------------------------|
| Non-releasable allocs |      11    |      47    |   45882 K  |   45882 K  |
|       from large pool |       5    |      39    |   28157 K  |   28157 K  |
|       from small pool |       6    |      11    |   17725 K  |   17725 K  |
|---------------------------------------------------------------------------|
| Oversize allocations  |       0    |       0    |       0    |       0    |
|---------------------------------------------------------------------------|
| Oversize GPU segments |       0    |       0    |       0    |       0    |
|===========================================================================|

| epoch   3 step    14400 |   3884 batches | lr 0.0005 | ms/batch 786.37 | loss  2.39 | avg loss  2.61 | ppl 13.57
================================================================================
[Memory Breakdown] step 14500
Parameter memory      : 1355.04 MB
Gradient memory       : 0.00 MB
Optimizer state memory: 3.00 MB
GaLore projector mem  : 0.00 MB
CUDA allocated        : 2257.87 MB
CUDA reserved         : 18264.00 MB
CUDA peak allocated   : 17272.64 MB
================================================================================
|===========================================================================|
|                  PyTorch CUDA memory summary, device ID 0                 |
|---------------------------------------------------------------------------|
|            CUDA OOMs: 0            |        cudaMalloc retries: 0         |
|===========================================================================|
|        Metric         | Cur Usage  | Peak Usage | Tot Alloc  | Tot Freed  |
|---------------------------------------------------------------------------|
| Allocated memory      |   2257 MiB |  17272 MiB |   1530 TiB |   1530 TiB |
|       from large pool |   2250 MiB |  17264 MiB |   1526 TiB |   1526 TiB |
|       from small pool |      7 MiB |     10 MiB |      3 TiB |      3 TiB |
|---------------------------------------------------------------------------|
| Active memory         |   2257 MiB |  17272 MiB |   1530 TiB |   1530 TiB |
|       from large pool |   2250 MiB |  17264 MiB |   1526 TiB |   1526 TiB |
|       from small pool |      7 MiB |     10 MiB |      3 TiB |      3 TiB |
|---------------------------------------------------------------------------|
| Requested memory      |   2257 MiB |  17269 MiB |   1530 TiB |   1530 TiB |
|       from large pool |   2249 MiB |  17261 MiB |   1526 TiB |   1526 TiB |
|       from small pool |      7 MiB |     10 MiB |      3 TiB |      3 TiB |
|---------------------------------------------------------------------------|
| GPU reserved memory   |  18264 MiB |  18264 MiB |  18264 MiB |      0 B   |
|       from large pool |  18252 MiB |  18252 MiB |  18252 MiB |      0 B   |
|       from small pool |     12 MiB |     12 MiB |     12 MiB |      0 B   |
|---------------------------------------------------------------------------|
| Non-releasable memory | 141443 KiB |   1855 MiB |    886 TiB |    886 TiB |
|       from large pool | 140732 KiB |   1853 MiB |    882 TiB |    882 TiB |
|       from small pool |    711 KiB |      3 MiB |      3 TiB |      3 TiB |
|---------------------------------------------------------------------------|
| Allocations           |     470    |     909    |   65820 K  |   65819 K  |
|       from large pool |     125    |     513    |   44175 K  |   44175 K  |
|       from small pool |     345    |     402    |   21644 K  |   21644 K  |
|---------------------------------------------------------------------------|
| Active allocs         |     470    |     909    |   65820 K  |   65819 K  |
|       from large pool |     125    |     513    |   44175 K  |   44175 K  |
|       from small pool |     345    |     402    |   21644 K  |   21644 K  |
|---------------------------------------------------------------------------|
| GPU reserved segments |     230    |     230    |     230    |       0    |
|       from large pool |     224    |     224    |     224    |       0    |
|       from small pool |       6    |       6    |       6    |       0    |
|---------------------------------------------------------------------------|
| Non-releasable allocs |      12    |      47    |   46143 K  |   46143 K  |
|       from large pool |       5    |      39    |   28309 K  |   28309 K  |
|       from small pool |       7    |      11    |   17834 K  |   17834 K  |
|---------------------------------------------------------------------------|
| Oversize allocations  |       0    |       0    |       0    |       0    |
|---------------------------------------------------------------------------|
| Oversize GPU segments |       0    |       0    |       0    |       0    |
|===========================================================================|

| epoch   3 step    14500 |   3984 batches | lr 0.0005 | ms/batch 786.42 | loss  2.48 | avg loss  2.62 | ppl 13.73
================================================================================
[Memory Breakdown] step 14600
Parameter memory      : 1355.04 MB
Gradient memory       : 0.00 MB
Optimizer state memory: 3.00 MB
GaLore projector mem  : 0.00 MB
CUDA allocated        : 2257.87 MB
CUDA reserved         : 18264.00 MB
CUDA peak allocated   : 17272.64 MB
================================================================================
|===========================================================================|
|                  PyTorch CUDA memory summary, device ID 0                 |
|---------------------------------------------------------------------------|
|            CUDA OOMs: 0            |        cudaMalloc retries: 0         |
|===========================================================================|
|        Metric         | Cur Usage  | Peak Usage | Tot Alloc  | Tot Freed  |
|---------------------------------------------------------------------------|
| Allocated memory      |   2257 MiB |  17272 MiB |   1539 TiB |   1539 TiB |
|       from large pool |   2250 MiB |  17264 MiB |   1535 TiB |   1535 TiB |
|       from small pool |      7 MiB |     10 MiB |      3 TiB |      3 TiB |
|---------------------------------------------------------------------------|
| Active memory         |   2257 MiB |  17272 MiB |   1539 TiB |   1539 TiB |
|       from large pool |   2250 MiB |  17264 MiB |   1535 TiB |   1535 TiB |
|       from small pool |      7 MiB |     10 MiB |      3 TiB |      3 TiB |
|---------------------------------------------------------------------------|
| Requested memory      |   2257 MiB |  17269 MiB |   1539 TiB |   1539 TiB |
|       from large pool |   2249 MiB |  17261 MiB |   1535 TiB |   1535 TiB |
|       from small pool |      7 MiB |     10 MiB |      3 TiB |      3 TiB |
|---------------------------------------------------------------------------|
| GPU reserved memory   |  18264 MiB |  18264 MiB |  18264 MiB |      0 B   |
|       from large pool |  18252 MiB |  18252 MiB |  18252 MiB |      0 B   |
|       from small pool |     12 MiB |     12 MiB |     12 MiB |      0 B   |
|---------------------------------------------------------------------------|
| Non-releasable memory | 141443 KiB |   1855 MiB |    891 TiB |    891 TiB |
|       from large pool | 140732 KiB |   1853 MiB |    888 TiB |    888 TiB |
|       from small pool |    711 KiB |      3 MiB |      3 TiB |      3 TiB |
|---------------------------------------------------------------------------|
| Allocations           |     470    |     909    |   66196 K  |   66196 K  |
|       from large pool |     125    |     513    |   44424 K  |   44424 K  |
|       from small pool |     345    |     402    |   21772 K  |   21772 K  |
|---------------------------------------------------------------------------|
| Active allocs         |     470    |     909    |   66196 K  |   66196 K  |
|       from large pool |     125    |     513    |   44424 K  |   44424 K  |
|       from small pool |     345    |     402    |   21772 K  |   21772 K  |
|---------------------------------------------------------------------------|
| GPU reserved segments |     230    |     230    |     230    |       0    |
|       from large pool |     224    |     224    |     224    |       0    |
|       from small pool |       6    |       6    |       6    |       0    |
|---------------------------------------------------------------------------|
| Non-releasable allocs |      12    |      47    |   46405 K  |   46405 K  |
|       from large pool |       5    |      39    |   28462 K  |   28462 K  |
|       from small pool |       7    |      11    |   17943 K  |   17943 K  |
|---------------------------------------------------------------------------|
| Oversize allocations  |       0    |       0    |       0    |       0    |
|---------------------------------------------------------------------------|
| Oversize GPU segments |       0    |       0    |       0    |       0    |
|===========================================================================|

| epoch   3 step    14600 |   4084 batches | lr 0.0005 | ms/batch 786.48 | loss  2.55 | avg loss  2.63 | ppl 13.82
================================================================================
[Memory Breakdown] step 14700
Parameter memory      : 1355.04 MB
Gradient memory       : 0.00 MB
Optimizer state memory: 3.00 MB
GaLore projector mem  : 0.00 MB
CUDA allocated        : 2257.87 MB
CUDA reserved         : 18264.00 MB
CUDA peak allocated   : 17272.64 MB
================================================================================
|===========================================================================|
|                  PyTorch CUDA memory summary, device ID 0                 |
|---------------------------------------------------------------------------|
|            CUDA OOMs: 0            |        cudaMalloc retries: 0         |
|===========================================================================|
|        Metric         | Cur Usage  | Peak Usage | Tot Alloc  | Tot Freed  |
|---------------------------------------------------------------------------|
| Allocated memory      |   2257 MiB |  17272 MiB |   1548 TiB |   1548 TiB |
|       from large pool |   2250 MiB |  17264 MiB |   1545 TiB |   1545 TiB |
|       from small pool |      7 MiB |     10 MiB |      3 TiB |      3 TiB |
|---------------------------------------------------------------------------|
| Active memory         |   2257 MiB |  17272 MiB |   1548 TiB |   1548 TiB |
|       from large pool |   2250 MiB |  17264 MiB |   1545 TiB |   1545 TiB |
|       from small pool |      7 MiB |     10 MiB |      3 TiB |      3 TiB |
|---------------------------------------------------------------------------|
| Requested memory      |   2257 MiB |  17269 MiB |   1548 TiB |   1548 TiB |
|       from large pool |   2249 MiB |  17261 MiB |   1545 TiB |   1545 TiB |
|       from small pool |      7 MiB |     10 MiB |      3 TiB |      3 TiB |
|---------------------------------------------------------------------------|
| GPU reserved memory   |  18264 MiB |  18264 MiB |  18264 MiB |      0 B   |
|       from large pool |  18252 MiB |  18252 MiB |  18252 MiB |      0 B   |
|       from small pool |     12 MiB |     12 MiB |     12 MiB |      0 B   |
|---------------------------------------------------------------------------|
| Non-releasable memory | 141443 KiB |   1855 MiB |    897 TiB |    897 TiB |
|       from large pool | 140732 KiB |   1853 MiB |    893 TiB |    893 TiB |
|       from small pool |    711 KiB |      3 MiB |      3 TiB |      3 TiB |
|---------------------------------------------------------------------------|
| Allocations           |     470    |     909    |   66573 K  |   66572 K  |
|       from large pool |     125    |     513    |   44672 K  |   44672 K  |
|       from small pool |     345    |     402    |   21900 K  |   21900 K  |
|---------------------------------------------------------------------------|
| Active allocs         |     470    |     909    |   66573 K  |   66572 K  |
|       from large pool |     125    |     513    |   44672 K  |   44672 K  |
|       from small pool |     345    |     402    |   21900 K  |   21900 K  |
|---------------------------------------------------------------------------|
| GPU reserved segments |     230    |     230    |     230    |       0    |
|       from large pool |     224    |     224    |     224    |       0    |
|       from small pool |       6    |       6    |       6    |       0    |
|---------------------------------------------------------------------------|
| Non-releasable allocs |      11    |      47    |   46667 K  |   46667 K  |
|       from large pool |       5    |      39    |   28614 K  |   28614 K  |
|       from small pool |       6    |      11    |   18052 K  |   18052 K  |
|---------------------------------------------------------------------------|
| Oversize allocations  |       0    |       0    |       0    |       0    |
|---------------------------------------------------------------------------|
| Oversize GPU segments |       0    |       0    |       0    |       0    |
|===========================================================================|

| epoch   3 step    14700 |   4184 batches | lr 0.0005 | ms/batch 786.13 | loss  2.53 | avg loss  2.59 | ppl 13.29
================================================================================
[Memory Breakdown] step 14800
Parameter memory      : 1355.04 MB
Gradient memory       : 0.00 MB
Optimizer state memory: 3.00 MB
GaLore projector mem  : 0.00 MB
CUDA allocated        : 2257.87 MB
CUDA reserved         : 18264.00 MB
CUDA peak allocated   : 17272.64 MB
================================================================================
|===========================================================================|
|                  PyTorch CUDA memory summary, device ID 0                 |
|---------------------------------------------------------------------------|
|            CUDA OOMs: 0            |        cudaMalloc retries: 0         |
|===========================================================================|
|        Metric         | Cur Usage  | Peak Usage | Tot Alloc  | Tot Freed  |
|---------------------------------------------------------------------------|
| Allocated memory      |   2257 MiB |  17272 MiB |   1558 TiB |   1558 TiB |
|       from large pool |   2250 MiB |  17264 MiB |   1554 TiB |   1554 TiB |
|       from small pool |      7 MiB |     10 MiB |      3 TiB |      3 TiB |
|---------------------------------------------------------------------------|
| Active memory         |   2257 MiB |  17272 MiB |   1558 TiB |   1558 TiB |
|       from large pool |   2250 MiB |  17264 MiB |   1554 TiB |   1554 TiB |
|       from small pool |      7 MiB |     10 MiB |      3 TiB |      3 TiB |
|---------------------------------------------------------------------------|
| Requested memory      |   2257 MiB |  17269 MiB |   1558 TiB |   1558 TiB |
|       from large pool |   2249 MiB |  17261 MiB |   1554 TiB |   1554 TiB |
|       from small pool |      7 MiB |     10 MiB |      3 TiB |      3 TiB |
|---------------------------------------------------------------------------|
| GPU reserved memory   |  18264 MiB |  18264 MiB |  18264 MiB |      0 B   |
|       from large pool |  18252 MiB |  18252 MiB |  18252 MiB |      0 B   |
|       from small pool |     12 MiB |     12 MiB |     12 MiB |      0 B   |
|---------------------------------------------------------------------------|
| Non-releasable memory | 141443 KiB |   1855 MiB |    902 TiB |    902 TiB |
|       from large pool | 140732 KiB |   1853 MiB |    898 TiB |    898 TiB |
|       from small pool |    711 KiB |      3 MiB |      3 TiB |      3 TiB |
|---------------------------------------------------------------------------|
| Allocations           |     470    |     909    |   66949 K  |   66949 K  |
|       from large pool |     125    |     513    |   44921 K  |   44921 K  |
|       from small pool |     345    |     402    |   22028 K  |   22028 K  |
|---------------------------------------------------------------------------|
| Active allocs         |     470    |     909    |   66949 K  |   66949 K  |
|       from large pool |     125    |     513    |   44921 K  |   44921 K  |
|       from small pool |     345    |     402    |   22028 K  |   22028 K  |
|---------------------------------------------------------------------------|
| GPU reserved segments |     230    |     230    |     230    |       0    |
|       from large pool |     224    |     224    |     224    |       0    |
|       from small pool |       6    |       6    |       6    |       0    |
|---------------------------------------------------------------------------|
| Non-releasable allocs |      12    |      47    |   46928 K  |   46928 K  |
|       from large pool |       5    |      39    |   28767 K  |   28767 K  |
|       from small pool |       7    |      11    |   18161 K  |   18161 K  |
|---------------------------------------------------------------------------|
| Oversize allocations  |       0    |       0    |       0    |       0    |
|---------------------------------------------------------------------------|
| Oversize GPU segments |       0    |       0    |       0    |       0    |
|===========================================================================|

| epoch   3 step    14800 |   4284 batches | lr 0.0005 | ms/batch 786.20 | loss  2.61 | avg loss  2.64 | ppl 13.98
================================================================================
[Memory Breakdown] step 14900
Parameter memory      : 1355.04 MB
Gradient memory       : 0.00 MB
Optimizer state memory: 3.00 MB
GaLore projector mem  : 0.00 MB
CUDA allocated        : 2257.87 MB
CUDA reserved         : 18264.00 MB
CUDA peak allocated   : 17272.64 MB
================================================================================
|===========================================================================|
|                  PyTorch CUDA memory summary, device ID 0                 |
|---------------------------------------------------------------------------|
|            CUDA OOMs: 0            |        cudaMalloc retries: 0         |
|===========================================================================|
|        Metric         | Cur Usage  | Peak Usage | Tot Alloc  | Tot Freed  |
|---------------------------------------------------------------------------|
| Allocated memory      |   2257 MiB |  17272 MiB |   1567 TiB |   1567 TiB |
|       from large pool |   2250 MiB |  17264 MiB |   1564 TiB |   1564 TiB |
|       from small pool |      7 MiB |     10 MiB |      3 TiB |      3 TiB |
|---------------------------------------------------------------------------|
| Active memory         |   2257 MiB |  17272 MiB |   1567 TiB |   1567 TiB |
|       from large pool |   2250 MiB |  17264 MiB |   1564 TiB |   1564 TiB |
|       from small pool |      7 MiB |     10 MiB |      3 TiB |      3 TiB |
|---------------------------------------------------------------------------|
| Requested memory      |   2257 MiB |  17269 MiB |   1567 TiB |   1567 TiB |
|       from large pool |   2249 MiB |  17261 MiB |   1563 TiB |   1563 TiB |
|       from small pool |      7 MiB |     10 MiB |      3 TiB |      3 TiB |
|---------------------------------------------------------------------------|
| GPU reserved memory   |  18264 MiB |  18264 MiB |  18264 MiB |      0 B   |
|       from large pool |  18252 MiB |  18252 MiB |  18252 MiB |      0 B   |
|       from small pool |     12 MiB |     12 MiB |     12 MiB |      0 B   |
|---------------------------------------------------------------------------|
| Non-releasable memory | 141443 KiB |   1855 MiB |    908 TiB |    908 TiB |
|       from large pool | 140732 KiB |   1853 MiB |    904 TiB |    904 TiB |
|       from small pool |    711 KiB |      3 MiB |      3 TiB |      3 TiB |
|---------------------------------------------------------------------------|
| Allocations           |     470    |     909    |   67326 K  |   67325 K  |
|       from large pool |     125    |     513    |   45169 K  |   45169 K  |
|       from small pool |     345    |     402    |   22156 K  |   22156 K  |
|---------------------------------------------------------------------------|
| Active allocs         |     470    |     909    |   67326 K  |   67325 K  |
|       from large pool |     125    |     513    |   45169 K  |   45169 K  |
|       from small pool |     345    |     402    |   22156 K  |   22156 K  |
|---------------------------------------------------------------------------|
| GPU reserved segments |     230    |     230    |     230    |       0    |
|       from large pool |     224    |     224    |     224    |       0    |
|       from small pool |       6    |       6    |       6    |       0    |
|---------------------------------------------------------------------------|
| Non-releasable allocs |      12    |      47    |   47190 K  |   47190 K  |
|       from large pool |       5    |      39    |   28919 K  |   28919 K  |
|       from small pool |       7    |      11    |   18270 K  |   18270 K  |
|---------------------------------------------------------------------------|
| Oversize allocations  |       0    |       0    |       0    |       0    |
|---------------------------------------------------------------------------|
| Oversize GPU segments |       0    |       0    |       0    |       0    |
|===========================================================================|

| epoch   3 step    14900 |   4384 batches | lr 0.0005 | ms/batch 786.39 | loss  2.53 | avg loss  2.61 | ppl 13.54
================================================================================
[Memory Breakdown] step 15000
Parameter memory      : 1355.04 MB
Gradient memory       : 0.00 MB
Optimizer state memory: 3.00 MB
GaLore projector mem  : 0.00 MB
CUDA allocated        : 2257.87 MB
CUDA reserved         : 18264.00 MB
CUDA peak allocated   : 17272.64 MB
================================================================================
|===========================================================================|
|                  PyTorch CUDA memory summary, device ID 0                 |
|---------------------------------------------------------------------------|
|            CUDA OOMs: 0            |        cudaMalloc retries: 0         |
|===========================================================================|
|        Metric         | Cur Usage  | Peak Usage | Tot Alloc  | Tot Freed  |
|---------------------------------------------------------------------------|
| Allocated memory      |   2257 MiB |  17272 MiB |   1576 TiB |   1576 TiB |
|       from large pool |   2250 MiB |  17264 MiB |   1573 TiB |   1573 TiB |
|       from small pool |      7 MiB |     10 MiB |      3 TiB |      3 TiB |
|---------------------------------------------------------------------------|
| Active memory         |   2257 MiB |  17272 MiB |   1576 TiB |   1576 TiB |
|       from large pool |   2250 MiB |  17264 MiB |   1573 TiB |   1573 TiB |
|       from small pool |      7 MiB |     10 MiB |      3 TiB |      3 TiB |
|---------------------------------------------------------------------------|
| Requested memory      |   2257 MiB |  17269 MiB |   1576 TiB |   1576 TiB |
|       from large pool |   2249 MiB |  17261 MiB |   1573 TiB |   1573 TiB |
|       from small pool |      7 MiB |     10 MiB |      3 TiB |      3 TiB |
|---------------------------------------------------------------------------|
| GPU reserved memory   |  18264 MiB |  18264 MiB |  18264 MiB |      0 B   |
|       from large pool |  18252 MiB |  18252 MiB |  18252 MiB |      0 B   |
|       from small pool |     12 MiB |     12 MiB |     12 MiB |      0 B   |
|---------------------------------------------------------------------------|
| Non-releasable memory | 141443 KiB |   1855 MiB |    913 TiB |    913 TiB |
|       from large pool | 140732 KiB |   1853 MiB |    909 TiB |    909 TiB |
|       from small pool |    711 KiB |      3 MiB |      3 TiB |      3 TiB |
|---------------------------------------------------------------------------|
| Allocations           |     470    |     909    |   67702 K  |   67702 K  |
|       from large pool |     125    |     513    |   45418 K  |   45418 K  |
|       from small pool |     345    |     402    |   22284 K  |   22284 K  |
|---------------------------------------------------------------------------|
| Active allocs         |     470    |     909    |   67702 K  |   67702 K  |
|       from large pool |     125    |     513    |   45418 K  |   45418 K  |
|       from small pool |     345    |     402    |   22284 K  |   22284 K  |
|---------------------------------------------------------------------------|
| GPU reserved segments |     230    |     230    |     230    |       0    |
|       from large pool |     224    |     224    |     224    |       0    |
|       from small pool |       6    |       6    |       6    |       0    |
|---------------------------------------------------------------------------|
| Non-releasable allocs |      11    |      47    |   47451 K  |   47451 K  |
|       from large pool |       5    |      39    |   29072 K  |   29072 K  |
|       from small pool |       6    |      11    |   18379 K  |   18379 K  |
|---------------------------------------------------------------------------|
| Oversize allocations  |       0    |       0    |       0    |       0    |
|---------------------------------------------------------------------------|
| Oversize GPU segments |       0    |       0    |       0    |       0    |
|===========================================================================|

| epoch   3 step    15000 |   4484 batches | lr 0.0005 | ms/batch 786.38 | loss  2.95 | avg loss  2.64 | ppl 14.04
saving checkpoint ./trained_models/GPT2_M/e2e/model.15000.pt
================================================================================
[Memory Breakdown] step 15100
Parameter memory      : 1355.04 MB
Gradient memory       : 0.00 MB
Optimizer state memory: 3.00 MB
GaLore projector mem  : 0.00 MB
CUDA allocated        : 2257.87 MB
CUDA reserved         : 18264.00 MB
CUDA peak allocated   : 17272.64 MB
================================================================================
|===========================================================================|
|                  PyTorch CUDA memory summary, device ID 0                 |
|---------------------------------------------------------------------------|
|            CUDA OOMs: 0            |        cudaMalloc retries: 0         |
|===========================================================================|
|        Metric         | Cur Usage  | Peak Usage | Tot Alloc  | Tot Freed  |
|---------------------------------------------------------------------------|
| Allocated memory      |   2257 MiB |  17272 MiB |   1586 TiB |   1586 TiB |
|       from large pool |   2250 MiB |  17264 MiB |   1582 TiB |   1582 TiB |
|       from small pool |      7 MiB |     10 MiB |      3 TiB |      3 TiB |
|---------------------------------------------------------------------------|
| Active memory         |   2257 MiB |  17272 MiB |   1586 TiB |   1586 TiB |
|       from large pool |   2250 MiB |  17264 MiB |   1582 TiB |   1582 TiB |
|       from small pool |      7 MiB |     10 MiB |      3 TiB |      3 TiB |
|---------------------------------------------------------------------------|
| Requested memory      |   2257 MiB |  17269 MiB |   1586 TiB |   1586 TiB |
|       from large pool |   2249 MiB |  17261 MiB |   1582 TiB |   1582 TiB |
|       from small pool |      7 MiB |     10 MiB |      3 TiB |      3 TiB |
|---------------------------------------------------------------------------|
| GPU reserved memory   |  18264 MiB |  18264 MiB |  18264 MiB |      0 B   |
|       from large pool |  18252 MiB |  18252 MiB |  18252 MiB |      0 B   |
|       from small pool |     12 MiB |     12 MiB |     12 MiB |      0 B   |
|---------------------------------------------------------------------------|
| Non-releasable memory | 141443 KiB |   1855 MiB |    919 TiB |    919 TiB |
|       from large pool | 140732 KiB |   1853 MiB |    915 TiB |    915 TiB |
|       from small pool |    711 KiB |      3 MiB |      3 TiB |      3 TiB |
|---------------------------------------------------------------------------|
| Allocations           |     470    |     909    |   68079 K  |   68078 K  |
|       from large pool |     125    |     513    |   45666 K  |   45666 K  |
|       from small pool |     345    |     402    |   22412 K  |   22412 K  |
|---------------------------------------------------------------------------|
| Active allocs         |     470    |     909    |   68079 K  |   68078 K  |
|       from large pool |     125    |     513    |   45666 K  |   45666 K  |
|       from small pool |     345    |     402    |   22412 K  |   22412 K  |
|---------------------------------------------------------------------------|
| GPU reserved segments |     230    |     230    |     230    |       0    |
|       from large pool |     224    |     224    |     224    |       0    |
|       from small pool |       6    |       6    |       6    |       0    |
|---------------------------------------------------------------------------|
| Non-releasable allocs |      13    |      47    |   47713 K  |   47713 K  |
|       from large pool |       5    |      39    |   29224 K  |   29224 K  |
|       from small pool |       8    |      11    |   18488 K  |   18488 K  |
|---------------------------------------------------------------------------|
| Oversize allocations  |       0    |       0    |       0    |       0    |
|---------------------------------------------------------------------------|
| Oversize GPU segments |       0    |       0    |       0    |       0    |
|===========================================================================|

| epoch   3 step    15100 |   4584 batches | lr 0.0005 | ms/batch 789.12 | loss  2.44 | avg loss  2.60 | ppl 13.49
================================================================================
[Memory Breakdown] step 15200
Parameter memory      : 1355.04 MB
Gradient memory       : 0.00 MB
Optimizer state memory: 3.00 MB
GaLore projector mem  : 0.00 MB
CUDA allocated        : 2257.87 MB
CUDA reserved         : 18264.00 MB
CUDA peak allocated   : 17272.64 MB
================================================================================
|===========================================================================|
|                  PyTorch CUDA memory summary, device ID 0                 |
|---------------------------------------------------------------------------|
|            CUDA OOMs: 0            |        cudaMalloc retries: 0         |
|===========================================================================|
|        Metric         | Cur Usage  | Peak Usage | Tot Alloc  | Tot Freed  |
|---------------------------------------------------------------------------|
| Allocated memory      |   2257 MiB |  17272 MiB |   1595 TiB |   1595 TiB |
|       from large pool |   2250 MiB |  17264 MiB |   1592 TiB |   1592 TiB |
|       from small pool |      7 MiB |     10 MiB |      3 TiB |      3 TiB |
|---------------------------------------------------------------------------|
| Active memory         |   2257 MiB |  17272 MiB |   1595 TiB |   1595 TiB |
|       from large pool |   2250 MiB |  17264 MiB |   1592 TiB |   1592 TiB |
|       from small pool |      7 MiB |     10 MiB |      3 TiB |      3 TiB |
|---------------------------------------------------------------------------|
| Requested memory      |   2257 MiB |  17269 MiB |   1595 TiB |   1595 TiB |
|       from large pool |   2249 MiB |  17261 MiB |   1591 TiB |   1591 TiB |
|       from small pool |      7 MiB |     10 MiB |      3 TiB |      3 TiB |
|---------------------------------------------------------------------------|
| GPU reserved memory   |  18264 MiB |  18264 MiB |  18264 MiB |      0 B   |
|       from large pool |  18252 MiB |  18252 MiB |  18252 MiB |      0 B   |
|       from small pool |     12 MiB |     12 MiB |     12 MiB |      0 B   |
|---------------------------------------------------------------------------|
| Non-releasable memory | 141443 KiB |   1855 MiB |    924 TiB |    924 TiB |
|       from large pool | 140732 KiB |   1853 MiB |    920 TiB |    920 TiB |
|       from small pool |    711 KiB |      3 MiB |      3 TiB |      3 TiB |
|---------------------------------------------------------------------------|
| Allocations           |     470    |     909    |   68455 K  |   68455 K  |
|       from large pool |     125    |     513    |   45915 K  |   45915 K  |
|       from small pool |     345    |     402    |   22540 K  |   22540 K  |
|---------------------------------------------------------------------------|
| Active allocs         |     470    |     909    |   68455 K  |   68455 K  |
|       from large pool |     125    |     513    |   45915 K  |   45915 K  |
|       from small pool |     345    |     402    |   22540 K  |   22540 K  |
|---------------------------------------------------------------------------|
| GPU reserved segments |     230    |     230    |     230    |       0    |
|       from large pool |     224    |     224    |     224    |       0    |
|       from small pool |       6    |       6    |       6    |       0    |
|---------------------------------------------------------------------------|
| Non-releasable allocs |      13    |      47    |   47975 K  |   47975 K  |
|       from large pool |       5    |      39    |   29377 K  |   29377 K  |
|       from small pool |       8    |      11    |   18598 K  |   18598 K  |
|---------------------------------------------------------------------------|
| Oversize allocations  |       0    |       0    |       0    |       0    |
|---------------------------------------------------------------------------|
| Oversize GPU segments |       0    |       0    |       0    |       0    |
|===========================================================================|

| epoch   3 step    15200 |   4684 batches | lr 0.0005 | ms/batch 786.41 | loss  2.60 | avg loss  2.59 | ppl 13.37
================================================================================
[Memory Breakdown] step 15300
Parameter memory      : 1355.04 MB
Gradient memory       : 0.00 MB
Optimizer state memory: 3.00 MB
GaLore projector mem  : 0.00 MB
CUDA allocated        : 2257.87 MB
CUDA reserved         : 18264.00 MB
CUDA peak allocated   : 17272.64 MB
================================================================================
|===========================================================================|
|                  PyTorch CUDA memory summary, device ID 0                 |
|---------------------------------------------------------------------------|
|            CUDA OOMs: 0            |        cudaMalloc retries: 0         |
|===========================================================================|
|        Metric         | Cur Usage  | Peak Usage | Tot Alloc  | Tot Freed  |
|---------------------------------------------------------------------------|
| Allocated memory      |   2257 MiB |  17272 MiB |   1605 TiB |   1605 TiB |
|       from large pool |   2250 MiB |  17264 MiB |   1601 TiB |   1601 TiB |
|       from small pool |      7 MiB |     10 MiB |      3 TiB |      3 TiB |
|---------------------------------------------------------------------------|
| Active memory         |   2257 MiB |  17272 MiB |   1605 TiB |   1605 TiB |
|       from large pool |   2250 MiB |  17264 MiB |   1601 TiB |   1601 TiB |
|       from small pool |      7 MiB |     10 MiB |      3 TiB |      3 TiB |
|---------------------------------------------------------------------------|
| Requested memory      |   2257 MiB |  17269 MiB |   1604 TiB |   1604 TiB |
|       from large pool |   2249 MiB |  17261 MiB |   1601 TiB |   1601 TiB |
|       from small pool |      7 MiB |     10 MiB |      3 TiB |      3 TiB |
|---------------------------------------------------------------------------|
| GPU reserved memory   |  18264 MiB |  18264 MiB |  18264 MiB |      0 B   |
|       from large pool |  18252 MiB |  18252 MiB |  18252 MiB |      0 B   |
|       from small pool |     12 MiB |     12 MiB |     12 MiB |      0 B   |
|---------------------------------------------------------------------------|
| Non-releasable memory | 141443 KiB |   1855 MiB |    929 TiB |    929 TiB |
|       from large pool | 140732 KiB |   1853 MiB |    926 TiB |    926 TiB |
|       from small pool |    711 KiB |      3 MiB |      3 TiB |      3 TiB |
|---------------------------------------------------------------------------|
| Allocations           |     470    |     909    |   68832 K  |   68831 K  |
|       from large pool |     125    |     513    |   46163 K  |   46163 K  |
|       from small pool |     345    |     402    |   22668 K  |   22668 K  |
|---------------------------------------------------------------------------|
| Active allocs         |     470    |     909    |   68832 K  |   68831 K  |
|       from large pool |     125    |     513    |   46163 K  |   46163 K  |
|       from small pool |     345    |     402    |   22668 K  |   22668 K  |
|---------------------------------------------------------------------------|
| GPU reserved segments |     230    |     230    |     230    |       0    |
|       from large pool |     224    |     224    |     224    |       0    |
|       from small pool |       6    |       6    |       6    |       0    |
|---------------------------------------------------------------------------|
| Non-releasable allocs |      12    |      47    |   48237 K  |   48236 K  |
|       from large pool |       5    |      39    |   29529 K  |   29529 K  |
|       from small pool |       7    |      11    |   18707 K  |   18707 K  |
|---------------------------------------------------------------------------|
| Oversize allocations  |       0    |       0    |       0    |       0    |
|---------------------------------------------------------------------------|
| Oversize GPU segments |       0    |       0    |       0    |       0    |
|===========================================================================|

| epoch   3 step    15300 |   4784 batches | lr 0.0005 | ms/batch 786.06 | loss  2.59 | avg loss  2.64 | ppl 13.98
================================================================================
[Memory Breakdown] step 15400
Parameter memory      : 1355.04 MB
Gradient memory       : 0.00 MB
Optimizer state memory: 3.00 MB
GaLore projector mem  : 0.00 MB
CUDA allocated        : 2257.87 MB
CUDA reserved         : 18264.00 MB
CUDA peak allocated   : 17272.64 MB
================================================================================
|===========================================================================|
|                  PyTorch CUDA memory summary, device ID 0                 |
|---------------------------------------------------------------------------|
|            CUDA OOMs: 0            |        cudaMalloc retries: 0         |
|===========================================================================|
|        Metric         | Cur Usage  | Peak Usage | Tot Alloc  | Tot Freed  |
|---------------------------------------------------------------------------|
| Allocated memory      |   2257 MiB |  17272 MiB |   1614 TiB |   1614 TiB |
|       from large pool |   2250 MiB |  17264 MiB |   1610 TiB |   1610 TiB |
|       from small pool |      7 MiB |     10 MiB |      3 TiB |      3 TiB |
|---------------------------------------------------------------------------|
| Active memory         |   2257 MiB |  17272 MiB |   1614 TiB |   1614 TiB |
|       from large pool |   2250 MiB |  17264 MiB |   1610 TiB |   1610 TiB |
|       from small pool |      7 MiB |     10 MiB |      3 TiB |      3 TiB |
|---------------------------------------------------------------------------|
| Requested memory      |   2257 MiB |  17269 MiB |   1614 TiB |   1614 TiB |
|       from large pool |   2249 MiB |  17261 MiB |   1610 TiB |   1610 TiB |
|       from small pool |      7 MiB |     10 MiB |      3 TiB |      3 TiB |
|---------------------------------------------------------------------------|
| GPU reserved memory   |  18264 MiB |  18264 MiB |  18264 MiB |      0 B   |
|       from large pool |  18252 MiB |  18252 MiB |  18252 MiB |      0 B   |
|       from small pool |     12 MiB |     12 MiB |     12 MiB |      0 B   |
|---------------------------------------------------------------------------|
| Non-releasable memory | 141443 KiB |   1855 MiB |    935 TiB |    935 TiB |
|       from large pool | 140732 KiB |   1853 MiB |    931 TiB |    931 TiB |
|       from small pool |    711 KiB |      3 MiB |      3 TiB |      3 TiB |
|---------------------------------------------------------------------------|
| Allocations           |     470    |     909    |   69208 K  |   69208 K  |
|       from large pool |     125    |     513    |   46412 K  |   46412 K  |
|       from small pool |     345    |     402    |   22796 K  |   22796 K  |
|---------------------------------------------------------------------------|
| Active allocs         |     470    |     909    |   69208 K  |   69208 K  |
|       from large pool |     125    |     513    |   46412 K  |   46412 K  |
|       from small pool |     345    |     402    |   22796 K  |   22796 K  |
|---------------------------------------------------------------------------|
| GPU reserved segments |     230    |     230    |     230    |       0    |
|       from large pool |     224    |     224    |     224    |       0    |
|       from small pool |       6    |       6    |       6    |       0    |
|---------------------------------------------------------------------------|
| Non-releasable allocs |      13    |      47    |   48498 K  |   48498 K  |
|       from large pool |       5    |      39    |   29682 K  |   29682 K  |
|       from small pool |       8    |      11    |   18816 K  |   18816 K  |
|---------------------------------------------------------------------------|
| Oversize allocations  |       0    |       0    |       0    |       0    |
|---------------------------------------------------------------------------|
| Oversize GPU segments |       0    |       0    |       0    |       0    |
|===========================================================================|

| epoch   3 step    15400 |   4884 batches | lr 0.0005 | ms/batch 785.91 | loss  2.47 | avg loss  2.61 | ppl 13.65
================================================================================
[Memory Breakdown] step 15500
Parameter memory      : 1355.04 MB
Gradient memory       : 0.00 MB
Optimizer state memory: 3.00 MB
GaLore projector mem  : 0.00 MB
CUDA allocated        : 2257.87 MB
CUDA reserved         : 18264.00 MB
CUDA peak allocated   : 17272.64 MB
================================================================================
|===========================================================================|
|                  PyTorch CUDA memory summary, device ID 0                 |
|---------------------------------------------------------------------------|
|            CUDA OOMs: 0            |        cudaMalloc retries: 0         |
|===========================================================================|
|        Metric         | Cur Usage  | Peak Usage | Tot Alloc  | Tot Freed  |
|---------------------------------------------------------------------------|
| Allocated memory      |   2257 MiB |  17272 MiB |   1623 TiB |   1623 TiB |
|       from large pool |   2250 MiB |  17264 MiB |   1620 TiB |   1620 TiB |
|       from small pool |      7 MiB |     10 MiB |      3 TiB |      3 TiB |
|---------------------------------------------------------------------------|
| Active memory         |   2257 MiB |  17272 MiB |   1623 TiB |   1623 TiB |
|       from large pool |   2250 MiB |  17264 MiB |   1620 TiB |   1620 TiB |
|       from small pool |      7 MiB |     10 MiB |      3 TiB |      3 TiB |
|---------------------------------------------------------------------------|
| Requested memory      |   2257 MiB |  17269 MiB |   1623 TiB |   1623 TiB |
|       from large pool |   2249 MiB |  17261 MiB |   1619 TiB |   1619 TiB |
|       from small pool |      7 MiB |     10 MiB |      3 TiB |      3 TiB |
|---------------------------------------------------------------------------|
| GPU reserved memory   |  18264 MiB |  18264 MiB |  18264 MiB |      0 B   |
|       from large pool |  18252 MiB |  18252 MiB |  18252 MiB |      0 B   |
|       from small pool |     12 MiB |     12 MiB |     12 MiB |      0 B   |
|---------------------------------------------------------------------------|
| Non-releasable memory | 141443 KiB |   1855 MiB |    940 TiB |    940 TiB |
|       from large pool | 140732 KiB |   1853 MiB |    937 TiB |    937 TiB |
|       from small pool |    711 KiB |      3 MiB |      3 TiB |      3 TiB |
|---------------------------------------------------------------------------|
| Allocations           |     470    |     909    |   69585 K  |   69584 K  |
|       from large pool |     125    |     513    |   46660 K  |   46660 K  |
|       from small pool |     345    |     402    |   22924 K  |   22924 K  |
|---------------------------------------------------------------------------|
| Active allocs         |     470    |     909    |   69585 K  |   69584 K  |
|       from large pool |     125    |     513    |   46660 K  |   46660 K  |
|       from small pool |     345    |     402    |   22924 K  |   22924 K  |
|---------------------------------------------------------------------------|
| GPU reserved segments |     230    |     230    |     230    |       0    |
|       from large pool |     224    |     224    |     224    |       0    |
|       from small pool |       6    |       6    |       6    |       0    |
|---------------------------------------------------------------------------|
| Non-releasable allocs |      13    |      47    |   48760 K  |   48760 K  |
|       from large pool |       5    |      39    |   29834 K  |   29834 K  |
|       from small pool |       8    |      11    |   18925 K  |   18925 K  |
|---------------------------------------------------------------------------|
| Oversize allocations  |       0    |       0    |       0    |       0    |
|---------------------------------------------------------------------------|
| Oversize GPU segments |       0    |       0    |       0    |       0    |
|===========================================================================|

| epoch   3 step    15500 |   4984 batches | lr 0.0005 | ms/batch 786.09 | loss  2.54 | avg loss  2.62 | ppl 13.70
================================================================================
[Memory Breakdown] step 15600
Parameter memory      : 1355.04 MB
Gradient memory       : 0.00 MB
Optimizer state memory: 3.00 MB
GaLore projector mem  : 0.00 MB
CUDA allocated        : 2257.87 MB
CUDA reserved         : 18264.00 MB
CUDA peak allocated   : 17272.64 MB
================================================================================
|===========================================================================|
|                  PyTorch CUDA memory summary, device ID 0                 |
|---------------------------------------------------------------------------|
|            CUDA OOMs: 0            |        cudaMalloc retries: 0         |
|===========================================================================|
|        Metric         | Cur Usage  | Peak Usage | Tot Alloc  | Tot Freed  |
|---------------------------------------------------------------------------|
| Allocated memory      |   2257 MiB |  17272 MiB |   1633 TiB |   1633 TiB |
|       from large pool |   2250 MiB |  17264 MiB |   1629 TiB |   1629 TiB |
|       from small pool |      7 MiB |     10 MiB |      3 TiB |      3 TiB |
|---------------------------------------------------------------------------|
| Active memory         |   2257 MiB |  17272 MiB |   1633 TiB |   1633 TiB |
|       from large pool |   2250 MiB |  17264 MiB |   1629 TiB |   1629 TiB |
|       from small pool |      7 MiB |     10 MiB |      3 TiB |      3 TiB |
|---------------------------------------------------------------------------|
| Requested memory      |   2257 MiB |  17269 MiB |   1633 TiB |   1633 TiB |
|       from large pool |   2249 MiB |  17261 MiB |   1629 TiB |   1629 TiB |
|       from small pool |      7 MiB |     10 MiB |      3 TiB |      3 TiB |
|---------------------------------------------------------------------------|
| GPU reserved memory   |  18264 MiB |  18264 MiB |  18264 MiB |      0 B   |
|       from large pool |  18252 MiB |  18252 MiB |  18252 MiB |      0 B   |
|       from small pool |     12 MiB |     12 MiB |     12 MiB |      0 B   |
|---------------------------------------------------------------------------|
| Non-releasable memory | 141443 KiB |   1855 MiB |    946 TiB |    946 TiB |
|       from large pool | 140732 KiB |   1853 MiB |    942 TiB |    942 TiB |
|       from small pool |    711 KiB |      3 MiB |      3 TiB |      3 TiB |
|---------------------------------------------------------------------------|
| Allocations           |     470    |     909    |   69961 K  |   69961 K  |
|       from large pool |     125    |     513    |   46909 K  |   46909 K  |
|       from small pool |     345    |     402    |   23052 K  |   23052 K  |
|---------------------------------------------------------------------------|
| Active allocs         |     470    |     909    |   69961 K  |   69961 K  |
|       from large pool |     125    |     513    |   46909 K  |   46909 K  |
|       from small pool |     345    |     402    |   23052 K  |   23052 K  |
|---------------------------------------------------------------------------|
| GPU reserved segments |     230    |     230    |     230    |       0    |
|       from large pool |     224    |     224    |     224    |       0    |
|       from small pool |       6    |       6    |       6    |       0    |
|---------------------------------------------------------------------------|
| Non-releasable allocs |      12    |      47    |   49022 K  |   49022 K  |
|       from large pool |       5    |      39    |   29987 K  |   29987 K  |
|       from small pool |       7    |      11    |   19034 K  |   19034 K  |
|---------------------------------------------------------------------------|
| Oversize allocations  |       0    |       0    |       0    |       0    |
|---------------------------------------------------------------------------|
| Oversize GPU segments |       0    |       0    |       0    |       0    |
|===========================================================================|

| epoch   3 step    15600 |   5084 batches | lr 0.0005 | ms/batch 785.94 | loss  2.67 | avg loss  2.60 | ppl 13.49
================================================================================
[Memory Breakdown] step 15700
Parameter memory      : 1355.04 MB
Gradient memory       : 0.00 MB
Optimizer state memory: 3.00 MB
GaLore projector mem  : 0.00 MB
CUDA allocated        : 2257.87 MB
CUDA reserved         : 18264.00 MB
CUDA peak allocated   : 17272.64 MB
================================================================================
|===========================================================================|
|                  PyTorch CUDA memory summary, device ID 0                 |
|---------------------------------------------------------------------------|
|            CUDA OOMs: 0            |        cudaMalloc retries: 0         |
|===========================================================================|
|        Metric         | Cur Usage  | Peak Usage | Tot Alloc  | Tot Freed  |
|---------------------------------------------------------------------------|
| Allocated memory      |   2257 MiB |  17272 MiB |   1642 TiB |   1642 TiB |
|       from large pool |   2250 MiB |  17264 MiB |   1638 TiB |   1638 TiB |
|       from small pool |      7 MiB |     10 MiB |      3 TiB |      3 TiB |
|---------------------------------------------------------------------------|
| Active memory         |   2257 MiB |  17272 MiB |   1642 TiB |   1642 TiB |
|       from large pool |   2250 MiB |  17264 MiB |   1638 TiB |   1638 TiB |
|       from small pool |      7 MiB |     10 MiB |      3 TiB |      3 TiB |
|---------------------------------------------------------------------------|
| Requested memory      |   2257 MiB |  17269 MiB |   1642 TiB |   1642 TiB |
|       from large pool |   2249 MiB |  17261 MiB |   1638 TiB |   1638 TiB |
|       from small pool |      7 MiB |     10 MiB |      3 TiB |      3 TiB |
|---------------------------------------------------------------------------|
| GPU reserved memory   |  18264 MiB |  18264 MiB |  18264 MiB |      0 B   |
|       from large pool |  18252 MiB |  18252 MiB |  18252 MiB |      0 B   |
|       from small pool |     12 MiB |     12 MiB |     12 MiB |      0 B   |
|---------------------------------------------------------------------------|
| Non-releasable memory | 141443 KiB |   1855 MiB |    951 TiB |    951 TiB |
|       from large pool | 140732 KiB |   1853 MiB |    948 TiB |    948 TiB |
|       from small pool |    711 KiB |      3 MiB |      3 TiB |      3 TiB |
|---------------------------------------------------------------------------|
| Allocations           |     470    |     909    |   70338 K  |   70337 K  |
|       from large pool |     125    |     513    |   47157 K  |   47157 K  |
|       from small pool |     345    |     402    |   23180 K  |   23180 K  |
|---------------------------------------------------------------------------|
| Active allocs         |     470    |     909    |   70338 K  |   70337 K  |
|       from large pool |     125    |     513    |   47157 K  |   47157 K  |
|       from small pool |     345    |     402    |   23180 K  |   23180 K  |
|---------------------------------------------------------------------------|
| GPU reserved segments |     230    |     230    |     230    |       0    |
|       from large pool |     224    |     224    |     224    |       0    |
|       from small pool |       6    |       6    |       6    |       0    |
|---------------------------------------------------------------------------|
| Non-releasable allocs |      13    |      47    |   49283 K  |   49283 K  |
|       from large pool |       5    |      39    |   30139 K  |   30139 K  |
|       from small pool |       8    |      11    |   19144 K  |   19144 K  |
|---------------------------------------------------------------------------|
| Oversize allocations  |       0    |       0    |       0    |       0    |
|---------------------------------------------------------------------------|
| Oversize GPU segments |       0    |       0    |       0    |       0    |
|===========================================================================|

| epoch   3 step    15700 |   5184 batches | lr 0.0005 | ms/batch 786.11 | loss  2.63 | avg loss  2.58 | ppl 13.18
saving checkpoint ./trained_models/GPT2_M/e2e/model.15774.pt
start to train the model................ 4
================================================================================
[Memory Breakdown] step 15800
Parameter memory      : 1355.04 MB
Gradient memory       : 0.00 MB
Optimizer state memory: 3.00 MB
GaLore projector mem  : 0.00 MB
CUDA allocated        : 2257.87 MB
CUDA reserved         : 18264.00 MB
CUDA peak allocated   : 17272.64 MB
================================================================================
|===========================================================================|
|                  PyTorch CUDA memory summary, device ID 0                 |
|---------------------------------------------------------------------------|
|            CUDA OOMs: 0            |        cudaMalloc retries: 0         |
|===========================================================================|
|        Metric         | Cur Usage  | Peak Usage | Tot Alloc  | Tot Freed  |
|---------------------------------------------------------------------------|
| Allocated memory      |   2257 MiB |  17272 MiB |   1651 TiB |   1651 TiB |
|       from large pool |   2250 MiB |  17264 MiB |   1648 TiB |   1648 TiB |
|       from small pool |      7 MiB |     10 MiB |      3 TiB |      3 TiB |
|---------------------------------------------------------------------------|
| Active memory         |   2257 MiB |  17272 MiB |   1651 TiB |   1651 TiB |
|       from large pool |   2250 MiB |  17264 MiB |   1648 TiB |   1648 TiB |
|       from small pool |      7 MiB |     10 MiB |      3 TiB |      3 TiB |
|---------------------------------------------------------------------------|
| Requested memory      |   2257 MiB |  17269 MiB |   1651 TiB |   1651 TiB |
|       from large pool |   2249 MiB |  17261 MiB |   1648 TiB |   1648 TiB |
|       from small pool |      7 MiB |     10 MiB |      3 TiB |      3 TiB |
|---------------------------------------------------------------------------|
| GPU reserved memory   |  18264 MiB |  18264 MiB |  18264 MiB |      0 B   |
|       from large pool |  18252 MiB |  18252 MiB |  18252 MiB |      0 B   |
|       from small pool |     12 MiB |     12 MiB |     12 MiB |      0 B   |
|---------------------------------------------------------------------------|
| Non-releasable memory | 141443 KiB |   1855 MiB |    957 TiB |    957 TiB |
|       from large pool | 140732 KiB |   1853 MiB |    953 TiB |    953 TiB |
|       from small pool |    711 KiB |      3 MiB |      3 TiB |      3 TiB |
|---------------------------------------------------------------------------|
| Allocations           |     470    |     909    |   70714 K  |   70714 K  |
|       from large pool |     125    |     513    |   47406 K  |   47406 K  |
|       from small pool |     345    |     402    |   23308 K  |   23308 K  |
|---------------------------------------------------------------------------|
| Active allocs         |     470    |     909    |   70714 K  |   70714 K  |
|       from large pool |     125    |     513    |   47406 K  |   47406 K  |
|       from small pool |     345    |     402    |   23308 K  |   23308 K  |
|---------------------------------------------------------------------------|
| GPU reserved segments |     230    |     230    |     230    |       0    |
|       from large pool |     224    |     224    |     224    |       0    |
|       from small pool |       6    |       6    |       6    |       0    |
|---------------------------------------------------------------------------|
| Non-releasable allocs |      11    |      47    |   49545 K  |   49545 K  |
|       from large pool |       5    |      39    |   30292 K  |   30292 K  |
|       from small pool |       6    |      11    |   19253 K  |   19253 K  |
|---------------------------------------------------------------------------|
| Oversize allocations  |       0    |       0    |       0    |       0    |
|---------------------------------------------------------------------------|
| Oversize GPU segments |       0    |       0    |       0    |       0    |
|===========================================================================|

| epoch   4 step    15800 |     26 batches | lr 0.0005 | ms/batch 203.98 | loss  2.43 | avg loss  2.58 | ppl 13.18
================================================================================
[Memory Breakdown] step 15900
Parameter memory      : 1355.04 MB
Gradient memory       : 0.00 MB
Optimizer state memory: 3.00 MB
GaLore projector mem  : 0.00 MB
CUDA allocated        : 2257.87 MB
CUDA reserved         : 18264.00 MB
CUDA peak allocated   : 17272.64 MB
================================================================================
|===========================================================================|
|                  PyTorch CUDA memory summary, device ID 0                 |
|---------------------------------------------------------------------------|
|            CUDA OOMs: 0            |        cudaMalloc retries: 0         |
|===========================================================================|
|        Metric         | Cur Usage  | Peak Usage | Tot Alloc  | Tot Freed  |
|---------------------------------------------------------------------------|
| Allocated memory      |   2257 MiB |  17272 MiB |   1661 TiB |   1661 TiB |
|       from large pool |   2250 MiB |  17264 MiB |   1657 TiB |   1657 TiB |
|       from small pool |      7 MiB |     10 MiB |      3 TiB |      3 TiB |
|---------------------------------------------------------------------------|
| Active memory         |   2257 MiB |  17272 MiB |   1661 TiB |   1661 TiB |
|       from large pool |   2250 MiB |  17264 MiB |   1657 TiB |   1657 TiB |
|       from small pool |      7 MiB |     10 MiB |      3 TiB |      3 TiB |
|---------------------------------------------------------------------------|
| Requested memory      |   2257 MiB |  17269 MiB |   1661 TiB |   1661 TiB |
|       from large pool |   2249 MiB |  17261 MiB |   1657 TiB |   1657 TiB |
|       from small pool |      7 MiB |     10 MiB |      3 TiB |      3 TiB |
|---------------------------------------------------------------------------|
| GPU reserved memory   |  18264 MiB |  18264 MiB |  18264 MiB |      0 B   |
|       from large pool |  18252 MiB |  18252 MiB |  18252 MiB |      0 B   |
|       from small pool |     12 MiB |     12 MiB |     12 MiB |      0 B   |
|---------------------------------------------------------------------------|
| Non-releasable memory | 141443 KiB |   1855 MiB |    962 TiB |    962 TiB |
|       from large pool | 140732 KiB |   1853 MiB |    959 TiB |    959 TiB |
|       from small pool |    711 KiB |      3 MiB |      3 TiB |      3 TiB |
|---------------------------------------------------------------------------|
| Allocations           |     470    |     909    |   71091 K  |   71090 K  |
|       from large pool |     125    |     513    |   47654 K  |   47654 K  |
|       from small pool |     345    |     402    |   23436 K  |   23436 K  |
|---------------------------------------------------------------------------|
| Active allocs         |     470    |     909    |   71091 K  |   71090 K  |
|       from large pool |     125    |     513    |   47654 K  |   47654 K  |
|       from small pool |     345    |     402    |   23436 K  |   23436 K  |
|---------------------------------------------------------------------------|
| GPU reserved segments |     230    |     230    |     230    |       0    |
|       from large pool |     224    |     224    |     224    |       0    |
|       from small pool |       6    |       6    |       6    |       0    |
|---------------------------------------------------------------------------|
| Non-releasable allocs |      12    |      47    |   49807 K  |   49807 K  |
|       from large pool |       5    |      39    |   30444 K  |   30444 K  |
|       from small pool |       7    |      11    |   19362 K  |   19362 K  |
|---------------------------------------------------------------------------|
| Oversize allocations  |       0    |       0    |       0    |       0    |
|---------------------------------------------------------------------------|
| Oversize GPU segments |       0    |       0    |       0    |       0    |
|===========================================================================|

| epoch   4 step    15900 |    126 batches | lr 0.0005 | ms/batch 785.17 | loss  2.46 | avg loss  2.59 | ppl 13.34
================================================================================
[Memory Breakdown] step 16000
Parameter memory      : 1355.04 MB
Gradient memory       : 0.00 MB
Optimizer state memory: 3.00 MB
GaLore projector mem  : 0.00 MB
CUDA allocated        : 2257.87 MB
CUDA reserved         : 18264.00 MB
CUDA peak allocated   : 17272.64 MB
================================================================================
|===========================================================================|
|                  PyTorch CUDA memory summary, device ID 0                 |
|---------------------------------------------------------------------------|
|            CUDA OOMs: 0            |        cudaMalloc retries: 0         |
|===========================================================================|
|        Metric         | Cur Usage  | Peak Usage | Tot Alloc  | Tot Freed  |
|---------------------------------------------------------------------------|
| Allocated memory      |   2257 MiB |  17272 MiB |   1670 TiB |   1670 TiB |
|       from large pool |   2250 MiB |  17264 MiB |   1666 TiB |   1666 TiB |
|       from small pool |      7 MiB |     10 MiB |      3 TiB |      3 TiB |
|---------------------------------------------------------------------------|
| Active memory         |   2257 MiB |  17272 MiB |   1670 TiB |   1670 TiB |
|       from large pool |   2250 MiB |  17264 MiB |   1666 TiB |   1666 TiB |
|       from small pool |      7 MiB |     10 MiB |      3 TiB |      3 TiB |
|---------------------------------------------------------------------------|
| Requested memory      |   2257 MiB |  17269 MiB |   1670 TiB |   1670 TiB |
|       from large pool |   2249 MiB |  17261 MiB |   1666 TiB |   1666 TiB |
|       from small pool |      7 MiB |     10 MiB |      3 TiB |      3 TiB |
|---------------------------------------------------------------------------|
| GPU reserved memory   |  18264 MiB |  18264 MiB |  18264 MiB |      0 B   |
|       from large pool |  18252 MiB |  18252 MiB |  18252 MiB |      0 B   |
|       from small pool |     12 MiB |     12 MiB |     12 MiB |      0 B   |
|---------------------------------------------------------------------------|
| Non-releasable memory | 141443 KiB |   1855 MiB |    968 TiB |    968 TiB |
|       from large pool | 140732 KiB |   1853 MiB |    964 TiB |    964 TiB |
|       from small pool |    711 KiB |      3 MiB |      3 TiB |      3 TiB |
|---------------------------------------------------------------------------|
| Allocations           |     470    |     909    |   71467 K  |   71467 K  |
|       from large pool |     125    |     513    |   47903 K  |   47903 K  |
|       from small pool |     345    |     402    |   23564 K  |   23564 K  |
|---------------------------------------------------------------------------|
| Active allocs         |     470    |     909    |   71467 K  |   71467 K  |
|       from large pool |     125    |     513    |   47903 K  |   47903 K  |
|       from small pool |     345    |     402    |   23564 K  |   23564 K  |
|---------------------------------------------------------------------------|
| GPU reserved segments |     230    |     230    |     230    |       0    |
|       from large pool |     224    |     224    |     224    |       0    |
|       from small pool |       6    |       6    |       6    |       0    |
|---------------------------------------------------------------------------|
| Non-releasable allocs |      12    |      47    |   50068 K  |   50068 K  |
|       from large pool |       5    |      39    |   30597 K  |   30597 K  |
|       from small pool |       7    |      11    |   19471 K  |   19471 K  |
|---------------------------------------------------------------------------|
| Oversize allocations  |       0    |       0    |       0    |       0    |
|---------------------------------------------------------------------------|
| Oversize GPU segments |       0    |       0    |       0    |       0    |
|===========================================================================|

| epoch   4 step    16000 |    226 batches | lr 0.0005 | ms/batch 785.19 | loss  2.60 | avg loss  2.62 | ppl 13.77
saving checkpoint ./trained_models/GPT2_M/e2e/model.16000.pt
eval samples: 0 loss: tensor(1.2234, device='cuda:0')
eval samples: 100 loss: tensor(0.8558, device='cuda:0')
eval samples: 200 loss: tensor(1.4267, device='cuda:0')
eval samples: 300 loss: tensor(1.1884, device='cuda:0')
eval samples: 400 loss: tensor(0.9382, device='cuda:0')
eval samples: 500 loss: tensor(0.5262, device='cuda:0')
eval samples: 600 loss: tensor(1.2300, device='cuda:0')
eval samples: 700 loss: tensor(0.7310, device='cuda:0')
eval samples: 800 loss: tensor(1.2198, device='cuda:0')
eval samples: 900 loss: tensor(1.8210, device='cuda:0')
eval samples: 1000 loss: tensor(0.9726, device='cuda:0')
eval samples: 1100 loss: tensor(1.5911, device='cuda:0')
average loss 1.2455838395359173
----------------------------------------------------------------------------------------------------
| Eval   8 at step    16000 | time: 199.93s | valid loss  1.25 | valid ppl  3.47 | best ppl  3.47 
----------------------------------------------------------------------------------------------------
================================================================================
[Memory Breakdown] step 16100
Parameter memory      : 1355.04 MB
Gradient memory       : 0.00 MB
Optimizer state memory: 3.00 MB
GaLore projector mem  : 0.00 MB
CUDA allocated        : 2257.87 MB
CUDA reserved         : 18264.00 MB
CUDA peak allocated   : 17272.64 MB
================================================================================
|===========================================================================|
|                  PyTorch CUDA memory summary, device ID 0                 |
|---------------------------------------------------------------------------|
|            CUDA OOMs: 0            |        cudaMalloc retries: 0         |
|===========================================================================|
|        Metric         | Cur Usage  | Peak Usage | Tot Alloc  | Tot Freed  |
|---------------------------------------------------------------------------|
| Allocated memory      |   2257 MiB |  17272 MiB |   1704 TiB |   1704 TiB |
|       from large pool |   2250 MiB |  17264 MiB |   1700 TiB |   1700 TiB |
|       from small pool |      7 MiB |     10 MiB |      3 TiB |      3 TiB |
|---------------------------------------------------------------------------|
| Active memory         |   2257 MiB |  17272 MiB |   1704 TiB |   1704 TiB |
|       from large pool |   2250 MiB |  17264 MiB |   1700 TiB |   1700 TiB |
|       from small pool |      7 MiB |     10 MiB |      3 TiB |      3 TiB |
|---------------------------------------------------------------------------|
| Requested memory      |   2257 MiB |  17269 MiB |   1704 TiB |   1704 TiB |
|       from large pool |   2249 MiB |  17261 MiB |   1700 TiB |   1700 TiB |
|       from small pool |      7 MiB |     10 MiB |      3 TiB |      3 TiB |
|---------------------------------------------------------------------------|
| GPU reserved memory   |  18264 MiB |  18264 MiB |  18264 MiB |      0 B   |
|       from large pool |  18252 MiB |  18252 MiB |  18252 MiB |      0 B   |
|       from small pool |     12 MiB |     12 MiB |     12 MiB |      0 B   |
|---------------------------------------------------------------------------|
| Non-releasable memory | 141443 KiB |   1855 MiB |    986 TiB |    986 TiB |
|       from large pool | 140732 KiB |   1853 MiB |    982 TiB |    982 TiB |
|       from small pool |    711 KiB |      3 MiB |      3 TiB |      3 TiB |
|---------------------------------------------------------------------------|
| Allocations           |     470    |     909    |   73448 K  |   73447 K  |
|       from large pool |     125    |     513    |   49315 K  |   49315 K  |
|       from small pool |     345    |     402    |   24133 K  |   24132 K  |
|---------------------------------------------------------------------------|
| Active allocs         |     470    |     909    |   73448 K  |   73447 K  |
|       from large pool |     125    |     513    |   49315 K  |   49315 K  |
|       from small pool |     345    |     402    |   24133 K  |   24132 K  |
|---------------------------------------------------------------------------|
| GPU reserved segments |     230    |     230    |     230    |       0    |
|       from large pool |     224    |     224    |     224    |       0    |
|       from small pool |       6    |       6    |       6    |       0    |
|---------------------------------------------------------------------------|
| Non-releasable allocs |      11    |      47    |   51513 K  |   51513 K  |
|       from large pool |       5    |      39    |   31635 K  |   31635 K  |
|       from small pool |       6    |      11    |   19877 K  |   19877 K  |
|---------------------------------------------------------------------------|
| Oversize allocations  |       0    |       0    |       0    |       0    |
|---------------------------------------------------------------------------|
| Oversize GPU segments |       0    |       0    |       0    |       0    |
|===========================================================================|

| epoch   4 step    16100 |    326 batches | lr 0.0005 | ms/batch 2787.97 | loss  2.82 | avg loss  2.58 | ppl 13.26
================================================================================
[Memory Breakdown] step 16200
Parameter memory      : 1355.04 MB
Gradient memory       : 0.00 MB
Optimizer state memory: 3.00 MB
GaLore projector mem  : 0.00 MB
CUDA allocated        : 2257.87 MB
CUDA reserved         : 18264.00 MB
CUDA peak allocated   : 17272.64 MB
================================================================================
|===========================================================================|
|                  PyTorch CUDA memory summary, device ID 0                 |
|---------------------------------------------------------------------------|
|            CUDA OOMs: 0            |        cudaMalloc retries: 0         |
|===========================================================================|
|        Metric         | Cur Usage  | Peak Usage | Tot Alloc  | Tot Freed  |
|---------------------------------------------------------------------------|
| Allocated memory      |   2257 MiB |  17272 MiB |   1713 TiB |   1713 TiB |
|       from large pool |   2250 MiB |  17264 MiB |   1710 TiB |   1710 TiB |
|       from small pool |      7 MiB |     10 MiB |      3 TiB |      3 TiB |
|---------------------------------------------------------------------------|
| Active memory         |   2257 MiB |  17272 MiB |   1713 TiB |   1713 TiB |
|       from large pool |   2250 MiB |  17264 MiB |   1710 TiB |   1710 TiB |
|       from small pool |      7 MiB |     10 MiB |      3 TiB |      3 TiB |
|---------------------------------------------------------------------------|
| Requested memory      |   2257 MiB |  17269 MiB |   1713 TiB |   1713 TiB |
|       from large pool |   2249 MiB |  17261 MiB |   1709 TiB |   1709 TiB |
|       from small pool |      7 MiB |     10 MiB |      3 TiB |      3 TiB |
|---------------------------------------------------------------------------|
| GPU reserved memory   |  18264 MiB |  18264 MiB |  18264 MiB |      0 B   |
|       from large pool |  18252 MiB |  18252 MiB |  18252 MiB |      0 B   |
|       from small pool |     12 MiB |     12 MiB |     12 MiB |      0 B   |
|---------------------------------------------------------------------------|
| Non-releasable memory | 141443 KiB |   1855 MiB |    992 TiB |    992 TiB |
|       from large pool | 140732 KiB |   1853 MiB |    988 TiB |    988 TiB |
|       from small pool |    711 KiB |      3 MiB |      3 TiB |      3 TiB |
|---------------------------------------------------------------------------|
| Allocations           |     470    |     909    |   73824 K  |   73824 K  |
|       from large pool |     125    |     513    |   49563 K  |   49563 K  |
|       from small pool |     345    |     402    |   24261 K  |   24260 K  |
|---------------------------------------------------------------------------|
| Active allocs         |     470    |     909    |   73824 K  |   73824 K  |
|       from large pool |     125    |     513    |   49563 K  |   49563 K  |
|       from small pool |     345    |     402    |   24261 K  |   24260 K  |
|---------------------------------------------------------------------------|
| GPU reserved segments |     230    |     230    |     230    |       0    |
|       from large pool |     224    |     224    |     224    |       0    |
|       from small pool |       6    |       6    |       6    |       0    |
|---------------------------------------------------------------------------|
| Non-releasable allocs |      12    |      47    |   51774 K  |   51774 K  |
|       from large pool |       5    |      39    |   31787 K  |   31787 K  |
|       from small pool |       7    |      11    |   19987 K  |   19987 K  |
|---------------------------------------------------------------------------|
| Oversize allocations  |       0    |       0    |       0    |       0    |
|---------------------------------------------------------------------------|
| Oversize GPU segments |       0    |       0    |       0    |       0    |
|===========================================================================|

| epoch   4 step    16200 |    426 batches | lr 0.0005 | ms/batch 786.09 | loss  2.56 | avg loss  2.60 | ppl 13.43
================================================================================
[Memory Breakdown] step 16300
Parameter memory      : 1355.04 MB
Gradient memory       : 0.00 MB
Optimizer state memory: 3.00 MB
GaLore projector mem  : 0.00 MB
CUDA allocated        : 2257.87 MB
CUDA reserved         : 18264.00 MB
CUDA peak allocated   : 17272.64 MB
================================================================================
|===========================================================================|
|                  PyTorch CUDA memory summary, device ID 0                 |
|---------------------------------------------------------------------------|
|            CUDA OOMs: 0            |        cudaMalloc retries: 0         |
|===========================================================================|
|        Metric         | Cur Usage  | Peak Usage | Tot Alloc  | Tot Freed  |
|---------------------------------------------------------------------------|
| Allocated memory      |   2257 MiB |  17272 MiB |   1723 TiB |   1723 TiB |
|       from large pool |   2250 MiB |  17264 MiB |   1719 TiB |   1719 TiB |
|       from small pool |      7 MiB |     10 MiB |      3 TiB |      3 TiB |
|---------------------------------------------------------------------------|
| Active memory         |   2257 MiB |  17272 MiB |   1723 TiB |   1723 TiB |
|       from large pool |   2250 MiB |  17264 MiB |   1719 TiB |   1719 TiB |
|       from small pool |      7 MiB |     10 MiB |      3 TiB |      3 TiB |
|---------------------------------------------------------------------------|
| Requested memory      |   2257 MiB |  17269 MiB |   1723 TiB |   1723 TiB |
|       from large pool |   2249 MiB |  17261 MiB |   1719 TiB |   1719 TiB |
|       from small pool |      7 MiB |     10 MiB |      3 TiB |      3 TiB |
|---------------------------------------------------------------------------|
| GPU reserved memory   |  18264 MiB |  18264 MiB |  18264 MiB |      0 B   |
|       from large pool |  18252 MiB |  18252 MiB |  18252 MiB |      0 B   |
|       from small pool |     12 MiB |     12 MiB |     12 MiB |      0 B   |
|---------------------------------------------------------------------------|
| Non-releasable memory | 141443 KiB |   1855 MiB |    997 TiB |    997 TiB |
|       from large pool | 140732 KiB |   1853 MiB |    993 TiB |    993 TiB |
|       from small pool |    711 KiB |      3 MiB |      3 TiB |      3 TiB |
|---------------------------------------------------------------------------|
| Allocations           |     470    |     909    |   74201 K  |   74200 K  |
|       from large pool |     125    |     513    |   49812 K  |   49812 K  |
|       from small pool |     345    |     402    |   24389 K  |   24388 K  |
|---------------------------------------------------------------------------|
| Active allocs         |     470    |     909    |   74201 K  |   74200 K  |
|       from large pool |     125    |     513    |   49812 K  |   49812 K  |
|       from small pool |     345    |     402    |   24389 K  |   24388 K  |
|---------------------------------------------------------------------------|
| GPU reserved segments |     230    |     230    |     230    |       0    |
|       from large pool |     224    |     224    |     224    |       0    |
|       from small pool |       6    |       6    |       6    |       0    |
|---------------------------------------------------------------------------|
| Non-releasable allocs |      12    |      47    |   52036 K  |   52036 K  |
|       from large pool |       5    |      39    |   31940 K  |   31940 K  |
|       from small pool |       7    |      11    |   20096 K  |   20096 K  |
|---------------------------------------------------------------------------|
| Oversize allocations  |       0    |       0    |       0    |       0    |
|---------------------------------------------------------------------------|
| Oversize GPU segments |       0    |       0    |       0    |       0    |
|===========================================================================|

| epoch   4 step    16300 |    526 batches | lr 0.0005 | ms/batch 786.55 | loss  2.95 | avg loss  2.58 | ppl 13.22
================================================================================
[Memory Breakdown] step 16400
Parameter memory      : 1355.04 MB
Gradient memory       : 0.00 MB
Optimizer state memory: 3.00 MB
GaLore projector mem  : 0.00 MB
CUDA allocated        : 2257.87 MB
CUDA reserved         : 18264.00 MB
CUDA peak allocated   : 17272.64 MB
================================================================================
|===========================================================================|
|                  PyTorch CUDA memory summary, device ID 0                 |
|---------------------------------------------------------------------------|
|            CUDA OOMs: 0            |        cudaMalloc retries: 0         |
|===========================================================================|
|        Metric         | Cur Usage  | Peak Usage | Tot Alloc  | Tot Freed  |
|---------------------------------------------------------------------------|
| Allocated memory      |   2257 MiB |  17272 MiB |   1732 TiB |   1732 TiB |
|       from large pool |   2250 MiB |  17264 MiB |   1728 TiB |   1728 TiB |
|       from small pool |      7 MiB |     10 MiB |      3 TiB |      3 TiB |
|---------------------------------------------------------------------------|
| Active memory         |   2257 MiB |  17272 MiB |   1732 TiB |   1732 TiB |
|       from large pool |   2250 MiB |  17264 MiB |   1728 TiB |   1728 TiB |
|       from small pool |      7 MiB |     10 MiB |      3 TiB |      3 TiB |
|---------------------------------------------------------------------------|
| Requested memory      |   2257 MiB |  17269 MiB |   1732 TiB |   1732 TiB |
|       from large pool |   2249 MiB |  17261 MiB |   1728 TiB |   1728 TiB |
|       from small pool |      7 MiB |     10 MiB |      3 TiB |      3 TiB |
|---------------------------------------------------------------------------|
| GPU reserved memory   |  18264 MiB |  18264 MiB |  18264 MiB |      0 B   |
|       from large pool |  18252 MiB |  18252 MiB |  18252 MiB |      0 B   |
|       from small pool |     12 MiB |     12 MiB |     12 MiB |      0 B   |
|---------------------------------------------------------------------------|
| Non-releasable memory | 141443 KiB |   1855 MiB |   1003 TiB |   1003 TiB |
|       from large pool | 140732 KiB |   1853 MiB |    999 TiB |    999 TiB |
|       from small pool |    711 KiB |      3 MiB |      4 TiB |      4 TiB |
|---------------------------------------------------------------------------|
| Allocations           |     470    |     909    |   74577 K  |   74577 K  |
|       from large pool |     125    |     513    |   50060 K  |   50060 K  |
|       from small pool |     345    |     402    |   24517 K  |   24516 K  |
|---------------------------------------------------------------------------|
| Active allocs         |     470    |     909    |   74577 K  |   74577 K  |
|       from large pool |     125    |     513    |   50060 K  |   50060 K  |
|       from small pool |     345    |     402    |   24517 K  |   24516 K  |
|---------------------------------------------------------------------------|
| GPU reserved segments |     230    |     230    |     230    |       0    |
|       from large pool |     224    |     224    |     224    |       0    |
|       from small pool |       6    |       6    |       6    |       0    |
|---------------------------------------------------------------------------|
| Non-releasable allocs |      11    |      47    |   52297 K  |   52297 K  |
|       from large pool |       5    |      39    |   32092 K  |   32092 K  |
|       from small pool |       6    |      11    |   20205 K  |   20205 K  |
|---------------------------------------------------------------------------|
| Oversize allocations  |       0    |       0    |       0    |       0    |
|---------------------------------------------------------------------------|
| Oversize GPU segments |       0    |       0    |       0    |       0    |
|===========================================================================|

| epoch   4 step    16400 |    626 batches | lr 0.0005 | ms/batch 803.80 | loss  3.00 | avg loss  2.60 | ppl 13.50
================================================================================
[Memory Breakdown] step 16500
Parameter memory      : 1355.04 MB
Gradient memory       : 0.00 MB
Optimizer state memory: 3.00 MB
GaLore projector mem  : 0.00 MB
CUDA allocated        : 2257.87 MB
CUDA reserved         : 18264.00 MB
CUDA peak allocated   : 17272.64 MB
================================================================================
|===========================================================================|
|                  PyTorch CUDA memory summary, device ID 0                 |
|---------------------------------------------------------------------------|
|            CUDA OOMs: 0            |        cudaMalloc retries: 0         |
|===========================================================================|
|        Metric         | Cur Usage  | Peak Usage | Tot Alloc  | Tot Freed  |
|---------------------------------------------------------------------------|
| Allocated memory      |   2257 MiB |  17272 MiB |   1742 TiB |   1742 TiB |
|       from large pool |   2250 MiB |  17264 MiB |   1738 TiB |   1738 TiB |
|       from small pool |      7 MiB |     10 MiB |      3 TiB |      3 TiB |
|---------------------------------------------------------------------------|
| Active memory         |   2257 MiB |  17272 MiB |   1742 TiB |   1742 TiB |
|       from large pool |   2250 MiB |  17264 MiB |   1738 TiB |   1738 TiB |
|       from small pool |      7 MiB |     10 MiB |      3 TiB |      3 TiB |
|---------------------------------------------------------------------------|
| Requested memory      |   2257 MiB |  17269 MiB |   1741 TiB |   1741 TiB |
|       from large pool |   2249 MiB |  17261 MiB |   1737 TiB |   1737 TiB |
|       from small pool |      7 MiB |     10 MiB |      3 TiB |      3 TiB |
|---------------------------------------------------------------------------|
| GPU reserved memory   |  18264 MiB |  18264 MiB |  18264 MiB |      0 B   |
|       from large pool |  18252 MiB |  18252 MiB |  18252 MiB |      0 B   |
|       from small pool |     12 MiB |     12 MiB |     12 MiB |      0 B   |
|---------------------------------------------------------------------------|
| Non-releasable memory | 141443 KiB |   1855 MiB |   1008 TiB |   1008 TiB |
|       from large pool | 140732 KiB |   1853 MiB |   1004 TiB |   1004 TiB |
|       from small pool |    711 KiB |      3 MiB |      4 TiB |      4 TiB |
|---------------------------------------------------------------------------|
| Allocations           |     470    |     909    |   74954 K  |   74953 K  |
|       from large pool |     125    |     513    |   50309 K  |   50309 K  |
|       from small pool |     345    |     402    |   24645 K  |   24644 K  |
|---------------------------------------------------------------------------|
| Active allocs         |     470    |     909    |   74954 K  |   74953 K  |
|       from large pool |     125    |     513    |   50309 K  |   50309 K  |
|       from small pool |     345    |     402    |   24645 K  |   24644 K  |
|---------------------------------------------------------------------------|
| GPU reserved segments |     230    |     230    |     230    |       0    |
|       from large pool |     224    |     224    |     224    |       0    |
|       from small pool |       6    |       6    |       6    |       0    |
|---------------------------------------------------------------------------|
| Non-releasable allocs |      12    |      47    |   52559 K  |   52559 K  |
|       from large pool |       5    |      39    |   32245 K  |   32245 K  |
|       from small pool |       7    |      11    |   20314 K  |   20314 K  |
|---------------------------------------------------------------------------|
| Oversize allocations  |       0    |       0    |       0    |       0    |
|---------------------------------------------------------------------------|
| Oversize GPU segments |       0    |       0    |       0    |       0    |
|===========================================================================|

| epoch   4 step    16500 |    726 batches | lr 0.0005 | ms/batch 781.35 | loss  2.79 | avg loss  2.63 | ppl 13.84
================================================================================
[Memory Breakdown] step 16600
Parameter memory      : 1355.04 MB
Gradient memory       : 0.00 MB
Optimizer state memory: 3.00 MB
GaLore projector mem  : 0.00 MB
CUDA allocated        : 2257.87 MB
CUDA reserved         : 18264.00 MB
CUDA peak allocated   : 17272.64 MB
================================================================================
|===========================================================================|
|                  PyTorch CUDA memory summary, device ID 0                 |
|---------------------------------------------------------------------------|
|            CUDA OOMs: 0            |        cudaMalloc retries: 0         |
|===========================================================================|
|        Metric         | Cur Usage  | Peak Usage | Tot Alloc  | Tot Freed  |
|---------------------------------------------------------------------------|
| Allocated memory      |   2257 MiB |  17272 MiB |   1751 TiB |   1751 TiB |
|       from large pool |   2250 MiB |  17264 MiB |   1747 TiB |   1747 TiB |
|       from small pool |      7 MiB |     10 MiB |      4 TiB |      4 TiB |
|---------------------------------------------------------------------------|
| Active memory         |   2257 MiB |  17272 MiB |   1751 TiB |   1751 TiB |
|       from large pool |   2250 MiB |  17264 MiB |   1747 TiB |   1747 TiB |
|       from small pool |      7 MiB |     10 MiB |      4 TiB |      4 TiB |
|---------------------------------------------------------------------------|
| Requested memory      |   2257 MiB |  17269 MiB |   1751 TiB |   1751 TiB |
|       from large pool |   2249 MiB |  17261 MiB |   1747 TiB |   1747 TiB |
|       from small pool |      7 MiB |     10 MiB |      4 TiB |      4 TiB |
|---------------------------------------------------------------------------|
| GPU reserved memory   |  18264 MiB |  18264 MiB |  18264 MiB |      0 B   |
|       from large pool |  18252 MiB |  18252 MiB |  18252 MiB |      0 B   |
|       from small pool |     12 MiB |     12 MiB |     12 MiB |      0 B   |
|---------------------------------------------------------------------------|
| Non-releasable memory | 141443 KiB |   1855 MiB |   1014 TiB |   1014 TiB |
|       from large pool | 140732 KiB |   1853 MiB |   1010 TiB |   1010 TiB |
|       from small pool |    711 KiB |      3 MiB |      4 TiB |      4 TiB |
|---------------------------------------------------------------------------|
| Allocations           |     470    |     909    |   75330 K  |   75330 K  |
|       from large pool |     125    |     513    |   50557 K  |   50557 K  |
|       from small pool |     345    |     402    |   24773 K  |   24772 K  |
|---------------------------------------------------------------------------|
| Active allocs         |     470    |     909    |   75330 K  |   75330 K  |
|       from large pool |     125    |     513    |   50557 K  |   50557 K  |
|       from small pool |     345    |     402    |   24773 K  |   24772 K  |
|---------------------------------------------------------------------------|
| GPU reserved segments |     230    |     230    |     230    |       0    |
|       from large pool |     224    |     224    |     224    |       0    |
|       from small pool |       6    |       6    |       6    |       0    |
|---------------------------------------------------------------------------|
| Non-releasable allocs |      12    |      47    |   52821 K  |   52821 K  |
|       from large pool |       5    |      39    |   32397 K  |   32397 K  |
|       from small pool |       7    |      11    |   20423 K  |   20423 K  |
|---------------------------------------------------------------------------|
| Oversize allocations  |       0    |       0    |       0    |       0    |
|---------------------------------------------------------------------------|
| Oversize GPU segments |       0    |       0    |       0    |       0    |
|===========================================================================|

| epoch   4 step    16600 |    826 batches | lr 0.0005 | ms/batch 778.14 | loss  2.79 | avg loss  2.60 | ppl 13.45
================================================================================
[Memory Breakdown] step 16700
Parameter memory      : 1355.04 MB
Gradient memory       : 0.00 MB
Optimizer state memory: 3.00 MB
GaLore projector mem  : 0.00 MB
CUDA allocated        : 2257.87 MB
CUDA reserved         : 18264.00 MB
CUDA peak allocated   : 17272.64 MB
================================================================================
|===========================================================================|
|                  PyTorch CUDA memory summary, device ID 0                 |
|---------------------------------------------------------------------------|
|            CUDA OOMs: 0            |        cudaMalloc retries: 0         |
|===========================================================================|
|        Metric         | Cur Usage  | Peak Usage | Tot Alloc  | Tot Freed  |
|---------------------------------------------------------------------------|
| Allocated memory      |   2257 MiB |  17272 MiB |   1760 TiB |   1760 TiB |
|       from large pool |   2250 MiB |  17264 MiB |   1756 TiB |   1756 TiB |
|       from small pool |      7 MiB |     10 MiB |      4 TiB |      4 TiB |
|---------------------------------------------------------------------------|
| Active memory         |   2257 MiB |  17272 MiB |   1760 TiB |   1760 TiB |
|       from large pool |   2250 MiB |  17264 MiB |   1756 TiB |   1756 TiB |
|       from small pool |      7 MiB |     10 MiB |      4 TiB |      4 TiB |
|---------------------------------------------------------------------------|
| Requested memory      |   2257 MiB |  17269 MiB |   1760 TiB |   1760 TiB |
|       from large pool |   2249 MiB |  17261 MiB |   1756 TiB |   1756 TiB |
|       from small pool |      7 MiB |     10 MiB |      4 TiB |      4 TiB |
|---------------------------------------------------------------------------|
| GPU reserved memory   |  18264 MiB |  18264 MiB |  18264 MiB |      0 B   |
|       from large pool |  18252 MiB |  18252 MiB |  18252 MiB |      0 B   |
|       from small pool |     12 MiB |     12 MiB |     12 MiB |      0 B   |
|---------------------------------------------------------------------------|
| Non-releasable memory | 141443 KiB |   1855 MiB |   1019 TiB |   1019 TiB |
|       from large pool | 140732 KiB |   1853 MiB |   1015 TiB |   1015 TiB |
|       from small pool |    711 KiB |      3 MiB |      4 TiB |      4 TiB |
|---------------------------------------------------------------------------|
| Allocations           |     470    |     909    |   75707 K  |   75706 K  |
|       from large pool |     125    |     513    |   50806 K  |   50806 K  |
|       from small pool |     345    |     402    |   24901 K  |   24900 K  |
|---------------------------------------------------------------------------|
| Active allocs         |     470    |     909    |   75707 K  |   75706 K  |
|       from large pool |     125    |     513    |   50806 K  |   50806 K  |
|       from small pool |     345    |     402    |   24901 K  |   24900 K  |
|---------------------------------------------------------------------------|
| GPU reserved segments |     230    |     230    |     230    |       0    |
|       from large pool |     224    |     224    |     224    |       0    |
|       from small pool |       6    |       6    |       6    |       0    |
|---------------------------------------------------------------------------|
| Non-releasable allocs |      11    |      47    |   53082 K  |   53082 K  |
|       from large pool |       5    |      39    |   32550 K  |   32550 K  |
|       from small pool |       6    |      11    |   20532 K  |   20532 K  |
|---------------------------------------------------------------------------|
| Oversize allocations  |       0    |       0    |       0    |       0    |
|---------------------------------------------------------------------------|
| Oversize GPU segments |       0    |       0    |       0    |       0    |
|===========================================================================|

| epoch   4 step    16700 |    926 batches | lr 0.0005 | ms/batch 778.14 | loss  2.78 | avg loss  2.62 | ppl 13.71
================================================================================
[Memory Breakdown] step 16800
Parameter memory      : 1355.04 MB
Gradient memory       : 0.00 MB
Optimizer state memory: 3.00 MB
GaLore projector mem  : 0.00 MB
CUDA allocated        : 2257.87 MB
CUDA reserved         : 18264.00 MB
CUDA peak allocated   : 17272.64 MB
================================================================================
|===========================================================================|
|                  PyTorch CUDA memory summary, device ID 0                 |
|---------------------------------------------------------------------------|
|            CUDA OOMs: 0            |        cudaMalloc retries: 0         |
|===========================================================================|
|        Metric         | Cur Usage  | Peak Usage | Tot Alloc  | Tot Freed  |
|---------------------------------------------------------------------------|
| Allocated memory      |   2257 MiB |  17272 MiB |   1770 TiB |   1770 TiB |
|       from large pool |   2250 MiB |  17264 MiB |   1766 TiB |   1766 TiB |
|       from small pool |      7 MiB |     10 MiB |      4 TiB |      4 TiB |
|---------------------------------------------------------------------------|
| Active memory         |   2257 MiB |  17272 MiB |   1770 TiB |   1770 TiB |
|       from large pool |   2250 MiB |  17264 MiB |   1766 TiB |   1766 TiB |
|       from small pool |      7 MiB |     10 MiB |      4 TiB |      4 TiB |
|---------------------------------------------------------------------------|
| Requested memory      |   2257 MiB |  17269 MiB |   1770 TiB |   1770 TiB |
|       from large pool |   2249 MiB |  17261 MiB |   1766 TiB |   1766 TiB |
|       from small pool |      7 MiB |     10 MiB |      4 TiB |      4 TiB |
|---------------------------------------------------------------------------|
| GPU reserved memory   |  18264 MiB |  18264 MiB |  18264 MiB |      0 B   |
|       from large pool |  18252 MiB |  18252 MiB |  18252 MiB |      0 B   |
|       from small pool |     12 MiB |     12 MiB |     12 MiB |      0 B   |
|---------------------------------------------------------------------------|
| Non-releasable memory | 141443 KiB |   1855 MiB |   1025 TiB |   1025 TiB |
|       from large pool | 140732 KiB |   1853 MiB |   1021 TiB |   1021 TiB |
|       from small pool |    711 KiB |      3 MiB |      4 TiB |      4 TiB |
|---------------------------------------------------------------------------|
| Allocations           |     470    |     909    |   76083 K  |   76083 K  |
|       from large pool |     125    |     513    |   51054 K  |   51054 K  |
|       from small pool |     345    |     402    |   25029 K  |   25028 K  |
|---------------------------------------------------------------------------|
| Active allocs         |     470    |     909    |   76083 K  |   76083 K  |
|       from large pool |     125    |     513    |   51054 K  |   51054 K  |
|       from small pool |     345    |     402    |   25029 K  |   25028 K  |
|---------------------------------------------------------------------------|
| GPU reserved segments |     230    |     230    |     230    |       0    |
|       from large pool |     224    |     224    |     224    |       0    |
|       from small pool |       6    |       6    |       6    |       0    |
|---------------------------------------------------------------------------|
| Non-releasable allocs |      12    |      47    |   53344 K  |   53344 K  |
|       from large pool |       5    |      39    |   32702 K  |   32702 K  |
|       from small pool |       7    |      11    |   20641 K  |   20641 K  |
|---------------------------------------------------------------------------|
| Oversize allocations  |       0    |       0    |       0    |       0    |
|---------------------------------------------------------------------------|
| Oversize GPU segments |       0    |       0    |       0    |       0    |
|===========================================================================|

| epoch   4 step    16800 |   1026 batches | lr 0.0005 | ms/batch 777.95 | loss  2.72 | avg loss  2.61 | ppl 13.65
================================================================================
[Memory Breakdown] step 16900
Parameter memory      : 1355.04 MB
Gradient memory       : 0.00 MB
Optimizer state memory: 3.00 MB
GaLore projector mem  : 0.00 MB
CUDA allocated        : 2257.87 MB
CUDA reserved         : 18264.00 MB
CUDA peak allocated   : 17272.64 MB
================================================================================
|===========================================================================|
|                  PyTorch CUDA memory summary, device ID 0                 |
|---------------------------------------------------------------------------|
|            CUDA OOMs: 0            |        cudaMalloc retries: 0         |
|===========================================================================|
|        Metric         | Cur Usage  | Peak Usage | Tot Alloc  | Tot Freed  |
|---------------------------------------------------------------------------|
| Allocated memory      |   2257 MiB |  17272 MiB |   1779 TiB |   1779 TiB |
|       from large pool |   2250 MiB |  17264 MiB |   1775 TiB |   1775 TiB |
|       from small pool |      7 MiB |     10 MiB |      4 TiB |      4 TiB |
|---------------------------------------------------------------------------|
| Active memory         |   2257 MiB |  17272 MiB |   1779 TiB |   1779 TiB |
|       from large pool |   2250 MiB |  17264 MiB |   1775 TiB |   1775 TiB |
|       from small pool |      7 MiB |     10 MiB |      4 TiB |      4 TiB |
|---------------------------------------------------------------------------|
| Requested memory      |   2257 MiB |  17269 MiB |   1779 TiB |   1779 TiB |
|       from large pool |   2249 MiB |  17261 MiB |   1775 TiB |   1775 TiB |
|       from small pool |      7 MiB |     10 MiB |      4 TiB |      4 TiB |
|---------------------------------------------------------------------------|
| GPU reserved memory   |  18264 MiB |  18264 MiB |  18264 MiB |      0 B   |
|       from large pool |  18252 MiB |  18252 MiB |  18252 MiB |      0 B   |
|       from small pool |     12 MiB |     12 MiB |     12 MiB |      0 B   |
|---------------------------------------------------------------------------|
| Non-releasable memory | 141443 KiB |   1855 MiB |   1030 TiB |   1030 TiB |
|       from large pool | 140732 KiB |   1853 MiB |   1026 TiB |   1026 TiB |
|       from small pool |    711 KiB |      3 MiB |      4 TiB |      4 TiB |
|---------------------------------------------------------------------------|
| Allocations           |     470    |     909    |   76460 K  |   76459 K  |
|       from large pool |     125    |     513    |   51303 K  |   51303 K  |
|       from small pool |     345    |     402    |   25157 K  |   25156 K  |
|---------------------------------------------------------------------------|
| Active allocs         |     470    |     909    |   76460 K  |   76459 K  |
|       from large pool |     125    |     513    |   51303 K  |   51303 K  |
|       from small pool |     345    |     402    |   25157 K  |   25156 K  |
|---------------------------------------------------------------------------|
| GPU reserved segments |     230    |     230    |     230    |       0    |
|       from large pool |     224    |     224    |     224    |       0    |
|       from small pool |       6    |       6    |       6    |       0    |
|---------------------------------------------------------------------------|
| Non-releasable allocs |      12    |      47    |   53605 K  |   53605 K  |
|       from large pool |       5    |      39    |   32855 K  |   32855 K  |
|       from small pool |       7    |      11    |   20750 K  |   20750 K  |
|---------------------------------------------------------------------------|
| Oversize allocations  |       0    |       0    |       0    |       0    |
|---------------------------------------------------------------------------|
| Oversize GPU segments |       0    |       0    |       0    |       0    |
|===========================================================================|

| epoch   4 step    16900 |   1126 batches | lr 0.0005 | ms/batch 778.42 | loss  2.25 | avg loss  2.58 | ppl 13.21
================================================================================
[Memory Breakdown] step 17000
Parameter memory      : 1355.04 MB
Gradient memory       : 0.00 MB
Optimizer state memory: 3.00 MB
GaLore projector mem  : 0.00 MB
CUDA allocated        : 2257.87 MB
CUDA reserved         : 18264.00 MB
CUDA peak allocated   : 17272.64 MB
================================================================================
|===========================================================================|
|                  PyTorch CUDA memory summary, device ID 0                 |
|---------------------------------------------------------------------------|
|            CUDA OOMs: 0            |        cudaMalloc retries: 0         |
|===========================================================================|
|        Metric         | Cur Usage  | Peak Usage | Tot Alloc  | Tot Freed  |
|---------------------------------------------------------------------------|
| Allocated memory      |   2257 MiB |  17272 MiB |   1788 TiB |   1788 TiB |
|       from large pool |   2250 MiB |  17264 MiB |   1784 TiB |   1784 TiB |
|       from small pool |      7 MiB |     10 MiB |      4 TiB |      4 TiB |
|---------------------------------------------------------------------------|
| Active memory         |   2257 MiB |  17272 MiB |   1788 TiB |   1788 TiB |
|       from large pool |   2250 MiB |  17264 MiB |   1784 TiB |   1784 TiB |
|       from small pool |      7 MiB |     10 MiB |      4 TiB |      4 TiB |
|---------------------------------------------------------------------------|
| Requested memory      |   2257 MiB |  17269 MiB |   1788 TiB |   1788 TiB |
|       from large pool |   2249 MiB |  17261 MiB |   1784 TiB |   1784 TiB |
|       from small pool |      7 MiB |     10 MiB |      4 TiB |      4 TiB |
|---------------------------------------------------------------------------|
| GPU reserved memory   |  18264 MiB |  18264 MiB |  18264 MiB |      0 B   |
|       from large pool |  18252 MiB |  18252 MiB |  18252 MiB |      0 B   |
|       from small pool |     12 MiB |     12 MiB |     12 MiB |      0 B   |
|---------------------------------------------------------------------------|
| Non-releasable memory | 141443 KiB |   1855 MiB |   1036 TiB |   1036 TiB |
|       from large pool | 140732 KiB |   1853 MiB |   1032 TiB |   1032 TiB |
|       from small pool |    711 KiB |      3 MiB |      4 TiB |      4 TiB |
|---------------------------------------------------------------------------|
| Allocations           |     470    |     909    |   76836 K  |   76836 K  |
|       from large pool |     125    |     513    |   51551 K  |   51551 K  |
|       from small pool |     345    |     402    |   25285 K  |   25284 K  |
|---------------------------------------------------------------------------|
| Active allocs         |     470    |     909    |   76836 K  |   76836 K  |
|       from large pool |     125    |     513    |   51551 K  |   51551 K  |
|       from small pool |     345    |     402    |   25285 K  |   25284 K  |
|---------------------------------------------------------------------------|
| GPU reserved segments |     230    |     230    |     230    |       0    |
|       from large pool |     224    |     224    |     224    |       0    |
|       from small pool |       6    |       6    |       6    |       0    |
|---------------------------------------------------------------------------|
| Non-releasable allocs |      11    |      47    |   53867 K  |   53867 K  |
|       from large pool |       5    |      39    |   33007 K  |   33007 K  |
|       from small pool |       6    |      11    |   20859 K  |   20859 K  |
|---------------------------------------------------------------------------|
| Oversize allocations  |       0    |       0    |       0    |       0    |
|---------------------------------------------------------------------------|
| Oversize GPU segments |       0    |       0    |       0    |       0    |
|===========================================================================|

| epoch   4 step    17000 |   1226 batches | lr 0.0005 | ms/batch 778.73 | loss  2.49 | avg loss  2.57 | ppl 13.12
saving checkpoint ./trained_models/GPT2_M/e2e/model.17000.pt
================================================================================
[Memory Breakdown] step 17100
Parameter memory      : 1355.04 MB
Gradient memory       : 0.00 MB
Optimizer state memory: 3.00 MB
GaLore projector mem  : 0.00 MB
CUDA allocated        : 2257.87 MB
CUDA reserved         : 18264.00 MB
CUDA peak allocated   : 17272.64 MB
================================================================================
|===========================================================================|
|                  PyTorch CUDA memory summary, device ID 0                 |
|---------------------------------------------------------------------------|
|            CUDA OOMs: 0            |        cudaMalloc retries: 0         |
|===========================================================================|
|        Metric         | Cur Usage  | Peak Usage | Tot Alloc  | Tot Freed  |
|---------------------------------------------------------------------------|
| Allocated memory      |   2257 MiB |  17272 MiB |   1798 TiB |   1798 TiB |
|       from large pool |   2250 MiB |  17264 MiB |   1794 TiB |   1794 TiB |
|       from small pool |      7 MiB |     10 MiB |      4 TiB |      4 TiB |
|---------------------------------------------------------------------------|
| Active memory         |   2257 MiB |  17272 MiB |   1798 TiB |   1798 TiB |
|       from large pool |   2250 MiB |  17264 MiB |   1794 TiB |   1794 TiB |
|       from small pool |      7 MiB |     10 MiB |      4 TiB |      4 TiB |
|---------------------------------------------------------------------------|
| Requested memory      |   2257 MiB |  17269 MiB |   1798 TiB |   1798 TiB |
|       from large pool |   2249 MiB |  17261 MiB |   1794 TiB |   1794 TiB |
|       from small pool |      7 MiB |     10 MiB |      4 TiB |      4 TiB |
|---------------------------------------------------------------------------|
| GPU reserved memory   |  18264 MiB |  18264 MiB |  18264 MiB |      0 B   |
|       from large pool |  18252 MiB |  18252 MiB |  18252 MiB |      0 B   |
|       from small pool |     12 MiB |     12 MiB |     12 MiB |      0 B   |
|---------------------------------------------------------------------------|
| Non-releasable memory | 141443 KiB |   1855 MiB |   1041 TiB |   1041 TiB |
|       from large pool | 140732 KiB |   1853 MiB |   1037 TiB |   1037 TiB |
|       from small pool |    711 KiB |      3 MiB |      4 TiB |      4 TiB |
|---------------------------------------------------------------------------|
| Allocations           |     470    |     909    |   77213 K  |   77212 K  |
|       from large pool |     125    |     513    |   51800 K  |   51800 K  |
|       from small pool |     345    |     402    |   25413 K  |   25412 K  |
|---------------------------------------------------------------------------|
| Active allocs         |     470    |     909    |   77213 K  |   77212 K  |
|       from large pool |     125    |     513    |   51800 K  |   51800 K  |
|       from small pool |     345    |     402    |   25413 K  |   25412 K  |
|---------------------------------------------------------------------------|
| GPU reserved segments |     230    |     230    |     230    |       0    |
|       from large pool |     224    |     224    |     224    |       0    |
|       from small pool |       6    |       6    |       6    |       0    |
|---------------------------------------------------------------------------|
| Non-releasable allocs |      13    |      47    |   54129 K  |   54129 K  |
|       from large pool |       5    |      39    |   33160 K  |   33160 K  |
|       from small pool |       8    |      11    |   20969 K  |   20969 K  |
|---------------------------------------------------------------------------|
| Oversize allocations  |       0    |       0    |       0    |       0    |
|---------------------------------------------------------------------------|
| Oversize GPU segments |       0    |       0    |       0    |       0    |
|===========================================================================|

| epoch   4 step    17100 |   1326 batches | lr 0.0005 | ms/batch 782.23 | loss  2.76 | avg loss  2.63 | ppl 13.91
================================================================================
[Memory Breakdown] step 17200
Parameter memory      : 1355.04 MB
Gradient memory       : 0.00 MB
Optimizer state memory: 3.00 MB
GaLore projector mem  : 0.00 MB
CUDA allocated        : 2257.87 MB
CUDA reserved         : 18264.00 MB
CUDA peak allocated   : 17272.64 MB
================================================================================
|===========================================================================|
|                  PyTorch CUDA memory summary, device ID 0                 |
|---------------------------------------------------------------------------|
|            CUDA OOMs: 0            |        cudaMalloc retries: 0         |
|===========================================================================|
|        Metric         | Cur Usage  | Peak Usage | Tot Alloc  | Tot Freed  |
|---------------------------------------------------------------------------|
| Allocated memory      |   2257 MiB |  17272 MiB |   1807 TiB |   1807 TiB |
|       from large pool |   2250 MiB |  17264 MiB |   1803 TiB |   1803 TiB |
|       from small pool |      7 MiB |     10 MiB |      4 TiB |      4 TiB |
|---------------------------------------------------------------------------|
| Active memory         |   2257 MiB |  17272 MiB |   1807 TiB |   1807 TiB |
|       from large pool |   2250 MiB |  17264 MiB |   1803 TiB |   1803 TiB |
|       from small pool |      7 MiB |     10 MiB |      4 TiB |      4 TiB |
|---------------------------------------------------------------------------|
| Requested memory      |   2257 MiB |  17269 MiB |   1807 TiB |   1807 TiB |
|       from large pool |   2249 MiB |  17261 MiB |   1803 TiB |   1803 TiB |
|       from small pool |      7 MiB |     10 MiB |      4 TiB |      4 TiB |
|---------------------------------------------------------------------------|
| GPU reserved memory   |  18264 MiB |  18264 MiB |  18264 MiB |      0 B   |
|       from large pool |  18252 MiB |  18252 MiB |  18252 MiB |      0 B   |
|       from small pool |     12 MiB |     12 MiB |     12 MiB |      0 B   |
|---------------------------------------------------------------------------|
| Non-releasable memory | 141443 KiB |   1855 MiB |   1047 TiB |   1047 TiB |
|       from large pool | 140732 KiB |   1853 MiB |   1043 TiB |   1043 TiB |
|       from small pool |    711 KiB |      3 MiB |      4 TiB |      4 TiB |
|---------------------------------------------------------------------------|
| Allocations           |     470    |     909    |   77589 K  |   77589 K  |
|       from large pool |     125    |     513    |   52048 K  |   52048 K  |
|       from small pool |     345    |     402    |   25541 K  |   25540 K  |
|---------------------------------------------------------------------------|
| Active allocs         |     470    |     909    |   77589 K  |   77589 K  |
|       from large pool |     125    |     513    |   52048 K  |   52048 K  |
|       from small pool |     345    |     402    |   25541 K  |   25540 K  |
|---------------------------------------------------------------------------|
| GPU reserved segments |     230    |     230    |     230    |       0    |
|       from large pool |     224    |     224    |     224    |       0    |
|       from small pool |       6    |       6    |       6    |       0    |
|---------------------------------------------------------------------------|
| Non-releasable allocs |      13    |      47    |   54390 K  |   54390 K  |
|       from large pool |       5    |      39    |   33312 K  |   33312 K  |
|       from small pool |       8    |      11    |   21078 K  |   21078 K  |
|---------------------------------------------------------------------------|
| Oversize allocations  |       0    |       0    |       0    |       0    |
|---------------------------------------------------------------------------|
| Oversize GPU segments |       0    |       0    |       0    |       0    |
|===========================================================================|

| epoch   4 step    17200 |   1426 batches | lr 0.0005 | ms/batch 777.74 | loss  2.52 | avg loss  2.58 | ppl 13.14
================================================================================
[Memory Breakdown] step 17300
Parameter memory      : 1355.04 MB
Gradient memory       : 0.00 MB
Optimizer state memory: 3.00 MB
GaLore projector mem  : 0.00 MB
CUDA allocated        : 2257.87 MB
CUDA reserved         : 18264.00 MB
CUDA peak allocated   : 17272.64 MB
================================================================================
|===========================================================================|
|                  PyTorch CUDA memory summary, device ID 0                 |
|---------------------------------------------------------------------------|
|            CUDA OOMs: 0            |        cudaMalloc retries: 0         |
|===========================================================================|
|        Metric         | Cur Usage  | Peak Usage | Tot Alloc  | Tot Freed  |
|---------------------------------------------------------------------------|
| Allocated memory      |   2257 MiB |  17272 MiB |   1816 TiB |   1816 TiB |
|       from large pool |   2250 MiB |  17264 MiB |   1812 TiB |   1812 TiB |
|       from small pool |      7 MiB |     10 MiB |      4 TiB |      4 TiB |
|---------------------------------------------------------------------------|
| Active memory         |   2257 MiB |  17272 MiB |   1816 TiB |   1816 TiB |
|       from large pool |   2250 MiB |  17264 MiB |   1812 TiB |   1812 TiB |
|       from small pool |      7 MiB |     10 MiB |      4 TiB |      4 TiB |
|---------------------------------------------------------------------------|
| Requested memory      |   2257 MiB |  17269 MiB |   1816 TiB |   1816 TiB |
|       from large pool |   2249 MiB |  17261 MiB |   1812 TiB |   1812 TiB |
|       from small pool |      7 MiB |     10 MiB |      4 TiB |      4 TiB |
|---------------------------------------------------------------------------|
| GPU reserved memory   |  18264 MiB |  18264 MiB |  18264 MiB |      0 B   |
|       from large pool |  18252 MiB |  18252 MiB |  18252 MiB |      0 B   |
|       from small pool |     12 MiB |     12 MiB |     12 MiB |      0 B   |
|---------------------------------------------------------------------------|
| Non-releasable memory | 141443 KiB |   1855 MiB |   1052 TiB |   1052 TiB |
|       from large pool | 140732 KiB |   1853 MiB |   1048 TiB |   1048 TiB |
|       from small pool |    711 KiB |      3 MiB |      4 TiB |      4 TiB |
|---------------------------------------------------------------------------|
| Allocations           |     470    |     909    |   77966 K  |   77965 K  |
|       from large pool |     125    |     513    |   52297 K  |   52297 K  |
|       from small pool |     345    |     402    |   25669 K  |   25668 K  |
|---------------------------------------------------------------------------|
| Active allocs         |     470    |     909    |   77966 K  |   77965 K  |
|       from large pool |     125    |     513    |   52297 K  |   52297 K  |
|       from small pool |     345    |     402    |   25669 K  |   25668 K  |
|---------------------------------------------------------------------------|
| GPU reserved segments |     230    |     230    |     230    |       0    |
|       from large pool |     224    |     224    |     224    |       0    |
|       from small pool |       6    |       6    |       6    |       0    |
|---------------------------------------------------------------------------|
| Non-releasable allocs |      12    |      47    |   54652 K  |   54652 K  |
|       from large pool |       5    |      39    |   33465 K  |   33465 K  |
|       from small pool |       7    |      11    |   21187 K  |   21187 K  |
|---------------------------------------------------------------------------|
| Oversize allocations  |       0    |       0    |       0    |       0    |
|---------------------------------------------------------------------------|
| Oversize GPU segments |       0    |       0    |       0    |       0    |
|===========================================================================|

| epoch   4 step    17300 |   1526 batches | lr 0.0005 | ms/batch 777.76 | loss  2.45 | avg loss  2.61 | ppl 13.63
================================================================================
[Memory Breakdown] step 17400
Parameter memory      : 1355.04 MB
Gradient memory       : 0.00 MB
Optimizer state memory: 3.00 MB
GaLore projector mem  : 0.00 MB
CUDA allocated        : 2257.87 MB
CUDA reserved         : 18264.00 MB
CUDA peak allocated   : 17272.64 MB
================================================================================
|===========================================================================|
|                  PyTorch CUDA memory summary, device ID 0                 |
|---------------------------------------------------------------------------|
|            CUDA OOMs: 0            |        cudaMalloc retries: 0         |
|===========================================================================|
|        Metric         | Cur Usage  | Peak Usage | Tot Alloc  | Tot Freed  |
|---------------------------------------------------------------------------|
| Allocated memory      |   2257 MiB |  17272 MiB |   1826 TiB |   1826 TiB |
|       from large pool |   2250 MiB |  17264 MiB |   1822 TiB |   1822 TiB |
|       from small pool |      7 MiB |     10 MiB |      4 TiB |      4 TiB |
|---------------------------------------------------------------------------|
| Active memory         |   2257 MiB |  17272 MiB |   1826 TiB |   1826 TiB |
|       from large pool |   2250 MiB |  17264 MiB |   1822 TiB |   1822 TiB |
|       from small pool |      7 MiB |     10 MiB |      4 TiB |      4 TiB |
|---------------------------------------------------------------------------|
| Requested memory      |   2257 MiB |  17269 MiB |   1826 TiB |   1826 TiB |
|       from large pool |   2249 MiB |  17261 MiB |   1822 TiB |   1822 TiB |
|       from small pool |      7 MiB |     10 MiB |      4 TiB |      4 TiB |
|---------------------------------------------------------------------------|
| GPU reserved memory   |  18264 MiB |  18264 MiB |  18264 MiB |      0 B   |
|       from large pool |  18252 MiB |  18252 MiB |  18252 MiB |      0 B   |
|       from small pool |     12 MiB |     12 MiB |     12 MiB |      0 B   |
|---------------------------------------------------------------------------|
| Non-releasable memory | 141443 KiB |   1855 MiB |   1058 TiB |   1058 TiB |
|       from large pool | 140732 KiB |   1853 MiB |   1053 TiB |   1053 TiB |
|       from small pool |    711 KiB |      3 MiB |      4 TiB |      4 TiB |
|---------------------------------------------------------------------------|
| Allocations           |     470    |     909    |   78342 K  |   78342 K  |
|       from large pool |     125    |     513    |   52545 K  |   52545 K  |
|       from small pool |     345    |     402    |   25797 K  |   25796 K  |
|---------------------------------------------------------------------------|
| Active allocs         |     470    |     909    |   78342 K  |   78342 K  |
|       from large pool |     125    |     513    |   52545 K  |   52545 K  |
|       from small pool |     345    |     402    |   25797 K  |   25796 K  |
|---------------------------------------------------------------------------|
| GPU reserved segments |     230    |     230    |     230    |       0    |
|       from large pool |     224    |     224    |     224    |       0    |
|       from small pool |       6    |       6    |       6    |       0    |
|---------------------------------------------------------------------------|
| Non-releasable allocs |      13    |      47    |   54914 K  |   54914 K  |
|       from large pool |       5    |      39    |   33617 K  |   33617 K  |
|       from small pool |       8    |      11    |   21296 K  |   21296 K  |
|---------------------------------------------------------------------------|
| Oversize allocations  |       0    |       0    |       0    |       0    |
|---------------------------------------------------------------------------|
| Oversize GPU segments |       0    |       0    |       0    |       0    |
|===========================================================================|

| epoch   4 step    17400 |   1626 batches | lr 0.0005 | ms/batch 778.39 | loss  2.39 | avg loss  2.62 | ppl 13.69
================================================================================
[Memory Breakdown] step 17500
Parameter memory      : 1355.04 MB
Gradient memory       : 0.00 MB
Optimizer state memory: 3.00 MB
GaLore projector mem  : 0.00 MB
CUDA allocated        : 2257.87 MB
CUDA reserved         : 18264.00 MB
CUDA peak allocated   : 17272.64 MB
================================================================================
|===========================================================================|
|                  PyTorch CUDA memory summary, device ID 0                 |
|---------------------------------------------------------------------------|
|            CUDA OOMs: 0            |        cudaMalloc retries: 0         |
|===========================================================================|
|        Metric         | Cur Usage  | Peak Usage | Tot Alloc  | Tot Freed  |
|---------------------------------------------------------------------------|
| Allocated memory      |   2257 MiB |  17272 MiB |   1835 TiB |   1835 TiB |
|       from large pool |   2250 MiB |  17264 MiB |   1831 TiB |   1831 TiB |
|       from small pool |      7 MiB |     10 MiB |      4 TiB |      4 TiB |
|---------------------------------------------------------------------------|
| Active memory         |   2257 MiB |  17272 MiB |   1835 TiB |   1835 TiB |
|       from large pool |   2250 MiB |  17264 MiB |   1831 TiB |   1831 TiB |
|       from small pool |      7 MiB |     10 MiB |      4 TiB |      4 TiB |
|---------------------------------------------------------------------------|
| Requested memory      |   2257 MiB |  17269 MiB |   1835 TiB |   1835 TiB |
|       from large pool |   2249 MiB |  17261 MiB |   1831 TiB |   1831 TiB |
|       from small pool |      7 MiB |     10 MiB |      4 TiB |      4 TiB |
|---------------------------------------------------------------------------|
| GPU reserved memory   |  18264 MiB |  18264 MiB |  18264 MiB |      0 B   |
|       from large pool |  18252 MiB |  18252 MiB |  18252 MiB |      0 B   |
|       from small pool |     12 MiB |     12 MiB |     12 MiB |      0 B   |
|---------------------------------------------------------------------------|
| Non-releasable memory | 141443 KiB |   1855 MiB |   1063 TiB |   1063 TiB |
|       from large pool | 140732 KiB |   1853 MiB |   1059 TiB |   1059 TiB |
|       from small pool |    711 KiB |      3 MiB |      4 TiB |      4 TiB |
|---------------------------------------------------------------------------|
| Allocations           |     470    |     909    |   78719 K  |   78718 K  |
|       from large pool |     125    |     513    |   52794 K  |   52794 K  |
|       from small pool |     345    |     402    |   25925 K  |   25924 K  |
|---------------------------------------------------------------------------|
| Active allocs         |     470    |     909    |   78719 K  |   78718 K  |
|       from large pool |     125    |     513    |   52794 K  |   52794 K  |
|       from small pool |     345    |     402    |   25925 K  |   25924 K  |
|---------------------------------------------------------------------------|
| GPU reserved segments |     230    |     230    |     230    |       0    |
|       from large pool |     224    |     224    |     224    |       0    |
|       from small pool |       6    |       6    |       6    |       0    |
|---------------------------------------------------------------------------|
| Non-releasable allocs |      13    |      47    |   55176 K  |   55175 K  |
|       from large pool |       5    |      39    |   33770 K  |   33770 K  |
|       from small pool |       8    |      11    |   21405 K  |   21405 K  |
|---------------------------------------------------------------------------|
| Oversize allocations  |       0    |       0    |       0    |       0    |
|---------------------------------------------------------------------------|
| Oversize GPU segments |       0    |       0    |       0    |       0    |
|===========================================================================|

| epoch   4 step    17500 |   1726 batches | lr 0.0005 | ms/batch 778.43 | loss  2.88 | avg loss  2.62 | ppl 13.80
================================================================================
[Memory Breakdown] step 17600
Parameter memory      : 1355.04 MB
Gradient memory       : 0.00 MB
Optimizer state memory: 3.00 MB
GaLore projector mem  : 0.00 MB
CUDA allocated        : 2257.87 MB
CUDA reserved         : 18264.00 MB
CUDA peak allocated   : 17272.64 MB
================================================================================
|===========================================================================|
|                  PyTorch CUDA memory summary, device ID 0                 |
|---------------------------------------------------------------------------|
|            CUDA OOMs: 0            |        cudaMalloc retries: 0         |
|===========================================================================|
|        Metric         | Cur Usage  | Peak Usage | Tot Alloc  | Tot Freed  |
|---------------------------------------------------------------------------|
| Allocated memory      |   2257 MiB |  17272 MiB |   1844 TiB |   1844 TiB |
|       from large pool |   2250 MiB |  17264 MiB |   1840 TiB |   1840 TiB |
|       from small pool |      7 MiB |     10 MiB |      4 TiB |      4 TiB |
|---------------------------------------------------------------------------|
| Active memory         |   2257 MiB |  17272 MiB |   1844 TiB |   1844 TiB |
|       from large pool |   2250 MiB |  17264 MiB |   1840 TiB |   1840 TiB |
|       from small pool |      7 MiB |     10 MiB |      4 TiB |      4 TiB |
|---------------------------------------------------------------------------|
| Requested memory      |   2257 MiB |  17269 MiB |   1844 TiB |   1844 TiB |
|       from large pool |   2249 MiB |  17261 MiB |   1840 TiB |   1840 TiB |
|       from small pool |      7 MiB |     10 MiB |      4 TiB |      4 TiB |
|---------------------------------------------------------------------------|
| GPU reserved memory   |  18264 MiB |  18264 MiB |  18264 MiB |      0 B   |
|       from large pool |  18252 MiB |  18252 MiB |  18252 MiB |      0 B   |
|       from small pool |     12 MiB |     12 MiB |     12 MiB |      0 B   |
|---------------------------------------------------------------------------|
| Non-releasable memory | 141443 KiB |   1855 MiB |   1069 TiB |   1069 TiB |
|       from large pool | 140732 KiB |   1853 MiB |   1064 TiB |   1064 TiB |
|       from small pool |    711 KiB |      3 MiB |      4 TiB |      4 TiB |
|---------------------------------------------------------------------------|
| Allocations           |     470    |     909    |   79095 K  |   79095 K  |
|       from large pool |     125    |     513    |   53042 K  |   53042 K  |
|       from small pool |     345    |     402    |   26053 K  |   26052 K  |
|---------------------------------------------------------------------------|
| Active allocs         |     470    |     909    |   79095 K  |   79095 K  |
|       from large pool |     125    |     513    |   53042 K  |   53042 K  |
|       from small pool |     345    |     402    |   26053 K  |   26052 K  |
|---------------------------------------------------------------------------|
| GPU reserved segments |     230    |     230    |     230    |       0    |
|       from large pool |     224    |     224    |     224    |       0    |
|       from small pool |       6    |       6    |       6    |       0    |
|---------------------------------------------------------------------------|
| Non-releasable allocs |      12    |      47    |   55437 K  |   55437 K  |
|       from large pool |       5    |      39    |   33922 K  |   33922 K  |
|       from small pool |       7    |      11    |   21515 K  |   21515 K  |
|---------------------------------------------------------------------------|
| Oversize allocations  |       0    |       0    |       0    |       0    |
|---------------------------------------------------------------------------|
| Oversize GPU segments |       0    |       0    |       0    |       0    |
|===========================================================================|

| epoch   4 step    17600 |   1826 batches | lr 0.0005 | ms/batch 778.23 | loss  2.99 | avg loss  2.62 | ppl 13.80
================================================================================
[Memory Breakdown] step 17700
Parameter memory      : 1355.04 MB
Gradient memory       : 0.00 MB
Optimizer state memory: 3.00 MB
GaLore projector mem  : 0.00 MB
CUDA allocated        : 2257.87 MB
CUDA reserved         : 18264.00 MB
CUDA peak allocated   : 17272.64 MB
================================================================================
|===========================================================================|
|                  PyTorch CUDA memory summary, device ID 0                 |
|---------------------------------------------------------------------------|
|            CUDA OOMs: 0            |        cudaMalloc retries: 0         |
|===========================================================================|
|        Metric         | Cur Usage  | Peak Usage | Tot Alloc  | Tot Freed  |
|---------------------------------------------------------------------------|
| Allocated memory      |   2257 MiB |  17272 MiB |   1854 TiB |   1854 TiB |
|       from large pool |   2250 MiB |  17264 MiB |   1850 TiB |   1850 TiB |
|       from small pool |      7 MiB |     10 MiB |      4 TiB |      4 TiB |
|---------------------------------------------------------------------------|
| Active memory         |   2257 MiB |  17272 MiB |   1854 TiB |   1854 TiB |
|       from large pool |   2250 MiB |  17264 MiB |   1850 TiB |   1850 TiB |
|       from small pool |      7 MiB |     10 MiB |      4 TiB |      4 TiB |
|---------------------------------------------------------------------------|
| Requested memory      |   2257 MiB |  17269 MiB |   1854 TiB |   1854 TiB |
|       from large pool |   2249 MiB |  17261 MiB |   1850 TiB |   1850 TiB |
|       from small pool |      7 MiB |     10 MiB |      4 TiB |      4 TiB |
|---------------------------------------------------------------------------|
| GPU reserved memory   |  18264 MiB |  18264 MiB |  18264 MiB |      0 B   |
|       from large pool |  18252 MiB |  18252 MiB |  18252 MiB |      0 B   |
|       from small pool |     12 MiB |     12 MiB |     12 MiB |      0 B   |
|---------------------------------------------------------------------------|
| Non-releasable memory | 141443 KiB |   1855 MiB |   1074 TiB |   1074 TiB |
|       from large pool | 140732 KiB |   1853 MiB |   1070 TiB |   1070 TiB |
|       from small pool |    711 KiB |      3 MiB |      4 TiB |      4 TiB |
|---------------------------------------------------------------------------|
| Allocations           |     470    |     909    |   79472 K  |   79471 K  |
|       from large pool |     125    |     513    |   53291 K  |   53291 K  |
|       from small pool |     345    |     402    |   26181 K  |   26180 K  |
|---------------------------------------------------------------------------|
| Active allocs         |     470    |     909    |   79472 K  |   79471 K  |
|       from large pool |     125    |     513    |   53291 K  |   53291 K  |
|       from small pool |     345    |     402    |   26181 K  |   26180 K  |
|---------------------------------------------------------------------------|
| GPU reserved segments |     230    |     230    |     230    |       0    |
|       from large pool |     224    |     224    |     224    |       0    |
|       from small pool |       6    |       6    |       6    |       0    |
|---------------------------------------------------------------------------|
| Non-releasable allocs |      13    |      47    |   55699 K  |   55699 K  |
|       from large pool |       5    |      39    |   34075 K  |   34075 K  |
|       from small pool |       8    |      11    |   21624 K  |   21624 K  |
|---------------------------------------------------------------------------|
| Oversize allocations  |       0    |       0    |       0    |       0    |
|---------------------------------------------------------------------------|
| Oversize GPU segments |       0    |       0    |       0    |       0    |
|===========================================================================|

| epoch   4 step    17700 |   1926 batches | lr 0.0005 | ms/batch 778.05 | loss  2.52 | avg loss  2.60 | ppl 13.41
================================================================================
[Memory Breakdown] step 17800
Parameter memory      : 1355.04 MB
Gradient memory       : 0.00 MB
Optimizer state memory: 3.00 MB
GaLore projector mem  : 0.00 MB
CUDA allocated        : 2257.87 MB
CUDA reserved         : 18264.00 MB
CUDA peak allocated   : 17272.64 MB
================================================================================
|===========================================================================|
|                  PyTorch CUDA memory summary, device ID 0                 |
|---------------------------------------------------------------------------|
|            CUDA OOMs: 0            |        cudaMalloc retries: 0         |
|===========================================================================|
|        Metric         | Cur Usage  | Peak Usage | Tot Alloc  | Tot Freed  |
|---------------------------------------------------------------------------|
| Allocated memory      |   2257 MiB |  17272 MiB |   1863 TiB |   1863 TiB |
|       from large pool |   2250 MiB |  17264 MiB |   1859 TiB |   1859 TiB |
|       from small pool |      7 MiB |     10 MiB |      4 TiB |      4 TiB |
|---------------------------------------------------------------------------|
| Active memory         |   2257 MiB |  17272 MiB |   1863 TiB |   1863 TiB |
|       from large pool |   2250 MiB |  17264 MiB |   1859 TiB |   1859 TiB |
|       from small pool |      7 MiB |     10 MiB |      4 TiB |      4 TiB |
|---------------------------------------------------------------------------|
| Requested memory      |   2257 MiB |  17269 MiB |   1863 TiB |   1863 TiB |
|       from large pool |   2249 MiB |  17261 MiB |   1859 TiB |   1859 TiB |
|       from small pool |      7 MiB |     10 MiB |      4 TiB |      4 TiB |
|---------------------------------------------------------------------------|
| GPU reserved memory   |  18264 MiB |  18264 MiB |  18264 MiB |      0 B   |
|       from large pool |  18252 MiB |  18252 MiB |  18252 MiB |      0 B   |
|       from small pool |     12 MiB |     12 MiB |     12 MiB |      0 B   |
|---------------------------------------------------------------------------|
| Non-releasable memory | 141443 KiB |   1855 MiB |   1080 TiB |   1080 TiB |
|       from large pool | 140732 KiB |   1853 MiB |   1075 TiB |   1075 TiB |
|       from small pool |    711 KiB |      3 MiB |      4 TiB |      4 TiB |
|---------------------------------------------------------------------------|
| Allocations           |     470    |     909    |   79848 K  |   79848 K  |
|       from large pool |     125    |     513    |   53539 K  |   53539 K  |
|       from small pool |     345    |     402    |   26309 K  |   26308 K  |
|---------------------------------------------------------------------------|
| Active allocs         |     470    |     909    |   79848 K  |   79848 K  |
|       from large pool |     125    |     513    |   53539 K  |   53539 K  |
|       from small pool |     345    |     402    |   26309 K  |   26308 K  |
|---------------------------------------------------------------------------|
| GPU reserved segments |     230    |     230    |     230    |       0    |
|       from large pool |     224    |     224    |     224    |       0    |
|       from small pool |       6    |       6    |       6    |       0    |
|---------------------------------------------------------------------------|
| Non-releasable allocs |      13    |      47    |   55961 K  |   55961 K  |
|       from large pool |       5    |      39    |   34227 K  |   34227 K  |
|       from small pool |       8    |      11    |   21733 K  |   21733 K  |
|---------------------------------------------------------------------------|
| Oversize allocations  |       0    |       0    |       0    |       0    |
|---------------------------------------------------------------------------|
| Oversize GPU segments |       0    |       0    |       0    |       0    |
|===========================================================================|

| epoch   4 step    17800 |   2026 batches | lr 0.0005 | ms/batch 777.84 | loss  2.90 | avg loss  2.64 | ppl 14.01
================================================================================
[Memory Breakdown] step 17900
Parameter memory      : 1355.04 MB
Gradient memory       : 0.00 MB
Optimizer state memory: 3.00 MB
GaLore projector mem  : 0.00 MB
CUDA allocated        : 2257.87 MB
CUDA reserved         : 18264.00 MB
CUDA peak allocated   : 17272.64 MB
================================================================================
|===========================================================================|
|                  PyTorch CUDA memory summary, device ID 0                 |
|---------------------------------------------------------------------------|
|            CUDA OOMs: 0            |        cudaMalloc retries: 0         |
|===========================================================================|
|        Metric         | Cur Usage  | Peak Usage | Tot Alloc  | Tot Freed  |
|---------------------------------------------------------------------------|
| Allocated memory      |   2257 MiB |  17272 MiB |   1873 TiB |   1873 TiB |
|       from large pool |   2250 MiB |  17264 MiB |   1868 TiB |   1868 TiB |
|       from small pool |      7 MiB |     10 MiB |      4 TiB |      4 TiB |
|---------------------------------------------------------------------------|
| Active memory         |   2257 MiB |  17272 MiB |   1873 TiB |   1873 TiB |
|       from large pool |   2250 MiB |  17264 MiB |   1868 TiB |   1868 TiB |
|       from small pool |      7 MiB |     10 MiB |      4 TiB |      4 TiB |
|---------------------------------------------------------------------------|
| Requested memory      |   2257 MiB |  17269 MiB |   1872 TiB |   1872 TiB |
|       from large pool |   2249 MiB |  17261 MiB |   1868 TiB |   1868 TiB |
|       from small pool |      7 MiB |     10 MiB |      4 TiB |      4 TiB |
|---------------------------------------------------------------------------|
| GPU reserved memory   |  18264 MiB |  18264 MiB |  18264 MiB |      0 B   |
|       from large pool |  18252 MiB |  18252 MiB |  18252 MiB |      0 B   |
|       from small pool |     12 MiB |     12 MiB |     12 MiB |      0 B   |
|---------------------------------------------------------------------------|
| Non-releasable memory | 141443 KiB |   1855 MiB |   1085 TiB |   1085 TiB |
|       from large pool | 140732 KiB |   1853 MiB |   1081 TiB |   1081 TiB |
|       from small pool |    711 KiB |      3 MiB |      4 TiB |      4 TiB |
|---------------------------------------------------------------------------|
| Allocations           |     470    |     909    |   80225 K  |   80224 K  |
|       from large pool |     125    |     513    |   53788 K  |   53788 K  |
|       from small pool |     345    |     402    |   26437 K  |   26436 K  |
|---------------------------------------------------------------------------|
| Active allocs         |     470    |     909    |   80225 K  |   80224 K  |
|       from large pool |     125    |     513    |   53788 K  |   53788 K  |
|       from small pool |     345    |     402    |   26437 K  |   26436 K  |
|---------------------------------------------------------------------------|
| GPU reserved segments |     230    |     230    |     230    |       0    |
|       from large pool |     224    |     224    |     224    |       0    |
|       from small pool |       6    |       6    |       6    |       0    |
|---------------------------------------------------------------------------|
| Non-releasable allocs |      12    |      47    |   56222 K  |   56222 K  |
|       from large pool |       5    |      39    |   34380 K  |   34380 K  |
|       from small pool |       7    |      11    |   21842 K  |   21842 K  |
|---------------------------------------------------------------------------|
| Oversize allocations  |       0    |       0    |       0    |       0    |
|---------------------------------------------------------------------------|
| Oversize GPU segments |       0    |       0    |       0    |       0    |
|===========================================================================|

| epoch   4 step    17900 |   2126 batches | lr 0.0005 | ms/batch 778.02 | loss  2.61 | avg loss  2.60 | ppl 13.45
================================================================================
[Memory Breakdown] step 18000
Parameter memory      : 1355.04 MB
Gradient memory       : 0.00 MB
Optimizer state memory: 3.00 MB
GaLore projector mem  : 0.00 MB
CUDA allocated        : 2257.87 MB
CUDA reserved         : 18264.00 MB
CUDA peak allocated   : 17272.64 MB
================================================================================
|===========================================================================|
|                  PyTorch CUDA memory summary, device ID 0                 |
|---------------------------------------------------------------------------|
|            CUDA OOMs: 0            |        cudaMalloc retries: 0         |
|===========================================================================|
|        Metric         | Cur Usage  | Peak Usage | Tot Alloc  | Tot Freed  |
|---------------------------------------------------------------------------|
| Allocated memory      |   2257 MiB |  17272 MiB |   1882 TiB |   1882 TiB |
|       from large pool |   2250 MiB |  17264 MiB |   1878 TiB |   1878 TiB |
|       from small pool |      7 MiB |     10 MiB |      4 TiB |      4 TiB |
|---------------------------------------------------------------------------|
| Active memory         |   2257 MiB |  17272 MiB |   1882 TiB |   1882 TiB |
|       from large pool |   2250 MiB |  17264 MiB |   1878 TiB |   1878 TiB |
|       from small pool |      7 MiB |     10 MiB |      4 TiB |      4 TiB |
|---------------------------------------------------------------------------|
| Requested memory      |   2257 MiB |  17269 MiB |   1882 TiB |   1882 TiB |
|       from large pool |   2249 MiB |  17261 MiB |   1878 TiB |   1878 TiB |
|       from small pool |      7 MiB |     10 MiB |      4 TiB |      4 TiB |
|---------------------------------------------------------------------------|
| GPU reserved memory   |  18264 MiB |  18264 MiB |  18264 MiB |      0 B   |
|       from large pool |  18252 MiB |  18252 MiB |  18252 MiB |      0 B   |
|       from small pool |     12 MiB |     12 MiB |     12 MiB |      0 B   |
|---------------------------------------------------------------------------|
| Non-releasable memory | 141443 KiB |   1855 MiB |   1091 TiB |   1091 TiB |
|       from large pool | 140732 KiB |   1853 MiB |   1086 TiB |   1086 TiB |
|       from small pool |    711 KiB |      3 MiB |      4 TiB |      4 TiB |
|---------------------------------------------------------------------------|
| Allocations           |     470    |     909    |   80601 K  |   80601 K  |
|       from large pool |     125    |     513    |   54036 K  |   54036 K  |
|       from small pool |     345    |     402    |   26565 K  |   26564 K  |
|---------------------------------------------------------------------------|
| Active allocs         |     470    |     909    |   80601 K  |   80601 K  |
|       from large pool |     125    |     513    |   54036 K  |   54036 K  |
|       from small pool |     345    |     402    |   26565 K  |   26564 K  |
|---------------------------------------------------------------------------|
| GPU reserved segments |     230    |     230    |     230    |       0    |
|       from large pool |     224    |     224    |     224    |       0    |
|       from small pool |       6    |       6    |       6    |       0    |
|---------------------------------------------------------------------------|
| Non-releasable allocs |      13    |      47    |   56484 K  |   56484 K  |
|       from large pool |       5    |      39    |   34532 K  |   34532 K  |
|       from small pool |       8    |      11    |   21951 K  |   21951 K  |
|---------------------------------------------------------------------------|
| Oversize allocations  |       0    |       0    |       0    |       0    |
|---------------------------------------------------------------------------|
| Oversize GPU segments |       0    |       0    |       0    |       0    |
|===========================================================================|

| epoch   4 step    18000 |   2226 batches | lr 0.0005 | ms/batch 777.84 | loss  3.25 | avg loss  2.60 | ppl 13.53
saving checkpoint ./trained_models/GPT2_M/e2e/model.18000.pt
eval samples: 0 loss: tensor(1.2985, device='cuda:0')
eval samples: 100 loss: tensor(0.8819, device='cuda:0')
eval samples: 200 loss: tensor(1.4676, device='cuda:0')
eval samples: 300 loss: tensor(1.1036, device='cuda:0')
eval samples: 400 loss: tensor(0.9632, device='cuda:0')
eval samples: 500 loss: tensor(0.6604, device='cuda:0')
eval samples: 600 loss: tensor(1.2610, device='cuda:0')
eval samples: 700 loss: tensor(0.7996, device='cuda:0')
eval samples: 800 loss: tensor(1.2047, device='cuda:0')
eval samples: 900 loss: tensor(1.7756, device='cuda:0')
eval samples: 1000 loss: tensor(1.0440, device='cuda:0')
eval samples: 1100 loss: tensor(1.5759, device='cuda:0')
average loss 1.2543234468935287
----------------------------------------------------------------------------------------------------
| Eval   9 at step    18000 | time: 203.93s | valid loss  1.25 | valid ppl  3.51 | best ppl  3.47 
----------------------------------------------------------------------------------------------------
================================================================================
[Memory Breakdown] step 18100
Parameter memory      : 1355.04 MB
Gradient memory       : 0.00 MB
Optimizer state memory: 3.00 MB
GaLore projector mem  : 0.00 MB
CUDA allocated        : 2257.87 MB
CUDA reserved         : 18264.00 MB
CUDA peak allocated   : 17272.64 MB
================================================================================
|===========================================================================|
|                  PyTorch CUDA memory summary, device ID 0                 |
|---------------------------------------------------------------------------|
|            CUDA OOMs: 0            |        cudaMalloc retries: 0         |
|===========================================================================|
|        Metric         | Cur Usage  | Peak Usage | Tot Alloc  | Tot Freed  |
|---------------------------------------------------------------------------|
| Allocated memory      |   2257 MiB |  17272 MiB |   1916 TiB |   1916 TiB |
|       from large pool |   2250 MiB |  17264 MiB |   1912 TiB |   1912 TiB |
|       from small pool |      7 MiB |     10 MiB |      4 TiB |      4 TiB |
|---------------------------------------------------------------------------|
| Active memory         |   2257 MiB |  17272 MiB |   1916 TiB |   1916 TiB |
|       from large pool |   2250 MiB |  17264 MiB |   1912 TiB |   1912 TiB |
|       from small pool |      7 MiB |     10 MiB |      4 TiB |      4 TiB |
|---------------------------------------------------------------------------|
| Requested memory      |   2257 MiB |  17269 MiB |   1916 TiB |   1916 TiB |
|       from large pool |   2249 MiB |  17261 MiB |   1912 TiB |   1912 TiB |
|       from small pool |      7 MiB |     10 MiB |      4 TiB |      4 TiB |
|---------------------------------------------------------------------------|
| GPU reserved memory   |  18264 MiB |  18264 MiB |  18264 MiB |      0 B   |
|       from large pool |  18252 MiB |  18252 MiB |  18252 MiB |      0 B   |
|       from small pool |     12 MiB |     12 MiB |     12 MiB |      0 B   |
|---------------------------------------------------------------------------|
| Non-releasable memory | 141443 KiB |   1855 MiB |   1109 TiB |   1109 TiB |
|       from large pool | 140732 KiB |   1853 MiB |   1104 TiB |   1104 TiB |
|       from small pool |    711 KiB |      3 MiB |      4 TiB |      4 TiB |
|---------------------------------------------------------------------------|
| Allocations           |     470    |     909    |   82582 K  |   82581 K  |
|       from large pool |     125    |     513    |   55448 K  |   55448 K  |
|       from small pool |     345    |     402    |   27133 K  |   27133 K  |
|---------------------------------------------------------------------------|
| Active allocs         |     470    |     909    |   82582 K  |   82581 K  |
|       from large pool |     125    |     513    |   55448 K  |   55448 K  |
|       from small pool |     345    |     402    |   27133 K  |   27133 K  |
|---------------------------------------------------------------------------|
| GPU reserved segments |     230    |     230    |     230    |       0    |
|       from large pool |     224    |     224    |     224    |       0    |
|       from small pool |       6    |       6    |       6    |       0    |
|---------------------------------------------------------------------------|
| Non-releasable allocs |      13    |      47    |   57927 K  |   57927 K  |
|       from large pool |       5    |      39    |   35570 K  |   35570 K  |
|       from small pool |       8    |      11    |   22357 K  |   22357 K  |
|---------------------------------------------------------------------------|
| Oversize allocations  |       0    |       0    |       0    |       0    |
|---------------------------------------------------------------------------|
| Oversize GPU segments |       0    |       0    |       0    |       0    |
|===========================================================================|

| epoch   4 step    18100 |   2326 batches | lr 0.0005 | ms/batch 2821.18 | loss  2.73 | avg loss  2.60 | ppl 13.40
================================================================================
[Memory Breakdown] step 18200
Parameter memory      : 1355.04 MB
Gradient memory       : 0.00 MB
Optimizer state memory: 3.00 MB
GaLore projector mem  : 0.00 MB
CUDA allocated        : 2257.87 MB
CUDA reserved         : 18264.00 MB
CUDA peak allocated   : 17272.64 MB
================================================================================
|===========================================================================|
|                  PyTorch CUDA memory summary, device ID 0                 |
|---------------------------------------------------------------------------|
|            CUDA OOMs: 0            |        cudaMalloc retries: 0         |
|===========================================================================|
|        Metric         | Cur Usage  | Peak Usage | Tot Alloc  | Tot Freed  |
|---------------------------------------------------------------------------|
| Allocated memory      |   2257 MiB |  17272 MiB |   1925 TiB |   1925 TiB |
|       from large pool |   2250 MiB |  17264 MiB |   1921 TiB |   1921 TiB |
|       from small pool |      7 MiB |     10 MiB |      4 TiB |      4 TiB |
|---------------------------------------------------------------------------|
| Active memory         |   2257 MiB |  17272 MiB |   1925 TiB |   1925 TiB |
|       from large pool |   2250 MiB |  17264 MiB |   1921 TiB |   1921 TiB |
|       from small pool |      7 MiB |     10 MiB |      4 TiB |      4 TiB |
|---------------------------------------------------------------------------|
| Requested memory      |   2257 MiB |  17269 MiB |   1925 TiB |   1925 TiB |
|       from large pool |   2249 MiB |  17261 MiB |   1921 TiB |   1921 TiB |
|       from small pool |      7 MiB |     10 MiB |      4 TiB |      4 TiB |
|---------------------------------------------------------------------------|
| GPU reserved memory   |  18264 MiB |  18264 MiB |  18264 MiB |      0 B   |
|       from large pool |  18252 MiB |  18252 MiB |  18252 MiB |      0 B   |
|       from small pool |     12 MiB |     12 MiB |     12 MiB |      0 B   |
|---------------------------------------------------------------------------|
| Non-releasable memory | 141443 KiB |   1855 MiB |   1114 TiB |   1114 TiB |
|       from large pool | 140732 KiB |   1853 MiB |   1110 TiB |   1110 TiB |
|       from small pool |    711 KiB |      3 MiB |      4 TiB |      4 TiB |
|---------------------------------------------------------------------------|
| Allocations           |     470    |     909    |   82958 K  |   82958 K  |
|       from large pool |     125    |     513    |   55697 K  |   55696 K  |
|       from small pool |     345    |     402    |   27261 K  |   27261 K  |
|---------------------------------------------------------------------------|
| Active allocs         |     470    |     909    |   82958 K  |   82958 K  |
|       from large pool |     125    |     513    |   55697 K  |   55696 K  |
|       from small pool |     345    |     402    |   27261 K  |   27261 K  |
|---------------------------------------------------------------------------|
| GPU reserved segments |     230    |     230    |     230    |       0    |
|       from large pool |     224    |     224    |     224    |       0    |
|       from small pool |       6    |       6    |       6    |       0    |
|---------------------------------------------------------------------------|
| Non-releasable allocs |      12    |      47    |   58189 K  |   58189 K  |
|       from large pool |       5    |      39    |   35722 K  |   35722 K  |
|       from small pool |       7    |      11    |   22466 K  |   22466 K  |
|---------------------------------------------------------------------------|
| Oversize allocations  |       0    |       0    |       0    |       0    |
|---------------------------------------------------------------------------|
| Oversize GPU segments |       0    |       0    |       0    |       0    |
|===========================================================================|

| epoch   4 step    18200 |   2426 batches | lr 0.0005 | ms/batch 777.95 | loss  2.47 | avg loss  2.60 | ppl 13.49
================================================================================
[Memory Breakdown] step 18300
Parameter memory      : 1355.04 MB
Gradient memory       : 0.00 MB
Optimizer state memory: 3.00 MB
GaLore projector mem  : 0.00 MB
CUDA allocated        : 2257.87 MB
CUDA reserved         : 18264.00 MB
CUDA peak allocated   : 17272.64 MB
================================================================================
|===========================================================================|
|                  PyTorch CUDA memory summary, device ID 0                 |
|---------------------------------------------------------------------------|
|            CUDA OOMs: 0            |        cudaMalloc retries: 0         |
|===========================================================================|
|        Metric         | Cur Usage  | Peak Usage | Tot Alloc  | Tot Freed  |
|---------------------------------------------------------------------------|
| Allocated memory      |   2257 MiB |  17272 MiB |   1935 TiB |   1935 TiB |
|       from large pool |   2250 MiB |  17264 MiB |   1930 TiB |   1930 TiB |
|       from small pool |      7 MiB |     10 MiB |      4 TiB |      4 TiB |
|---------------------------------------------------------------------------|
| Active memory         |   2257 MiB |  17272 MiB |   1935 TiB |   1935 TiB |
|       from large pool |   2250 MiB |  17264 MiB |   1930 TiB |   1930 TiB |
|       from small pool |      7 MiB |     10 MiB |      4 TiB |      4 TiB |
|---------------------------------------------------------------------------|
| Requested memory      |   2257 MiB |  17269 MiB |   1935 TiB |   1935 TiB |
|       from large pool |   2249 MiB |  17261 MiB |   1930 TiB |   1930 TiB |
|       from small pool |      7 MiB |     10 MiB |      4 TiB |      4 TiB |
|---------------------------------------------------------------------------|
| GPU reserved memory   |  18264 MiB |  18264 MiB |  18264 MiB |      0 B   |
|       from large pool |  18252 MiB |  18252 MiB |  18252 MiB |      0 B   |
|       from small pool |     12 MiB |     12 MiB |     12 MiB |      0 B   |
|---------------------------------------------------------------------------|
| Non-releasable memory | 141443 KiB |   1855 MiB |   1120 TiB |   1120 TiB |
|       from large pool | 140732 KiB |   1853 MiB |   1115 TiB |   1115 TiB |
|       from small pool |    711 KiB |      3 MiB |      4 TiB |      4 TiB |
|---------------------------------------------------------------------------|
| Allocations           |     470    |     909    |   83335 K  |   83334 K  |
|       from large pool |     125    |     513    |   55945 K  |   55945 K  |
|       from small pool |     345    |     402    |   27389 K  |   27389 K  |
|---------------------------------------------------------------------------|
| Active allocs         |     470    |     909    |   83335 K  |   83334 K  |
|       from large pool |     125    |     513    |   55945 K  |   55945 K  |
|       from small pool |     345    |     402    |   27389 K  |   27389 K  |
|---------------------------------------------------------------------------|
| GPU reserved segments |     230    |     230    |     230    |       0    |
|       from large pool |     224    |     224    |     224    |       0    |
|       from small pool |       6    |       6    |       6    |       0    |
|---------------------------------------------------------------------------|
| Non-releasable allocs |      13    |      47    |   58451 K  |   58451 K  |
|       from large pool |       5    |      39    |   35875 K  |   35875 K  |
|       from small pool |       8    |      11    |   22575 K  |   22575 K  |
|---------------------------------------------------------------------------|
| Oversize allocations  |       0    |       0    |       0    |       0    |
|---------------------------------------------------------------------------|
| Oversize GPU segments |       0    |       0    |       0    |       0    |
|===========================================================================|

| epoch   4 step    18300 |   2526 batches | lr 0.0005 | ms/batch 778.00 | loss  2.45 | avg loss  2.62 | ppl 13.69
================================================================================
[Memory Breakdown] step 18400
Parameter memory      : 1355.04 MB
Gradient memory       : 0.00 MB
Optimizer state memory: 3.00 MB
GaLore projector mem  : 0.00 MB
CUDA allocated        : 2257.87 MB
CUDA reserved         : 18264.00 MB
CUDA peak allocated   : 17272.64 MB
================================================================================
|===========================================================================|
|                  PyTorch CUDA memory summary, device ID 0                 |
|---------------------------------------------------------------------------|
|            CUDA OOMs: 0            |        cudaMalloc retries: 0         |
|===========================================================================|
|        Metric         | Cur Usage  | Peak Usage | Tot Alloc  | Tot Freed  |
|---------------------------------------------------------------------------|
| Allocated memory      |   2257 MiB |  17272 MiB |   1944 TiB |   1944 TiB |
|       from large pool |   2250 MiB |  17264 MiB |   1940 TiB |   1940 TiB |
|       from small pool |      7 MiB |     10 MiB |      4 TiB |      4 TiB |
|---------------------------------------------------------------------------|
| Active memory         |   2257 MiB |  17272 MiB |   1944 TiB |   1944 TiB |
|       from large pool |   2250 MiB |  17264 MiB |   1940 TiB |   1940 TiB |
|       from small pool |      7 MiB |     10 MiB |      4 TiB |      4 TiB |
|---------------------------------------------------------------------------|
| Requested memory      |   2257 MiB |  17269 MiB |   1944 TiB |   1944 TiB |
|       from large pool |   2249 MiB |  17261 MiB |   1940 TiB |   1940 TiB |
|       from small pool |      7 MiB |     10 MiB |      4 TiB |      4 TiB |
|---------------------------------------------------------------------------|
| GPU reserved memory   |  18264 MiB |  18264 MiB |  18264 MiB |      0 B   |
|       from large pool |  18252 MiB |  18252 MiB |  18252 MiB |      0 B   |
|       from small pool |     12 MiB |     12 MiB |     12 MiB |      0 B   |
|---------------------------------------------------------------------------|
| Non-releasable memory | 141443 KiB |   1855 MiB |   1125 TiB |   1125 TiB |
|       from large pool | 140732 KiB |   1853 MiB |   1121 TiB |   1121 TiB |
|       from small pool |    711 KiB |      3 MiB |      4 TiB |      4 TiB |
|---------------------------------------------------------------------------|
| Allocations           |     470    |     909    |   83711 K  |   83711 K  |
|       from large pool |     125    |     513    |   56194 K  |   56193 K  |
|       from small pool |     345    |     402    |   27517 K  |   27517 K  |
|---------------------------------------------------------------------------|
| Active allocs         |     470    |     909    |   83711 K  |   83711 K  |
|       from large pool |     125    |     513    |   56194 K  |   56193 K  |
|       from small pool |     345    |     402    |   27517 K  |   27517 K  |
|---------------------------------------------------------------------------|
| GPU reserved segments |     230    |     230    |     230    |       0    |
|       from large pool |     224    |     224    |     224    |       0    |
|       from small pool |       6    |       6    |       6    |       0    |
|---------------------------------------------------------------------------|
| Non-releasable allocs |      13    |      47    |   58712 K  |   58712 K  |
|       from large pool |       5    |      39    |   36027 K  |   36027 K  |
|       from small pool |       8    |      11    |   22685 K  |   22685 K  |
|---------------------------------------------------------------------------|
| Oversize allocations  |       0    |       0    |       0    |       0    |
|---------------------------------------------------------------------------|
| Oversize GPU segments |       0    |       0    |       0    |       0    |
|===========================================================================|

| epoch   4 step    18400 |   2626 batches | lr 0.0005 | ms/batch 777.94 | loss  2.73 | avg loss  2.59 | ppl 13.37
================================================================================
[Memory Breakdown] step 18500
Parameter memory      : 1355.04 MB
Gradient memory       : 0.00 MB
Optimizer state memory: 3.00 MB
GaLore projector mem  : 0.00 MB
CUDA allocated        : 2257.87 MB
CUDA reserved         : 18264.00 MB
CUDA peak allocated   : 17272.64 MB
================================================================================
|===========================================================================|
|                  PyTorch CUDA memory summary, device ID 0                 |
|---------------------------------------------------------------------------|
|            CUDA OOMs: 0            |        cudaMalloc retries: 0         |
|===========================================================================|
|        Metric         | Cur Usage  | Peak Usage | Tot Alloc  | Tot Freed  |
|---------------------------------------------------------------------------|
| Allocated memory      |   2257 MiB |  17272 MiB |   1953 TiB |   1953 TiB |
|       from large pool |   2250 MiB |  17264 MiB |   1949 TiB |   1949 TiB |
|       from small pool |      7 MiB |     10 MiB |      4 TiB |      4 TiB |
|---------------------------------------------------------------------------|
| Active memory         |   2257 MiB |  17272 MiB |   1953 TiB |   1953 TiB |
|       from large pool |   2250 MiB |  17264 MiB |   1949 TiB |   1949 TiB |
|       from small pool |      7 MiB |     10 MiB |      4 TiB |      4 TiB |
|---------------------------------------------------------------------------|
| Requested memory      |   2257 MiB |  17269 MiB |   1953 TiB |   1953 TiB |
|       from large pool |   2249 MiB |  17261 MiB |   1949 TiB |   1949 TiB |
|       from small pool |      7 MiB |     10 MiB |      4 TiB |      4 TiB |
|---------------------------------------------------------------------------|
| GPU reserved memory   |  18264 MiB |  18264 MiB |  18264 MiB |      0 B   |
|       from large pool |  18252 MiB |  18252 MiB |  18252 MiB |      0 B   |
|       from small pool |     12 MiB |     12 MiB |     12 MiB |      0 B   |
|---------------------------------------------------------------------------|
| Non-releasable memory | 141443 KiB |   1855 MiB |   1131 TiB |   1131 TiB |
|       from large pool | 140732 KiB |   1853 MiB |   1126 TiB |   1126 TiB |
|       from small pool |    711 KiB |      3 MiB |      4 TiB |      4 TiB |
|---------------------------------------------------------------------------|
| Allocations           |     470    |     909    |   84088 K  |   84087 K  |
|       from large pool |     125    |     513    |   56442 K  |   56442 K  |
|       from small pool |     345    |     402    |   27645 K  |   27645 K  |
|---------------------------------------------------------------------------|
| Active allocs         |     470    |     909    |   84088 K  |   84087 K  |
|       from large pool |     125    |     513    |   56442 K  |   56442 K  |
|       from small pool |     345    |     402    |   27645 K  |   27645 K  |
|---------------------------------------------------------------------------|
| GPU reserved segments |     230    |     230    |     230    |       0    |
|       from large pool |     224    |     224    |     224    |       0    |
|       from small pool |       6    |       6    |       6    |       0    |
|---------------------------------------------------------------------------|
| Non-releasable allocs |      12    |      47    |   58974 K  |   58974 K  |
|       from large pool |       5    |      39    |   36180 K  |   36180 K  |
|       from small pool |       7    |      11    |   22794 K  |   22794 K  |
|---------------------------------------------------------------------------|
| Oversize allocations  |       0    |       0    |       0    |       0    |
|---------------------------------------------------------------------------|
| Oversize GPU segments |       0    |       0    |       0    |       0    |
|===========================================================================|

| epoch   4 step    18500 |   2726 batches | lr 0.0005 | ms/batch 778.08 | loss  2.59 | avg loss  2.58 | ppl 13.21
================================================================================
[Memory Breakdown] step 18600
Parameter memory      : 1355.04 MB
Gradient memory       : 0.00 MB
Optimizer state memory: 3.00 MB
GaLore projector mem  : 0.00 MB
CUDA allocated        : 2257.87 MB
CUDA reserved         : 18264.00 MB
CUDA peak allocated   : 17272.64 MB
================================================================================
|===========================================================================|
|                  PyTorch CUDA memory summary, device ID 0                 |
|---------------------------------------------------------------------------|
|            CUDA OOMs: 0            |        cudaMalloc retries: 0         |
|===========================================================================|
|        Metric         | Cur Usage  | Peak Usage | Tot Alloc  | Tot Freed  |
|---------------------------------------------------------------------------|
| Allocated memory      |   2257 MiB |  17272 MiB |   1963 TiB |   1963 TiB |
|       from large pool |   2250 MiB |  17264 MiB |   1958 TiB |   1958 TiB |
|       from small pool |      7 MiB |     10 MiB |      4 TiB |      4 TiB |
|---------------------------------------------------------------------------|
| Active memory         |   2257 MiB |  17272 MiB |   1963 TiB |   1963 TiB |
|       from large pool |   2250 MiB |  17264 MiB |   1958 TiB |   1958 TiB |
|       from small pool |      7 MiB |     10 MiB |      4 TiB |      4 TiB |
|---------------------------------------------------------------------------|
| Requested memory      |   2257 MiB |  17269 MiB |   1963 TiB |   1963 TiB |
|       from large pool |   2249 MiB |  17261 MiB |   1958 TiB |   1958 TiB |
|       from small pool |      7 MiB |     10 MiB |      4 TiB |      4 TiB |
|---------------------------------------------------------------------------|
| GPU reserved memory   |  18264 MiB |  18264 MiB |  18264 MiB |      0 B   |
|       from large pool |  18252 MiB |  18252 MiB |  18252 MiB |      0 B   |
|       from small pool |     12 MiB |     12 MiB |     12 MiB |      0 B   |
|---------------------------------------------------------------------------|
| Non-releasable memory | 141443 KiB |   1855 MiB |   1136 TiB |   1136 TiB |
|       from large pool | 140732 KiB |   1853 MiB |   1132 TiB |   1132 TiB |
|       from small pool |    711 KiB |      3 MiB |      4 TiB |      4 TiB |
|---------------------------------------------------------------------------|
| Allocations           |     470    |     909    |   84464 K  |   84464 K  |
|       from large pool |     125    |     513    |   56691 K  |   56690 K  |
|       from small pool |     345    |     402    |   27773 K  |   27773 K  |
|---------------------------------------------------------------------------|
| Active allocs         |     470    |     909    |   84464 K  |   84464 K  |
|       from large pool |     125    |     513    |   56691 K  |   56690 K  |
|       from small pool |     345    |     402    |   27773 K  |   27773 K  |
|---------------------------------------------------------------------------|
| GPU reserved segments |     230    |     230    |     230    |       0    |
|       from large pool |     224    |     224    |     224    |       0    |
|       from small pool |       6    |       6    |       6    |       0    |
|---------------------------------------------------------------------------|
| Non-releasable allocs |      13    |      47    |   59236 K  |   59236 K  |
|       from large pool |       5    |      39    |   36332 K  |   36332 K  |
|       from small pool |       8    |      11    |   22903 K  |   22903 K  |
|---------------------------------------------------------------------------|
| Oversize allocations  |       0    |       0    |       0    |       0    |
|---------------------------------------------------------------------------|
| Oversize GPU segments |       0    |       0    |       0    |       0    |
|===========================================================================|

| epoch   4 step    18600 |   2826 batches | lr 0.0005 | ms/batch 777.92 | loss  2.34 | avg loss  2.63 | ppl 13.81
================================================================================
[Memory Breakdown] step 18700
Parameter memory      : 1355.04 MB
Gradient memory       : 0.00 MB
Optimizer state memory: 3.00 MB
GaLore projector mem  : 0.00 MB
CUDA allocated        : 2257.87 MB
CUDA reserved         : 18264.00 MB
CUDA peak allocated   : 17272.64 MB
================================================================================
|===========================================================================|
|                  PyTorch CUDA memory summary, device ID 0                 |
|---------------------------------------------------------------------------|
|            CUDA OOMs: 0            |        cudaMalloc retries: 0         |
|===========================================================================|
|        Metric         | Cur Usage  | Peak Usage | Tot Alloc  | Tot Freed  |
|---------------------------------------------------------------------------|
| Allocated memory      |   2257 MiB |  17272 MiB |   1972 TiB |   1972 TiB |
|       from large pool |   2250 MiB |  17264 MiB |   1968 TiB |   1968 TiB |
|       from small pool |      7 MiB |     10 MiB |      4 TiB |      4 TiB |
|---------------------------------------------------------------------------|
| Active memory         |   2257 MiB |  17272 MiB |   1972 TiB |   1972 TiB |
|       from large pool |   2250 MiB |  17264 MiB |   1968 TiB |   1968 TiB |
|       from small pool |      7 MiB |     10 MiB |      4 TiB |      4 TiB |
|---------------------------------------------------------------------------|
| Requested memory      |   2257 MiB |  17269 MiB |   1972 TiB |   1972 TiB |
|       from large pool |   2249 MiB |  17261 MiB |   1968 TiB |   1968 TiB |
|       from small pool |      7 MiB |     10 MiB |      4 TiB |      4 TiB |
|---------------------------------------------------------------------------|
| GPU reserved memory   |  18264 MiB |  18264 MiB |  18264 MiB |      0 B   |
|       from large pool |  18252 MiB |  18252 MiB |  18252 MiB |      0 B   |
|       from small pool |     12 MiB |     12 MiB |     12 MiB |      0 B   |
|---------------------------------------------------------------------------|
| Non-releasable memory | 141443 KiB |   1855 MiB |   1142 TiB |   1142 TiB |
|       from large pool | 140732 KiB |   1853 MiB |   1137 TiB |   1137 TiB |
|       from small pool |    711 KiB |      3 MiB |      4 TiB |      4 TiB |
|---------------------------------------------------------------------------|
| Allocations           |     470    |     909    |   84841 K  |   84840 K  |
|       from large pool |     125    |     513    |   56939 K  |   56939 K  |
|       from small pool |     345    |     402    |   27901 K  |   27901 K  |
|---------------------------------------------------------------------------|
| Active allocs         |     470    |     909    |   84841 K  |   84840 K  |
|       from large pool |     125    |     513    |   56939 K  |   56939 K  |
|       from small pool |     345    |     402    |   27901 K  |   27901 K  |
|---------------------------------------------------------------------------|
| GPU reserved segments |     230    |     230    |     230    |       0    |
|       from large pool |     224    |     224    |     224    |       0    |
|       from small pool |       6    |       6    |       6    |       0    |
|---------------------------------------------------------------------------|
| Non-releasable allocs |      13    |      47    |   59498 K  |   59498 K  |
|       from large pool |       5    |      39    |   36485 K  |   36485 K  |
|       from small pool |       8    |      11    |   23012 K  |   23012 K  |
|---------------------------------------------------------------------------|
| Oversize allocations  |       0    |       0    |       0    |       0    |
|---------------------------------------------------------------------------|
| Oversize GPU segments |       0    |       0    |       0    |       0    |
|===========================================================================|

| epoch   4 step    18700 |   2926 batches | lr 0.0005 | ms/batch 777.96 | loss  2.37 | avg loss  2.59 | ppl 13.31
================================================================================
[Memory Breakdown] step 18800
Parameter memory      : 1355.04 MB
Gradient memory       : 0.00 MB
Optimizer state memory: 3.00 MB
GaLore projector mem  : 0.00 MB
CUDA allocated        : 2257.87 MB
CUDA reserved         : 18264.00 MB
CUDA peak allocated   : 17272.64 MB
================================================================================
|===========================================================================|
|                  PyTorch CUDA memory summary, device ID 0                 |
|---------------------------------------------------------------------------|
|            CUDA OOMs: 0            |        cudaMalloc retries: 0         |
|===========================================================================|
|        Metric         | Cur Usage  | Peak Usage | Tot Alloc  | Tot Freed  |
|---------------------------------------------------------------------------|
| Allocated memory      |   2257 MiB |  17272 MiB |   1982 TiB |   1982 TiB |
|       from large pool |   2250 MiB |  17264 MiB |   1977 TiB |   1977 TiB |
|       from small pool |      7 MiB |     10 MiB |      4 TiB |      4 TiB |
|---------------------------------------------------------------------------|
| Active memory         |   2257 MiB |  17272 MiB |   1982 TiB |   1982 TiB |
|       from large pool |   2250 MiB |  17264 MiB |   1977 TiB |   1977 TiB |
|       from small pool |      7 MiB |     10 MiB |      4 TiB |      4 TiB |
|---------------------------------------------------------------------------|
| Requested memory      |   2257 MiB |  17269 MiB |   1981 TiB |   1981 TiB |
|       from large pool |   2249 MiB |  17261 MiB |   1977 TiB |   1977 TiB |
|       from small pool |      7 MiB |     10 MiB |      4 TiB |      4 TiB |
|---------------------------------------------------------------------------|
| GPU reserved memory   |  18264 MiB |  18264 MiB |  18264 MiB |      0 B   |
|       from large pool |  18252 MiB |  18252 MiB |  18252 MiB |      0 B   |
|       from small pool |     12 MiB |     12 MiB |     12 MiB |      0 B   |
|---------------------------------------------------------------------------|
| Non-releasable memory | 141443 KiB |   1855 MiB |   1147 TiB |   1147 TiB |
|       from large pool | 140732 KiB |   1853 MiB |   1143 TiB |   1143 TiB |
|       from small pool |    711 KiB |      3 MiB |      4 TiB |      4 TiB |
|---------------------------------------------------------------------------|
| Allocations           |     470    |     909    |   85217 K  |   85217 K  |
|       from large pool |     125    |     513    |   57188 K  |   57187 K  |
|       from small pool |     345    |     402    |   28029 K  |   28029 K  |
|---------------------------------------------------------------------------|
| Active allocs         |     470    |     909    |   85217 K  |   85217 K  |
|       from large pool |     125    |     513    |   57188 K  |   57187 K  |
|       from small pool |     345    |     402    |   28029 K  |   28029 K  |
|---------------------------------------------------------------------------|
| GPU reserved segments |     230    |     230    |     230    |       0    |
|       from large pool |     224    |     224    |     224    |       0    |
|       from small pool |       6    |       6    |       6    |       0    |
|---------------------------------------------------------------------------|
| Non-releasable allocs |      12    |      47    |   59759 K  |   59759 K  |
|       from large pool |       5    |      39    |   36637 K  |   36637 K  |
|       from small pool |       7    |      11    |   23121 K  |   23121 K  |
|---------------------------------------------------------------------------|
| Oversize allocations  |       0    |       0    |       0    |       0    |
|---------------------------------------------------------------------------|
| Oversize GPU segments |       0    |       0    |       0    |       0    |
|===========================================================================|

| epoch   4 step    18800 |   3026 batches | lr 0.0005 | ms/batch 777.76 | loss  2.35 | avg loss  2.62 | ppl 13.74
================================================================================
[Memory Breakdown] step 18900
Parameter memory      : 1355.04 MB
Gradient memory       : 0.00 MB
Optimizer state memory: 3.00 MB
GaLore projector mem  : 0.00 MB
CUDA allocated        : 2257.87 MB
CUDA reserved         : 18264.00 MB
CUDA peak allocated   : 17272.64 MB
================================================================================
|===========================================================================|
|                  PyTorch CUDA memory summary, device ID 0                 |
|---------------------------------------------------------------------------|
|            CUDA OOMs: 0            |        cudaMalloc retries: 0         |
|===========================================================================|
|        Metric         | Cur Usage  | Peak Usage | Tot Alloc  | Tot Freed  |
|---------------------------------------------------------------------------|
| Allocated memory      |   2257 MiB |  17272 MiB |   1991 TiB |   1991 TiB |
|       from large pool |   2250 MiB |  17264 MiB |   1986 TiB |   1986 TiB |
|       from small pool |      7 MiB |     10 MiB |      4 TiB |      4 TiB |
|---------------------------------------------------------------------------|
| Active memory         |   2257 MiB |  17272 MiB |   1991 TiB |   1991 TiB |
|       from large pool |   2250 MiB |  17264 MiB |   1986 TiB |   1986 TiB |
|       from small pool |      7 MiB |     10 MiB |      4 TiB |      4 TiB |
|---------------------------------------------------------------------------|
| Requested memory      |   2257 MiB |  17269 MiB |   1991 TiB |   1991 TiB |
|       from large pool |   2249 MiB |  17261 MiB |   1986 TiB |   1986 TiB |
|       from small pool |      7 MiB |     10 MiB |      4 TiB |      4 TiB |
|---------------------------------------------------------------------------|
| GPU reserved memory   |  18264 MiB |  18264 MiB |  18264 MiB |      0 B   |
|       from large pool |  18252 MiB |  18252 MiB |  18252 MiB |      0 B   |
|       from small pool |     12 MiB |     12 MiB |     12 MiB |      0 B   |
|---------------------------------------------------------------------------|
| Non-releasable memory | 141443 KiB |   1855 MiB |   1153 TiB |   1153 TiB |
|       from large pool | 140732 KiB |   1853 MiB |   1148 TiB |   1148 TiB |
|       from small pool |    711 KiB |      3 MiB |      4 TiB |      4 TiB |
|---------------------------------------------------------------------------|
| Allocations           |     470    |     909    |   85594 K  |   85593 K  |
|       from large pool |     125    |     513    |   57436 K  |   57436 K  |
|       from small pool |     345    |     402    |   28157 K  |   28157 K  |
|---------------------------------------------------------------------------|
| Active allocs         |     470    |     909    |   85594 K  |   85593 K  |
|       from large pool |     125    |     513    |   57436 K  |   57436 K  |
|       from small pool |     345    |     402    |   28157 K  |   28157 K  |
|---------------------------------------------------------------------------|
| GPU reserved segments |     230    |     230    |     230    |       0    |
|       from large pool |     224    |     224    |     224    |       0    |
|       from small pool |       6    |       6    |       6    |       0    |
|---------------------------------------------------------------------------|
| Non-releasable allocs |      13    |      47    |   60021 K  |   60021 K  |
|       from large pool |       5    |      39    |   36790 K  |   36790 K  |
|       from small pool |       8    |      11    |   23231 K  |   23231 K  |
|---------------------------------------------------------------------------|
| Oversize allocations  |       0    |       0    |       0    |       0    |
|---------------------------------------------------------------------------|
| Oversize GPU segments |       0    |       0    |       0    |       0    |
|===========================================================================|

| epoch   4 step    18900 |   3126 batches | lr 0.0005 | ms/batch 786.35 | loss  2.56 | avg loss  2.61 | ppl 13.65
================================================================================
[Memory Breakdown] step 19000
Parameter memory      : 1355.04 MB
Gradient memory       : 0.00 MB
Optimizer state memory: 3.00 MB
GaLore projector mem  : 0.00 MB
CUDA allocated        : 2257.87 MB
CUDA reserved         : 18264.00 MB
CUDA peak allocated   : 17272.64 MB
================================================================================
|===========================================================================|
|                  PyTorch CUDA memory summary, device ID 0                 |
|---------------------------------------------------------------------------|
|            CUDA OOMs: 0            |        cudaMalloc retries: 0         |
|===========================================================================|
|        Metric         | Cur Usage  | Peak Usage | Tot Alloc  | Tot Freed  |
|---------------------------------------------------------------------------|
| Allocated memory      |   2257 MiB |  17272 MiB |   2000 TiB |   2000 TiB |
|       from large pool |   2250 MiB |  17264 MiB |   1996 TiB |   1996 TiB |
|       from small pool |      7 MiB |     10 MiB |      4 TiB |      4 TiB |
|---------------------------------------------------------------------------|
| Active memory         |   2257 MiB |  17272 MiB |   2000 TiB |   2000 TiB |
|       from large pool |   2250 MiB |  17264 MiB |   1996 TiB |   1996 TiB |
|       from small pool |      7 MiB |     10 MiB |      4 TiB |      4 TiB |
|---------------------------------------------------------------------------|
| Requested memory      |   2257 MiB |  17269 MiB |   2000 TiB |   2000 TiB |
|       from large pool |   2249 MiB |  17261 MiB |   1996 TiB |   1996 TiB |
|       from small pool |      7 MiB |     10 MiB |      4 TiB |      4 TiB |
|---------------------------------------------------------------------------|
| GPU reserved memory   |  18264 MiB |  18264 MiB |  18264 MiB |      0 B   |
|       from large pool |  18252 MiB |  18252 MiB |  18252 MiB |      0 B   |
|       from small pool |     12 MiB |     12 MiB |     12 MiB |      0 B   |
|---------------------------------------------------------------------------|
| Non-releasable memory | 141443 KiB |   1855 MiB |   1158 TiB |   1158 TiB |
|       from large pool | 140732 KiB |   1853 MiB |   1154 TiB |   1154 TiB |
|       from small pool |    711 KiB |      3 MiB |      4 TiB |      4 TiB |
|---------------------------------------------------------------------------|
| Allocations           |     470    |     909    |   85970 K  |   85970 K  |
|       from large pool |     125    |     513    |   57685 K  |   57684 K  |
|       from small pool |     345    |     402    |   28285 K  |   28285 K  |
|---------------------------------------------------------------------------|
| Active allocs         |     470    |     909    |   85970 K  |   85970 K  |
|       from large pool |     125    |     513    |   57685 K  |   57684 K  |
|       from small pool |     345    |     402    |   28285 K  |   28285 K  |
|---------------------------------------------------------------------------|
| GPU reserved segments |     230    |     230    |     230    |       0    |
|       from large pool |     224    |     224    |     224    |       0    |
|       from small pool |       6    |       6    |       6    |       0    |
|---------------------------------------------------------------------------|
| Non-releasable allocs |      13    |      47    |   60283 K  |   60283 K  |
|       from large pool |       5    |      39    |   36942 K  |   36942 K  |
|       from small pool |       8    |      11    |   23340 K  |   23340 K  |
|---------------------------------------------------------------------------|
| Oversize allocations  |       0    |       0    |       0    |       0    |
|---------------------------------------------------------------------------|
| Oversize GPU segments |       0    |       0    |       0    |       0    |
|===========================================================================|

| epoch   4 step    19000 |   3226 batches | lr 0.0005 | ms/batch 781.33 | loss  2.92 | avg loss  2.62 | ppl 13.68
saving checkpoint ./trained_models/GPT2_M/e2e/model.19000.pt
================================================================================
[Memory Breakdown] step 19100
Parameter memory      : 1355.04 MB
Gradient memory       : 0.00 MB
Optimizer state memory: 3.00 MB
GaLore projector mem  : 0.00 MB
CUDA allocated        : 2257.87 MB
CUDA reserved         : 18264.00 MB
CUDA peak allocated   : 17272.64 MB
================================================================================
|===========================================================================|
|                  PyTorch CUDA memory summary, device ID 0                 |
|---------------------------------------------------------------------------|
|            CUDA OOMs: 0            |        cudaMalloc retries: 0         |
|===========================================================================|
|        Metric         | Cur Usage  | Peak Usage | Tot Alloc  | Tot Freed  |
|---------------------------------------------------------------------------|
| Allocated memory      |   2257 MiB |  17272 MiB |   2010 TiB |   2010 TiB |
|       from large pool |   2250 MiB |  17264 MiB |   2005 TiB |   2005 TiB |
|       from small pool |      7 MiB |     10 MiB |      4 TiB |      4 TiB |
|---------------------------------------------------------------------------|
| Active memory         |   2257 MiB |  17272 MiB |   2010 TiB |   2010 TiB |
|       from large pool |   2250 MiB |  17264 MiB |   2005 TiB |   2005 TiB |
|       from small pool |      7 MiB |     10 MiB |      4 TiB |      4 TiB |
|---------------------------------------------------------------------------|
| Requested memory      |   2257 MiB |  17269 MiB |   2010 TiB |   2010 TiB |
|       from large pool |   2249 MiB |  17261 MiB |   2005 TiB |   2005 TiB |
|       from small pool |      7 MiB |     10 MiB |      4 TiB |      4 TiB |
|---------------------------------------------------------------------------|
| GPU reserved memory   |  18264 MiB |  18264 MiB |  18264 MiB |      0 B   |
|       from large pool |  18252 MiB |  18252 MiB |  18252 MiB |      0 B   |
|       from small pool |     12 MiB |     12 MiB |     12 MiB |      0 B   |
|---------------------------------------------------------------------------|
| Non-releasable memory | 141443 KiB |   1855 MiB |   1164 TiB |   1164 TiB |
|       from large pool | 140732 KiB |   1853 MiB |   1159 TiB |   1159 TiB |
|       from small pool |    711 KiB |      3 MiB |      4 TiB |      4 TiB |
|---------------------------------------------------------------------------|
| Allocations           |     470    |     909    |   86347 K  |   86346 K  |
|       from large pool |     125    |     513    |   57933 K  |   57933 K  |
|       from small pool |     345    |     402    |   28413 K  |   28413 K  |
|---------------------------------------------------------------------------|
| Active allocs         |     470    |     909    |   86347 K  |   86346 K  |
|       from large pool |     125    |     513    |   57933 K  |   57933 K  |
|       from small pool |     345    |     402    |   28413 K  |   28413 K  |
|---------------------------------------------------------------------------|
| GPU reserved segments |     230    |     230    |     230    |       0    |
|       from large pool |     224    |     224    |     224    |       0    |
|       from small pool |       6    |       6    |       6    |       0    |
|---------------------------------------------------------------------------|
| Non-releasable allocs |      11    |      47    |   60544 K  |   60544 K  |
|       from large pool |       5    |      39    |   37095 K  |   37095 K  |
|       from small pool |       6    |      11    |   23449 K  |   23449 K  |
|---------------------------------------------------------------------------|
| Oversize allocations  |       0    |       0    |       0    |       0    |
|---------------------------------------------------------------------------|
| Oversize GPU segments |       0    |       0    |       0    |       0    |
|===========================================================================|

| epoch   4 step    19100 |   3326 batches | lr 0.0005 | ms/batch 782.58 | loss  2.85 | avg loss  2.60 | ppl 13.43
E0602 07:16:42.822000 3066247 site-packages/torch/distributed/elastic/multiprocessing/api.py:874] failed (exitcode: -9) local_rank: 0 (pid: 3066312) of binary: /home/ycyh/miniconda3/envs/LoRA/bin/python3.11
Traceback (most recent call last):
  File "/home/ycyh/miniconda3/envs/LoRA/bin/torchrun", line 7, in <module>
    sys.exit(main())
             ^^^^^^
  File "/home/ycyh/miniconda3/envs/LoRA/lib/python3.11/site-packages/torch/distributed/elastic/multiprocessing/errors/__init__.py", line 355, in wrapper
    return f(*args, **kwargs)
           ^^^^^^^^^^^^^^^^^^
  File "/home/ycyh/miniconda3/envs/LoRA/lib/python3.11/site-packages/torch/distributed/run.py", line 892, in main
    run(args)
  File "/home/ycyh/miniconda3/envs/LoRA/lib/python3.11/site-packages/torch/distributed/run.py", line 883, in run
    elastic_launch(
  File "/home/ycyh/miniconda3/envs/LoRA/lib/python3.11/site-packages/torch/distributed/launcher/api.py", line 139, in __call__
    return launch_agent(self._config, self._entrypoint, list(args))
           ^^^^^^^^^^^^^^^^^^^^^^^^^^^^^^^^^^^^^^^^^^^^^^^^^^^^^^^^
  File "/home/ycyh/miniconda3/envs/LoRA/lib/python3.11/site-packages/torch/distributed/launcher/api.py", line 270, in launch_agent
    raise ChildFailedError(
torch.distributed.elastic.multiprocessing.errors.ChildFailedError: 
========================================================
src/gpt2_ft.py FAILED
--------------------------------------------------------
Failures:
  <NO_OTHER_FAILURES>
--------------------------------------------------------
Root Cause (first observed failure):
[0]:
  time      : 2026-06-02_07:16:42
  host      : h3c
  rank      : 0 (local_rank: 0)
  exitcode  : -9 (pid: 3066312)
  error_file: <N/A>
  traceback : Signal 9 (SIGKILL) received by PID 3066312
========================================================
