nohup: ignoring input
myrank: 0 local_rank: 0 device_count: 1 world_size: 1
====================================================================================================
        - platform : local
        - local_rank : 0
        - rank : 0
        - device : cuda:0
        - world_size : 1
        - random_seed : 110
        - lr : 0.0001
        - weight_decay : 0.01
        - correct_bias : True
        - adam_epislon : 1e-06
        - no_decay_bias : False
        - adam_beta1 : 0.9
        - adam_beta2 : 0.999
        - scheduler : None
        - max_step : None
        - max_epoch : 5
        - warmup_step : 500
        - i_steps : 0
        - i_lrs : 0.00025
        - train_data : ./data/e2e/train.jsonl
        - valid_data : ./data/e2e/valid.jsonl
        - train_batch_size : 8
        - valid_batch_size : 4
        - grad_acc : 1
        - clip : 0.0
        - seq_len : 512
        - model_card : gpt2.md
        - init_checkpoint : ./pretrained_checkpoints/gpt2-medium-pytorch_model.bin
        - fp16 : False
        - log_interval : 100
        - eval_interval : 2000
        - save_interval : 1000
        - work_dir : ./trained_models/GPT2_M/e2e
        - lora_dim : 4
        - lora_alpha : 32
        - obj : clm
        - lora_dropout : 0.1
        - label_smooth : 0.1
        - roll_interval : -1
        - roll_lr : 1e-05
        - roll_step : 100
        - eval_epoch : 1
        - dist : <module 'torch.distributed' from '/home/ycyh/miniconda3/envs/LoRA/lib/python3.11/site-packages/torch/distributed/__init__.py'>
====================================================================================================
Experiment dir : ./trained_models/GPT2_M/e2e
loading model pretrained weight.
set max_step: 26290
start to train the model................ 1
| epoch   1 step      100 |    100 batches | lr 0.0001 | ms/batch 1621.77 | loss  6.12 | avg loss  5.75 | ppl 315.02
| epoch   1 step      200 |    200 batches | lr 0.0001 | ms/batch 1622.36 | loss  6.00 | avg loss  5.79 | ppl 327.46
| epoch   1 step      300 |    300 batches | lr 0.0001 | ms/batch 1621.66 | loss  5.82 | avg loss  5.77 | ppl 319.41
[rank0]:[W508 17:53:55.939089236 TCPStore.cpp:125] [c10d] recvValue failed on SocketImpl(fd=3, addr=[localhost]:60642, remote=[localhost]:29504): failed to recv, got 0 bytes
Exception raised from recvBytes at /pytorch/torch/csrc/distributed/c10d/Utils.hpp:678 (most recent call first):
frame #0: c10::Error::Error(c10::SourceLocation, std::__cxx11::basic_string<char, std::char_traits<char>, std::allocator<char> >) + 0x98 (0x7d295f5785e8 in /home/ycyh/miniconda3/envs/LoRA/lib/python3.11/site-packages/torch/lib/libc10.so)
frame #1: <unknown function> + 0x5ba8b0e (0x7d29511a8b0e in /home/ycyh/miniconda3/envs/LoRA/lib/python3.11/site-packages/torch/lib/libtorch_cpu.so)
frame #2: <unknown function> + 0x5baae50 (0x7d29511aae50 in /home/ycyh/miniconda3/envs/LoRA/lib/python3.11/site-packages/torch/lib/libtorch_cpu.so)
frame #3: <unknown function> + 0x5bab75a (0x7d29511ab75a in /home/ycyh/miniconda3/envs/LoRA/lib/python3.11/site-packages/torch/lib/libtorch_cpu.so)
frame #4: c10d::TCPStore::check(std::vector<std::__cxx11::basic_string<char, std::char_traits<char>, std::allocator<char> >, std::allocator<std::__cxx11::basic_string<char, std::char_traits<char>, std::allocator<char> > > > const&) + 0x2a9 (0x7d29511a51b9 in /home/ycyh/miniconda3/envs/LoRA/lib/python3.11/site-packages/torch/lib/libtorch_cpu.so)
frame #5: c10d::ProcessGroupNCCL::heartbeatMonitor() + 0x379 (0x7d290d526729 in /home/ycyh/miniconda3/envs/LoRA/lib/python3.11/site-packages/torch/lib/libtorch_cuda.so)
frame #6: <unknown function> + 0xd828c (0x7d2a04eeb28c in /home/ycyh/miniconda3/envs/LoRA/bin/../lib/libstdc++.so.6)
frame #7: <unknown function> + 0x9caa4 (0x7d2a07a9caa4 in /lib/x86_64-linux-gnu/libc.so.6)
frame #8: <unknown function> + 0x129c6c (0x7d2a07b29c6c in /lib/x86_64-linux-gnu/libc.so.6)

[rank0]:[W508 17:53:55.948593168 ProcessGroupNCCL.cpp:1662] [PG ID 0 PG GUID 0(default_pg) Rank 0] Failed to check the "should dump" flag on TCPStore, (maybe TCPStore server has shut down too early), with error: failed to recv, got 0 bytes
[rank0]:[W508 17:53:56.948867869 TCPStore.cpp:106] [c10d] sendBytes failed on SocketImpl(fd=3, addr=[localhost]:60642, remote=[localhost]:29504): Broken pipe
Exception raised from sendBytes at /pytorch/torch/csrc/distributed/c10d/Utils.hpp:653 (most recent call first):
frame #0: c10::Error::Error(c10::SourceLocation, std::__cxx11::basic_string<char, std::char_traits<char>, std::allocator<char> >) + 0x98 (0x7d295f5785e8 in /home/ycyh/miniconda3/envs/LoRA/lib/python3.11/site-packages/torch/lib/libc10.so)
frame #1: <unknown function> + 0x5ba8b0e (0x7d29511a8b0e in /home/ycyh/miniconda3/envs/LoRA/lib/python3.11/site-packages/torch/lib/libtorch_cpu.so)
frame #2: <unknown function> + 0x5baa368 (0x7d29511aa368 in /home/ycyh/miniconda3/envs/LoRA/lib/python3.11/site-packages/torch/lib/libtorch_cpu.so)
frame #3: <unknown function> + 0x5babb4e (0x7d29511abb4e in /home/ycyh/miniconda3/envs/LoRA/lib/python3.11/site-packages/torch/lib/libtorch_cpu.so)
frame #4: c10d::TCPStore::check(std::vector<std::__cxx11::basic_string<char, std::char_traits<char>, std::allocator<char> >, std::allocator<std::__cxx11::basic_string<char, std::char_traits<char>, std::allocator<char> > > > const&) + 0x298 (0x7d29511a51a8 in /home/ycyh/miniconda3/envs/LoRA/lib/python3.11/site-packages/torch/lib/libtorch_cpu.so)
frame #5: c10d::ProcessGroupNCCL::heartbeatMonitor() + 0x379 (0x7d290d526729 in /home/ycyh/miniconda3/envs/LoRA/lib/python3.11/site-packages/torch/lib/libtorch_cuda.so)
frame #6: <unknown function> + 0xd828c (0x7d2a04eeb28c in /home/ycyh/miniconda3/envs/LoRA/bin/../lib/libstdc++.so.6)
frame #7: <unknown function> + 0x9caa4 (0x7d2a07a9caa4 in /lib/x86_64-linux-gnu/libc.so.6)
frame #8: <unknown function> + 0x129c6c (0x7d2a07b29c6c in /lib/x86_64-linux-gnu/libc.so.6)

[rank0]:[W508 17:53:56.954386920 ProcessGroupNCCL.cpp:1662] [PG ID 0 PG GUID 0(default_pg) Rank 0] Failed to check the "should dump" flag on TCPStore, (maybe TCPStore server has shut down too early), with error: Broken pipe
[rank0]:[W508 17:53:57.954579022 TCPStore.cpp:106] [c10d] sendBytes failed on SocketImpl(fd=3, addr=[localhost]:60642, remote=[localhost]:29504): Broken pipe
Exception raised from sendBytes at /pytorch/torch/csrc/distributed/c10d/Utils.hpp:653 (most recent call first):
frame #0: c10::Error::Error(c10::SourceLocation, std::__cxx11::basic_string<char, std::char_traits<char>, std::allocator<char> >) + 0x98 (0x7d295f5785e8 in /home/ycyh/miniconda3/envs/LoRA/lib/python3.11/site-packages/torch/lib/libc10.so)
frame #1: <unknown function> + 0x5ba8b0e (0x7d29511a8b0e in /home/ycyh/miniconda3/envs/LoRA/lib/python3.11/site-packages/torch/lib/libtorch_cpu.so)
frame #2: <unknown function> + 0x5baa368 (0x7d29511aa368 in /home/ycyh/miniconda3/envs/LoRA/lib/python3.11/site-packages/torch/lib/libtorch_cpu.so)
frame #3: <unknown function> + 0x5babb4e (0x7d29511abb4e in /home/ycyh/miniconda3/envs/LoRA/lib/python3.11/site-packages/torch/lib/libtorch_cpu.so)
frame #4: c10d::TCPStore::check(std::vector<std::__cxx11::basic_string<char, std::char_traits<char>, std::allocator<char> >, std::allocator<std::__cxx11::basic_string<char, std::char_traits<char>, std::allocator<char> > > > const&) + 0x298 (0x7d29511a51a8 in /home/ycyh/miniconda3/envs/LoRA/lib/python3.11/site-packages/torch/lib/libtorch_cpu.so)
frame #5: c10d::ProcessGroupNCCL::heartbeatMonitor() + 0x379 (0x7d290d526729 in /home/ycyh/miniconda3/envs/LoRA/lib/python3.11/site-packages/torch/lib/libtorch_cuda.so)
frame #6: <unknown function> + 0xd828c (0x7d2a04eeb28c in /home/ycyh/miniconda3/envs/LoRA/bin/../lib/libstdc++.so.6)
frame #7: <unknown function> + 0x9caa4 (0x7d2a07a9caa4 in /lib/x86_64-linux-gnu/libc.so.6)
frame #8: <unknown function> + 0x129c6c (0x7d2a07b29c6c in /lib/x86_64-linux-gnu/libc.so.6)

[rank0]:[W508 17:53:57.959815131 ProcessGroupNCCL.cpp:1662] [PG ID 0 PG GUID 0(default_pg) Rank 0] Failed to check the "should dump" flag on TCPStore, (maybe TCPStore server has shut down too early), with error: Broken pipe
[rank0]:[W508 17:53:58.960021646 TCPStore.cpp:106] [c10d] sendBytes failed on SocketImpl(fd=3, addr=[localhost]:60642, remote=[localhost]:29504): Broken pipe
Exception raised from sendBytes at /pytorch/torch/csrc/distributed/c10d/Utils.hpp:653 (most recent call first):
frame #0: c10::Error::Error(c10::SourceLocation, std::__cxx11::basic_string<char, std::char_traits<char>, std::allocator<char> >) + 0x98 (0x7d295f5785e8 in /home/ycyh/miniconda3/envs/LoRA/lib/python3.11/site-packages/torch/lib/libc10.so)
frame #1: <unknown function> + 0x5ba8b0e (0x7d29511a8b0e in /home/ycyh/miniconda3/envs/LoRA/lib/python3.11/site-packages/torch/lib/libtorch_cpu.so)
frame #2: <unknown function> + 0x5baa368 (0x7d29511aa368 in /home/ycyh/miniconda3/envs/LoRA/lib/python3.11/site-packages/torch/lib/libtorch_cpu.so)
frame #3: <unknown function> + 0x5babb4e (0x7d29511abb4e in /home/ycyh/miniconda3/envs/LoRA/lib/python3.11/site-packages/torch/lib/libtorch_cpu.so)
frame #4: c10d::TCPStore::check(std::vector<std::__cxx11::basic_string<char, std::char_traits<char>, std::allocator<char> >, std::allocator<std::__cxx11::basic_string<char, std::char_traits<char>, std::allocator<char> > > > const&) + 0x298 (0x7d29511a51a8 in /home/ycyh/miniconda3/envs/LoRA/lib/python3.11/site-packages/torch/lib/libtorch_cpu.so)
frame #5: c10d::ProcessGroupNCCL::heartbeatMonitor() + 0x379 (0x7d290d526729 in /home/ycyh/miniconda3/envs/LoRA/lib/python3.11/site-packages/torch/lib/libtorch_cuda.so)
frame #6: <unknown function> + 0xd828c (0x7d2a04eeb28c in /home/ycyh/miniconda3/envs/LoRA/bin/../lib/libstdc++.so.6)
frame #7: <unknown function> + 0x9caa4 (0x7d2a07a9caa4 in /lib/x86_64-linux-gnu/libc.so.6)
frame #8: <unknown function> + 0x129c6c (0x7d2a07b29c6c in /lib/x86_64-linux-gnu/libc.so.6)

[rank0]:[W508 17:53:58.965210230 ProcessGroupNCCL.cpp:1662] [PG ID 0 PG GUID 0(default_pg) Rank 0] Failed to check the "should dump" flag on TCPStore, (maybe TCPStore server has shut down too early), with error: Broken pipe
[rank0]:[W508 17:54:00.967393402 TCPStore.cpp:106] [c10d] sendBytes failed on SocketImpl(fd=3, addr=[localhost]:60642, remote=[localhost]:29504): Broken pipe
Exception raised from sendBytes at /pytorch/torch/csrc/distributed/c10d/Utils.hpp:653 (most recent call first):
frame #0: c10::Error::Error(c10::SourceLocation, std::__cxx11::basic_string<char, std::char_traits<char>, std::allocator<char> >) + 0x98 (0x7d295f5785e8 in /home/ycyh/miniconda3/envs/LoRA/lib/python3.11/site-packages/torch/lib/libc10.so)
frame #1: <unknown function> + 0x5ba8b0e (0x7d29511a8b0e in /home/ycyh/miniconda3/envs/LoRA/lib/python3.11/site-packages/torch/lib/libtorch_cpu.so)
frame #2: <unknown function> + 0x5baa368 (0x7d29511aa368 in /home/ycyh/miniconda3/envs/LoRA/lib/python3.11/site-packages/torch/lib/libtorch_cpu.so)
frame #3: <unknown function> + 0x5babb4e (0x7d29511abb4e in /home/ycyh/miniconda3/envs/LoRA/lib/python3.11/site-packages/torch/lib/libtorch_cpu.so)
frame #4: c10d::TCPStore::check(std::vector<std::__cxx11::basic_string<char, std::char_traits<char>, std::allocator<char> >, std::allocator<std::__cxx11::basic_string<char, std::char_traits<char>, std::allocator<char> > > > const&) + 0x298 (0x7d29511a51a8 in /home/ycyh/miniconda3/envs/LoRA/lib/python3.11/site-packages/torch/lib/libtorch_cpu.so)
frame #5: c10d::ProcessGroupNCCL::heartbeatMonitor() + 0x379 (0x7d290d526729 in /home/ycyh/miniconda3/envs/LoRA/lib/python3.11/site-packages/torch/lib/libtorch_cuda.so)
frame #6: <unknown function> + 0xd828c (0x7d2a04eeb28c in /home/ycyh/miniconda3/envs/LoRA/bin/../lib/libstdc++.so.6)
frame #7: <unknown function> + 0x9caa4 (0x7d2a07a9caa4 in /lib/x86_64-linux-gnu/libc.so.6)
frame #8: <unknown function> + 0x129c6c (0x7d2a07b29c6c in /lib/x86_64-linux-gnu/libc.so.6)

[rank0]:[W508 17:54:00.972746429 ProcessGroupNCCL.cpp:1662] [PG ID 0 PG GUID 0(default_pg) Rank 0] Failed to check the "should dump" flag on TCPStore, (maybe TCPStore server has shut down too early), with error: Broken pipe
[rank0]:[W508 17:54:01.972937829 TCPStore.cpp:106] [c10d] sendBytes failed on SocketImpl(fd=3, addr=[localhost]:60642, remote=[localhost]:29504): Broken pipe
Exception raised from sendBytes at /pytorch/torch/csrc/distributed/c10d/Utils.hpp:653 (most recent call first):
frame #0: c10::Error::Error(c10::SourceLocation, std::__cxx11::basic_string<char, std::char_traits<char>, std::allocator<char> >) + 0x98 (0x7d295f5785e8 in /home/ycyh/miniconda3/envs/LoRA/lib/python3.11/site-packages/torch/lib/libc10.so)
frame #1: <unknown function> + 0x5ba8b0e (0x7d29511a8b0e in /home/ycyh/miniconda3/envs/LoRA/lib/python3.11/site-packages/torch/lib/libtorch_cpu.so)
frame #2: <unknown function> + 0x5baa368 (0x7d29511aa368 in /home/ycyh/miniconda3/envs/LoRA/lib/python3.11/site-packages/torch/lib/libtorch_cpu.so)
frame #3: <unknown function> + 0x5babb4e (0x7d29511abb4e in /home/ycyh/miniconda3/envs/LoRA/lib/python3.11/site-packages/torch/lib/libtorch_cpu.so)
frame #4: c10d::TCPStore::check(std::vector<std::__cxx11::basic_string<char, std::char_traits<char>, std::allocator<char> >, std::allocator<std::__cxx11::basic_string<char, std::char_traits<char>, std::allocator<char> > > > const&) + 0x298 (0x7d29511a51a8 in /home/ycyh/miniconda3/envs/LoRA/lib/python3.11/site-packages/torch/lib/libtorch_cpu.so)
frame #5: c10d::ProcessGroupNCCL::heartbeatMonitor() + 0x379 (0x7d290d526729 in /home/ycyh/miniconda3/envs/LoRA/lib/python3.11/site-packages/torch/lib/libtorch_cuda.so)
frame #6: <unknown function> + 0xd828c (0x7d2a04eeb28c in /home/ycyh/miniconda3/envs/LoRA/bin/../lib/libstdc++.so.6)
frame #7: <unknown function> + 0x9caa4 (0x7d2a07a9caa4 in /lib/x86_64-linux-gnu/libc.so.6)
frame #8: <unknown function> + 0x129c6c (0x7d2a07b29c6c in /lib/x86_64-linux-gnu/libc.so.6)

[rank0]:[W508 17:54:01.979202246 ProcessGroupNCCL.cpp:1662] [PG ID 0 PG GUID 0(default_pg) Rank 0] Failed to check the "should dump" flag on TCPStore, (maybe TCPStore server has shut down too early), with error: Broken pipe
[rank0]:[W508 17:54:03.979478211 TCPStore.cpp:106] [c10d] sendBytes failed on SocketImpl(fd=3, addr=[localhost]:60642, remote=[localhost]:29504): Broken pipe
Exception raised from sendBytes at /pytorch/torch/csrc/distributed/c10d/Utils.hpp:653 (most recent call first):
frame #0: c10::Error::Error(c10::SourceLocation, std::__cxx11::basic_string<char, std::char_traits<char>, std::allocator<char> >) + 0x98 (0x7d295f5785e8 in /home/ycyh/miniconda3/envs/LoRA/lib/python3.11/site-packages/torch/lib/libc10.so)
frame #1: <unknown function> + 0x5ba8b0e (0x7d29511a8b0e in /home/ycyh/miniconda3/envs/LoRA/lib/python3.11/site-packages/torch/lib/libtorch_cpu.so)
frame #2: <unknown function> + 0x5baa368 (0x7d29511aa368 in /home/ycyh/miniconda3/envs/LoRA/lib/python3.11/site-packages/torch/lib/libtorch_cpu.so)
frame #3: <unknown function> + 0x5babb4e (0x7d29511abb4e in /home/ycyh/miniconda3/envs/LoRA/lib/python3.11/site-packages/torch/lib/libtorch_cpu.so)
frame #4: c10d::TCPStore::check(std::vector<std::__cxx11::basic_string<char, std::char_traits<char>, std::allocator<char> >, std::allocator<std::__cxx11::basic_string<char, std::char_traits<char>, std::allocator<char> > > > const&) + 0x298 (0x7d29511a51a8 in /home/ycyh/miniconda3/envs/LoRA/lib/python3.11/site-packages/torch/lib/libtorch_cpu.so)
frame #5: c10d::ProcessGroupNCCL::heartbeatMonitor() + 0x379 (0x7d290d526729 in /home/ycyh/miniconda3/envs/LoRA/lib/python3.11/site-packages/torch/lib/libtorch_cuda.so)
frame #6: <unknown function> + 0xd828c (0x7d2a04eeb28c in /home/ycyh/miniconda3/envs/LoRA/bin/../lib/libstdc++.so.6)
frame #7: <unknown function> + 0x9caa4 (0x7d2a07a9caa4 in /lib/x86_64-linux-gnu/libc.so.6)
frame #8: <unknown function> + 0x129c6c (0x7d2a07b29c6c in /lib/x86_64-linux-gnu/libc.so.6)

[rank0]:[W508 17:54:03.984840100 ProcessGroupNCCL.cpp:1662] [PG ID 0 PG GUID 0(default_pg) Rank 0] Failed to check the "should dump" flag on TCPStore, (maybe TCPStore server has shut down too early), with error: Broken pipe
[rank0]:[W508 17:54:04.985037264 TCPStore.cpp:106] [c10d] sendBytes failed on SocketImpl(fd=3, addr=[localhost]:60642, remote=[localhost]:29504): Broken pipe
Exception raised from sendBytes at /pytorch/torch/csrc/distributed/c10d/Utils.hpp:653 (most recent call first):
frame #0: c10::Error::Error(c10::SourceLocation, std::__cxx11::basic_string<char, std::char_traits<char>, std::allocator<char> >) + 0x98 (0x7d295f5785e8 in /home/ycyh/miniconda3/envs/LoRA/lib/python3.11/site-packages/torch/lib/libc10.so)
frame #1: <unknown function> + 0x5ba8b0e (0x7d29511a8b0e in /home/ycyh/miniconda3/envs/LoRA/lib/python3.11/site-packages/torch/lib/libtorch_cpu.so)
frame #2: <unknown function> + 0x5baa368 (0x7d29511aa368 in /home/ycyh/miniconda3/envs/LoRA/lib/python3.11/site-packages/torch/lib/libtorch_cpu.so)
frame #3: <unknown function> + 0x5babb4e (0x7d29511abb4e in /home/ycyh/miniconda3/envs/LoRA/lib/python3.11/site-packages/torch/lib/libtorch_cpu.so)
frame #4: c10d::TCPStore::check(std::vector<std::__cxx11::basic_string<char, std::char_traits<char>, std::allocator<char> >, std::allocator<std::__cxx11::basic_string<char, std::char_traits<char>, std::allocator<char> > > > const&) + 0x298 (0x7d29511a51a8 in /home/ycyh/miniconda3/envs/LoRA/lib/python3.11/site-packages/torch/lib/libtorch_cpu.so)
frame #5: c10d::ProcessGroupNCCL::heartbeatMonitor() + 0x379 (0x7d290d526729 in /home/ycyh/miniconda3/envs/LoRA/lib/python3.11/site-packages/torch/lib/libtorch_cuda.so)
frame #6: <unknown function> + 0xd828c (0x7d2a04eeb28c in /home/ycyh/miniconda3/envs/LoRA/bin/../lib/libstdc++.so.6)
frame #7: <unknown function> + 0x9caa4 (0x7d2a07a9caa4 in /lib/x86_64-linux-gnu/libc.so.6)
frame #8: <unknown function> + 0x129c6c (0x7d2a07b29c6c in /lib/x86_64-linux-gnu/libc.so.6)

[rank0]:[W508 17:54:04.990356767 ProcessGroupNCCL.cpp:1662] [PG ID 0 PG GUID 0(default_pg) Rank 0] Failed to check the "should dump" flag on TCPStore, (maybe TCPStore server has shut down too early), with error: Broken pipe
[rank0]:[W508 17:54:05.990552635 TCPStore.cpp:106] [c10d] sendBytes failed on SocketImpl(fd=3, addr=[localhost]:60642, remote=[localhost]:29504): Broken pipe
Exception raised from sendBytes at /pytorch/torch/csrc/distributed/c10d/Utils.hpp:653 (most recent call first):
frame #0: c10::Error::Error(c10::SourceLocation, std::__cxx11::basic_string<char, std::char_traits<char>, std::allocator<char> >) + 0x98 (0x7d295f5785e8 in /home/ycyh/miniconda3/envs/LoRA/lib/python3.11/site-packages/torch/lib/libc10.so)
frame #1: <unknown function> + 0x5ba8b0e (0x7d29511a8b0e in /home/ycyh/miniconda3/envs/LoRA/lib/python3.11/site-packages/torch/lib/libtorch_cpu.so)
frame #2: <unknown function> + 0x5baa368 (0x7d29511aa368 in /home/ycyh/miniconda3/envs/LoRA/lib/python3.11/site-packages/torch/lib/libtorch_cpu.so)
frame #3: <unknown function> + 0x5babb4e (0x7d29511abb4e in /home/ycyh/miniconda3/envs/LoRA/lib/python3.11/site-packages/torch/lib/libtorch_cpu.so)
frame #4: c10d::TCPStore::check(std::vector<std::__cxx11::basic_string<char, std::char_traits<char>, std::allocator<char> >, std::allocator<std::__cxx11::basic_string<char, std::char_traits<char>, std::allocator<char> > > > const&) + 0x298 (0x7d29511a51a8 in /home/ycyh/miniconda3/envs/LoRA/lib/python3.11/site-packages/torch/lib/libtorch_cpu.so)
frame #5: c10d::ProcessGroupNCCL::heartbeatMonitor() + 0x379 (0x7d290d526729 in /home/ycyh/miniconda3/envs/LoRA/lib/python3.11/site-packages/torch/lib/libtorch_cuda.so)
frame #6: <unknown function> + 0xd828c (0x7d2a04eeb28c in /home/ycyh/miniconda3/envs/LoRA/bin/../lib/libstdc++.so.6)
frame #7: <unknown function> + 0x9caa4 (0x7d2a07a9caa4 in /lib/x86_64-linux-gnu/libc.so.6)
frame #8: <unknown function> + 0x129c6c (0x7d2a07b29c6c in /lib/x86_64-linux-gnu/libc.so.6)

[rank0]:[W508 17:54:05.998861295 ProcessGroupNCCL.cpp:1662] [PG ID 0 PG GUID 0(default_pg) Rank 0] Failed to check the "should dump" flag on TCPStore, (maybe TCPStore server has shut down too early), with error: Broken pipe
[rank0]:[W508 17:54:06.999058838 TCPStore.cpp:106] [c10d] sendBytes failed on SocketImpl(fd=3, addr=[localhost]:60642, remote=[localhost]:29504): Broken pipe
Exception raised from sendBytes at /pytorch/torch/csrc/distributed/c10d/Utils.hpp:653 (most recent call first):
frame #0: c10::Error::Error(c10::SourceLocation, std::__cxx11::basic_string<char, std::char_traits<char>, std::allocator<char> >) + 0x98 (0x7d295f5785e8 in /home/ycyh/miniconda3/envs/LoRA/lib/python3.11/site-packages/torch/lib/libc10.so)
frame #1: <unknown function> + 0x5ba8b0e (0x7d29511a8b0e in /home/ycyh/miniconda3/envs/LoRA/lib/python3.11/site-packages/torch/lib/libtorch_cpu.so)
frame #2: <unknown function> + 0x5baa368 (0x7d29511aa368 in /home/ycyh/miniconda3/envs/LoRA/lib/python3.11/site-packages/torch/lib/libtorch_cpu.so)
frame #3: <unknown function> + 0x5babb4e (0x7d29511abb4e in /home/ycyh/miniconda3/envs/LoRA/lib/python3.11/site-packages/torch/lib/libtorch_cpu.so)
frame #4: c10d::TCPStore::check(std::vector<std::__cxx11::basic_string<char, std::char_traits<char>, std::allocator<char> >, std::allocator<std::__cxx11::basic_string<char, std::char_traits<char>, std::allocator<char> > > > const&) + 0x298 (0x7d29511a51a8 in /home/ycyh/miniconda3/envs/LoRA/lib/python3.11/site-packages/torch/lib/libtorch_cpu.so)
frame #5: c10d::ProcessGroupNCCL::heartbeatMonitor() + 0x379 (0x7d290d526729 in /home/ycyh/miniconda3/envs/LoRA/lib/python3.11/site-packages/torch/lib/libtorch_cuda.so)
frame #6: <unknown function> + 0xd828c (0x7d2a04eeb28c in /home/ycyh/miniconda3/envs/LoRA/bin/../lib/libstdc++.so.6)
frame #7: <unknown function> + 0x9caa4 (0x7d2a07a9caa4 in /lib/x86_64-linux-gnu/libc.so.6)
frame #8: <unknown function> + 0x129c6c (0x7d2a07b29c6c in /lib/x86_64-linux-gnu/libc.so.6)

[rank0]:[W508 17:54:06.004230464 ProcessGroupNCCL.cpp:1662] [PG ID 0 PG GUID 0(default_pg) Rank 0] Failed to check the "should dump" flag on TCPStore, (maybe TCPStore server has shut down too early), with error: Broken pipe
[rank0]:[W508 17:54:07.004423102 TCPStore.cpp:106] [c10d] sendBytes failed on SocketImpl(fd=3, addr=[localhost]:60642, remote=[localhost]:29504): Broken pipe
Exception raised from sendBytes at /pytorch/torch/csrc/distributed/c10d/Utils.hpp:653 (most recent call first):
frame #0: c10::Error::Error(c10::SourceLocation, std::__cxx11::basic_string<char, std::char_traits<char>, std::allocator<char> >) + 0x98 (0x7d295f5785e8 in /home/ycyh/miniconda3/envs/LoRA/lib/python3.11/site-packages/torch/lib/libc10.so)
frame #1: <unknown function> + 0x5ba8b0e (0x7d29511a8b0e in /home/ycyh/miniconda3/envs/LoRA/lib/python3.11/site-packages/torch/lib/libtorch_cpu.so)
frame #2: <unknown function> + 0x5baa368 (0x7d29511aa368 in /home/ycyh/miniconda3/envs/LoRA/lib/python3.11/site-packages/torch/lib/libtorch_cpu.so)
frame #3: <unknown function> + 0x5babb4e (0x7d29511abb4e in /home/ycyh/miniconda3/envs/LoRA/lib/python3.11/site-packages/torch/lib/libtorch_cpu.so)
frame #4: c10d::TCPStore::check(std::vector<std::__cxx11::basic_string<char, std::char_traits<char>, std::allocator<char> >, std::allocator<std::__cxx11::basic_string<char, std::char_traits<char>, std::allocator<char> > > > const&) + 0x298 (0x7d29511a51a8 in /home/ycyh/miniconda3/envs/LoRA/lib/python3.11/site-packages/torch/lib/libtorch_cpu.so)
frame #5: c10d::ProcessGroupNCCL::heartbeatMonitor() + 0x379 (0x7d290d526729 in /home/ycyh/miniconda3/envs/LoRA/lib/python3.11/site-packages/torch/lib/libtorch_cuda.so)
frame #6: <unknown function> + 0xd828c (0x7d2a04eeb28c in /home/ycyh/miniconda3/envs/LoRA/bin/../lib/libstdc++.so.6)
frame #7: <unknown function> + 0x9caa4 (0x7d2a07a9caa4 in /lib/x86_64-linux-gnu/libc.so.6)
frame #8: <unknown function> + 0x129c6c (0x7d2a07b29c6c in /lib/x86_64-linux-gnu/libc.so.6)

[rank0]:[W508 17:54:07.009587101 ProcessGroupNCCL.cpp:1662] [PG ID 0 PG GUID 0(default_pg) Rank 0] Failed to check the "should dump" flag on TCPStore, (maybe TCPStore server has shut down too early), with error: Broken pipe
[rank0]:[W508 17:54:08.009781681 TCPStore.cpp:106] [c10d] sendBytes failed on SocketImpl(fd=3, addr=[localhost]:60642, remote=[localhost]:29504): Broken pipe
Exception raised from sendBytes at /pytorch/torch/csrc/distributed/c10d/Utils.hpp:653 (most recent call first):
frame #0: c10::Error::Error(c10::SourceLocation, std::__cxx11::basic_string<char, std::char_traits<char>, std::allocator<char> >) + 0x98 (0x7d295f5785e8 in /home/ycyh/miniconda3/envs/LoRA/lib/python3.11/site-packages/torch/lib/libc10.so)
frame #1: <unknown function> + 0x5ba8b0e (0x7d29511a8b0e in /home/ycyh/miniconda3/envs/LoRA/lib/python3.11/site-packages/torch/lib/libtorch_cpu.so)
frame #2: <unknown function> + 0x5baa368 (0x7d29511aa368 in /home/ycyh/miniconda3/envs/LoRA/lib/python3.11/site-packages/torch/lib/libtorch_cpu.so)
frame #3: <unknown function> + 0x5babb4e (0x7d29511abb4e in /home/ycyh/miniconda3/envs/LoRA/lib/python3.11/site-packages/torch/lib/libtorch_cpu.so)
frame #4: c10d::TCPStore::check(std::vector<std::__cxx11::basic_string<char, std::char_traits<char>, std::allocator<char> >, std::allocator<std::__cxx11::basic_string<char, std::char_traits<char>, std::allocator<char> > > > const&) + 0x298 (0x7d29511a51a8 in /home/ycyh/miniconda3/envs/LoRA/lib/python3.11/site-packages/torch/lib/libtorch_cpu.so)
frame #5: c10d::ProcessGroupNCCL::heartbeatMonitor() + 0x379 (0x7d290d526729 in /home/ycyh/miniconda3/envs/LoRA/lib/python3.11/site-packages/torch/lib/libtorch_cuda.so)
frame #6: <unknown function> + 0xd828c (0x7d2a04eeb28c in /home/ycyh/miniconda3/envs/LoRA/bin/../lib/libstdc++.so.6)
frame #7: <unknown function> + 0x9caa4 (0x7d2a07a9caa4 in /lib/x86_64-linux-gnu/libc.so.6)
frame #8: <unknown function> + 0x129c6c (0x7d2a07b29c6c in /lib/x86_64-linux-gnu/libc.so.6)

[rank0]:[W508 17:54:08.014937706 ProcessGroupNCCL.cpp:1662] [PG ID 0 PG GUID 0(default_pg) Rank 0] Failed to check the "should dump" flag on TCPStore, (maybe TCPStore server has shut down too early), with error: Broken pipe
[rank0]:[W508 17:54:09.015124754 TCPStore.cpp:106] [c10d] sendBytes failed on SocketImpl(fd=3, addr=[localhost]:60642, remote=[localhost]:29504): Broken pipe
Exception raised from sendBytes at /pytorch/torch/csrc/distributed/c10d/Utils.hpp:653 (most recent call first):
frame #0: c10::Error::Error(c10::SourceLocation, std::__cxx11::basic_string<char, std::char_traits<char>, std::allocator<char> >) + 0x98 (0x7d295f5785e8 in /home/ycyh/miniconda3/envs/LoRA/lib/python3.11/site-packages/torch/lib/libc10.so)
frame #1: <unknown function> + 0x5ba8b0e (0x7d29511a8b0e in /home/ycyh/miniconda3/envs/LoRA/lib/python3.11/site-packages/torch/lib/libtorch_cpu.so)
frame #2: <unknown function> + 0x5baa368 (0x7d29511aa368 in /home/ycyh/miniconda3/envs/LoRA/lib/python3.11/site-packages/torch/lib/libtorch_cpu.so)
frame #3: <unknown function> + 0x5babb4e (0x7d29511abb4e in /home/ycyh/miniconda3/envs/LoRA/lib/python3.11/site-packages/torch/lib/libtorch_cpu.so)
frame #4: c10d::TCPStore::check(std::vector<std::__cxx11::basic_string<char, std::char_traits<char>, std::allocator<char> >, std::allocator<std::__cxx11::basic_string<char, std::char_traits<char>, std::allocator<char> > > > const&) + 0x298 (0x7d29511a51a8 in /home/ycyh/miniconda3/envs/LoRA/lib/python3.11/site-packages/torch/lib/libtorch_cpu.so)
frame #5: c10d::ProcessGroupNCCL::heartbeatMonitor() + 0x379 (0x7d290d526729 in /home/ycyh/miniconda3/envs/LoRA/lib/python3.11/site-packages/torch/lib/libtorch_cuda.so)
frame #6: <unknown function> + 0xd828c (0x7d2a04eeb28c in /home/ycyh/miniconda3/envs/LoRA/bin/../lib/libstdc++.so.6)
frame #7: <unknown function> + 0x9caa4 (0x7d2a07a9caa4 in /lib/x86_64-linux-gnu/libc.so.6)
frame #8: <unknown function> + 0x129c6c (0x7d2a07b29c6c in /lib/x86_64-linux-gnu/libc.so.6)

[rank0]:[W508 17:54:09.023367311 ProcessGroupNCCL.cpp:1662] [PG ID 0 PG GUID 0(default_pg) Rank 0] Failed to check the "should dump" flag on TCPStore, (maybe TCPStore server has shut down too early), with error: Broken pipe
[rank0]:[W508 17:54:11.023638344 TCPStore.cpp:106] [c10d] sendBytes failed on SocketImpl(fd=3, addr=[localhost]:60642, remote=[localhost]:29504): Broken pipe
Exception raised from sendBytes at /pytorch/torch/csrc/distributed/c10d/Utils.hpp:653 (most recent call first):
frame #0: c10::Error::Error(c10::SourceLocation, std::__cxx11::basic_string<char, std::char_traits<char>, std::allocator<char> >) + 0x98 (0x7d295f5785e8 in /home/ycyh/miniconda3/envs/LoRA/lib/python3.11/site-packages/torch/lib/libc10.so)
frame #1: <unknown function> + 0x5ba8b0e (0x7d29511a8b0e in /home/ycyh/miniconda3/envs/LoRA/lib/python3.11/site-packages/torch/lib/libtorch_cpu.so)
frame #2: <unknown function> + 0x5baa368 (0x7d29511aa368 in /home/ycyh/miniconda3/envs/LoRA/lib/python3.11/site-packages/torch/lib/libtorch_cpu.so)
frame #3: <unknown function> + 0x5babb4e (0x7d29511abb4e in /home/ycyh/miniconda3/envs/LoRA/lib/python3.11/site-packages/torch/lib/libtorch_cpu.so)
frame #4: c10d::TCPStore::check(std::vector<std::__cxx11::basic_string<char, std::char_traits<char>, std::allocator<char> >, std::allocator<std::__cxx11::basic_string<char, std::char_traits<char>, std::allocator<char> > > > const&) + 0x298 (0x7d29511a51a8 in /home/ycyh/miniconda3/envs/LoRA/lib/python3.11/site-packages/torch/lib/libtorch_cpu.so)
frame #5: c10d::ProcessGroupNCCL::heartbeatMonitor() + 0x379 (0x7d290d526729 in /home/ycyh/miniconda3/envs/LoRA/lib/python3.11/site-packages/torch/lib/libtorch_cuda.so)
frame #6: <unknown function> + 0xd828c (0x7d2a04eeb28c in /home/ycyh/miniconda3/envs/LoRA/bin/../lib/libstdc++.so.6)
frame #7: <unknown function> + 0x9caa4 (0x7d2a07a9caa4 in /lib/x86_64-linux-gnu/libc.so.6)
frame #8: <unknown function> + 0x129c6c (0x7d2a07b29c6c in /lib/x86_64-linux-gnu/libc.so.6)

[rank0]:[W508 17:54:11.028853271 ProcessGroupNCCL.cpp:1662] [PG ID 0 PG GUID 0(default_pg) Rank 0] Failed to check the "should dump" flag on TCPStore, (maybe TCPStore server has shut down too early), with error: Broken pipe
[rank0]:[W508 17:54:12.029052028 TCPStore.cpp:106] [c10d] sendBytes failed on SocketImpl(fd=3, addr=[localhost]:60642, remote=[localhost]:29504): Broken pipe
Exception raised from sendBytes at /pytorch/torch/csrc/distributed/c10d/Utils.hpp:653 (most recent call first):
frame #0: c10::Error::Error(c10::SourceLocation, std::__cxx11::basic_string<char, std::char_traits<char>, std::allocator<char> >) + 0x98 (0x7d295f5785e8 in /home/ycyh/miniconda3/envs/LoRA/lib/python3.11/site-packages/torch/lib/libc10.so)
frame #1: <unknown function> + 0x5ba8b0e (0x7d29511a8b0e in /home/ycyh/miniconda3/envs/LoRA/lib/python3.11/site-packages/torch/lib/libtorch_cpu.so)
frame #2: <unknown function> + 0x5baa368 (0x7d29511aa368 in /home/ycyh/miniconda3/envs/LoRA/lib/python3.11/site-packages/torch/lib/libtorch_cpu.so)
frame #3: <unknown function> + 0x5babb4e (0x7d29511abb4e in /home/ycyh/miniconda3/envs/LoRA/lib/python3.11/site-packages/torch/lib/libtorch_cpu.so)
frame #4: c10d::TCPStore::check(std::vector<std::__cxx11::basic_string<char, std::char_traits<char>, std::allocator<char> >, std::allocator<std::__cxx11::basic_string<char, std::char_traits<char>, std::allocator<char> > > > const&) + 0x298 (0x7d29511a51a8 in /home/ycyh/miniconda3/envs/LoRA/lib/python3.11/site-packages/torch/lib/libtorch_cpu.so)
frame #5: c10d::ProcessGroupNCCL::heartbeatMonitor() + 0x379 (0x7d290d526729 in /home/ycyh/miniconda3/envs/LoRA/lib/python3.11/site-packages/torch/lib/libtorch_cuda.so)
frame #6: <unknown function> + 0xd828c (0x7d2a04eeb28c in /home/ycyh/miniconda3/envs/LoRA/bin/../lib/libstdc++.so.6)
frame #7: <unknown function> + 0x9caa4 (0x7d2a07a9caa4 in /lib/x86_64-linux-gnu/libc.so.6)
frame #8: <unknown function> + 0x129c6c (0x7d2a07b29c6c in /lib/x86_64-linux-gnu/libc.so.6)

[rank0]:[W508 17:54:12.034255639 ProcessGroupNCCL.cpp:1662] [PG ID 0 PG GUID 0(default_pg) Rank 0] Failed to check the "should dump" flag on TCPStore, (maybe TCPStore server has shut down too early), with error: Broken pipe
[rank0]:[W508 17:54:13.034455306 TCPStore.cpp:106] [c10d] sendBytes failed on SocketImpl(fd=3, addr=[localhost]:60642, remote=[localhost]:29504): Broken pipe
Exception raised from sendBytes at /pytorch/torch/csrc/distributed/c10d/Utils.hpp:653 (most recent call first):
frame #0: c10::Error::Error(c10::SourceLocation, std::__cxx11::basic_string<char, std::char_traits<char>, std::allocator<char> >) + 0x98 (0x7d295f5785e8 in /home/ycyh/miniconda3/envs/LoRA/lib/python3.11/site-packages/torch/lib/libc10.so)
frame #1: <unknown function> + 0x5ba8b0e (0x7d29511a8b0e in /home/ycyh/miniconda3/envs/LoRA/lib/python3.11/site-packages/torch/lib/libtorch_cpu.so)
frame #2: <unknown function> + 0x5baa368 (0x7d29511aa368 in /home/ycyh/miniconda3/envs/LoRA/lib/python3.11/site-packages/torch/lib/libtorch_cpu.so)
frame #3: <unknown function> + 0x5babb4e (0x7d29511abb4e in /home/ycyh/miniconda3/envs/LoRA/lib/python3.11/site-packages/torch/lib/libtorch_cpu.so)
frame #4: c10d::TCPStore::check(std::vector<std::__cxx11::basic_string<char, std::char_traits<char>, std::allocator<char> >, std::allocator<std::__cxx11::basic_string<char, std::char_traits<char>, std::allocator<char> > > > const&) + 0x298 (0x7d29511a51a8 in /home/ycyh/miniconda3/envs/LoRA/lib/python3.11/site-packages/torch/lib/libtorch_cpu.so)
frame #5: c10d::ProcessGroupNCCL::heartbeatMonitor() + 0x379 (0x7d290d526729 in /home/ycyh/miniconda3/envs/LoRA/lib/python3.11/site-packages/torch/lib/libtorch_cuda.so)
frame #6: <unknown function> + 0xd828c (0x7d2a04eeb28c in /home/ycyh/miniconda3/envs/LoRA/bin/../lib/libstdc++.so.6)
frame #7: <unknown function> + 0x9caa4 (0x7d2a07a9caa4 in /lib/x86_64-linux-gnu/libc.so.6)
frame #8: <unknown function> + 0x129c6c (0x7d2a07b29c6c in /lib/x86_64-linux-gnu/libc.so.6)

[rank0]:[W508 17:54:13.039645131 ProcessGroupNCCL.cpp:1662] [PG ID 0 PG GUID 0(default_pg) Rank 0] Failed to check the "should dump" flag on TCPStore, (maybe TCPStore server has shut down too early), with error: Broken pipe
[rank0]:[W508 17:54:14.039839237 TCPStore.cpp:106] [c10d] sendBytes failed on SocketImpl(fd=3, addr=[localhost]:60642, remote=[localhost]:29504): Broken pipe
Exception raised from sendBytes at /pytorch/torch/csrc/distributed/c10d/Utils.hpp:653 (most recent call first):
frame #0: c10::Error::Error(c10::SourceLocation, std::__cxx11::basic_string<char, std::char_traits<char>, std::allocator<char> >) + 0x98 (0x7d295f5785e8 in /home/ycyh/miniconda3/envs/LoRA/lib/python3.11/site-packages/torch/lib/libc10.so)
frame #1: <unknown function> + 0x5ba8b0e (0x7d29511a8b0e in /home/ycyh/miniconda3/envs/LoRA/lib/python3.11/site-packages/torch/lib/libtorch_cpu.so)
frame #2: <unknown function> + 0x5baa368 (0x7d29511aa368 in /home/ycyh/miniconda3/envs/LoRA/lib/python3.11/site-packages/torch/lib/libtorch_cpu.so)
frame #3: <unknown function> + 0x5babb4e (0x7d29511abb4e in /home/ycyh/miniconda3/envs/LoRA/lib/python3.11/site-packages/torch/lib/libtorch_cpu.so)
frame #4: c10d::TCPStore::check(std::vector<std::__cxx11::basic_string<char, std::char_traits<char>, std::allocator<char> >, std::allocator<std::__cxx11::basic_string<char, std::char_traits<char>, std::allocator<char> > > > const&) + 0x298 (0x7d29511a51a8 in /home/ycyh/miniconda3/envs/LoRA/lib/python3.11/site-packages/torch/lib/libtorch_cpu.so)
frame #5: c10d::ProcessGroupNCCL::heartbeatMonitor() + 0x379 (0x7d290d526729 in /home/ycyh/miniconda3/envs/LoRA/lib/python3.11/site-packages/torch/lib/libtorch_cuda.so)
frame #6: <unknown function> + 0xd828c (0x7d2a04eeb28c in /home/ycyh/miniconda3/envs/LoRA/bin/../lib/libstdc++.so.6)
frame #7: <unknown function> + 0x9caa4 (0x7d2a07a9caa4 in /lib/x86_64-linux-gnu/libc.so.6)
frame #8: <unknown function> + 0x129c6c (0x7d2a07b29c6c in /lib/x86_64-linux-gnu/libc.so.6)

[rank0]:[W508 17:54:14.045248982 ProcessGroupNCCL.cpp:1662] [PG ID 0 PG GUID 0(default_pg) Rank 0] Failed to check the "should dump" flag on TCPStore, (maybe TCPStore server has shut down too early), with error: Broken pipe
[rank0]:[W508 17:54:15.045445896 TCPStore.cpp:106] [c10d] sendBytes failed on SocketImpl(fd=3, addr=[localhost]:60642, remote=[localhost]:29504): Broken pipe
Exception raised from sendBytes at /pytorch/torch/csrc/distributed/c10d/Utils.hpp:653 (most recent call first):
frame #0: c10::Error::Error(c10::SourceLocation, std::__cxx11::basic_string<char, std::char_traits<char>, std::allocator<char> >) + 0x98 (0x7d295f5785e8 in /home/ycyh/miniconda3/envs/LoRA/lib/python3.11/site-packages/torch/lib/libc10.so)
frame #1: <unknown function> + 0x5ba8b0e (0x7d29511a8b0e in /home/ycyh/miniconda3/envs/LoRA/lib/python3.11/site-packages/torch/lib/libtorch_cpu.so)
frame #2: <unknown function> + 0x5baa368 (0x7d29511aa368 in /home/ycyh/miniconda3/envs/LoRA/lib/python3.11/site-packages/torch/lib/libtorch_cpu.so)
frame #3: <unknown function> + 0x5babb4e (0x7d29511abb4e in /home/ycyh/miniconda3/envs/LoRA/lib/python3.11/site-packages/torch/lib/libtorch_cpu.so)
frame #4: c10d::TCPStore::check(std::vector<std::__cxx11::basic_string<char, std::char_traits<char>, std::allocator<char> >, std::allocator<std::__cxx11::basic_string<char, std::char_traits<char>, std::allocator<char> > > > const&) + 0x298 (0x7d29511a51a8 in /home/ycyh/miniconda3/envs/LoRA/lib/python3.11/site-packages/torch/lib/libtorch_cpu.so)
frame #5: c10d::ProcessGroupNCCL::heartbeatMonitor() + 0x379 (0x7d290d526729 in /home/ycyh/miniconda3/envs/LoRA/lib/python3.11/site-packages/torch/lib/libtorch_cuda.so)
frame #6: <unknown function> + 0xd828c (0x7d2a04eeb28c in /home/ycyh/miniconda3/envs/LoRA/bin/../lib/libstdc++.so.6)
frame #7: <unknown function> + 0x9caa4 (0x7d2a07a9caa4 in /lib/x86_64-linux-gnu/libc.so.6)
frame #8: <unknown function> + 0x129c6c (0x7d2a07b29c6c in /lib/x86_64-linux-gnu/libc.so.6)

[rank0]:[W508 17:54:15.050537510 ProcessGroupNCCL.cpp:1662] [PG ID 0 PG GUID 0(default_pg) Rank 0] Failed to check the "should dump" flag on TCPStore, (maybe TCPStore server has shut down too early), with error: Broken pipe
[rank0]:[W508 17:54:16.050745589 TCPStore.cpp:106] [c10d] sendBytes failed on SocketImpl(fd=3, addr=[localhost]:60642, remote=[localhost]:29504): Broken pipe
Exception raised from sendBytes at /pytorch/torch/csrc/distributed/c10d/Utils.hpp:653 (most recent call first):
frame #0: c10::Error::Error(c10::SourceLocation, std::__cxx11::basic_string<char, std::char_traits<char>, std::allocator<char> >) + 0x98 (0x7d295f5785e8 in /home/ycyh/miniconda3/envs/LoRA/lib/python3.11/site-packages/torch/lib/libc10.so)
frame #1: <unknown function> + 0x5ba8b0e (0x7d29511a8b0e in /home/ycyh/miniconda3/envs/LoRA/lib/python3.11/site-packages/torch/lib/libtorch_cpu.so)
frame #2: <unknown function> + 0x5baa368 (0x7d29511aa368 in /home/ycyh/miniconda3/envs/LoRA/lib/python3.11/site-packages/torch/lib/libtorch_cpu.so)
frame #3: <unknown function> + 0x5babb4e (0x7d29511abb4e in /home/ycyh/miniconda3/envs/LoRA/lib/python3.11/site-packages/torch/lib/libtorch_cpu.so)
frame #4: c10d::TCPStore::check(std::vector<std::__cxx11::basic_string<char, std::char_traits<char>, std::allocator<char> >, std::allocator<std::__cxx11::basic_string<char, std::char_traits<char>, std::allocator<char> > > > const&) + 0x298 (0x7d29511a51a8 in /home/ycyh/miniconda3/envs/LoRA/lib/python3.11/site-packages/torch/lib/libtorch_cpu.so)
frame #5: c10d::ProcessGroupNCCL::heartbeatMonitor() + 0x379 (0x7d290d526729 in /home/ycyh/miniconda3/envs/LoRA/lib/python3.11/site-packages/torch/lib/libtorch_cuda.so)
frame #6: <unknown function> + 0xd828c (0x7d2a04eeb28c in /home/ycyh/miniconda3/envs/LoRA/bin/../lib/libstdc++.so.6)
frame #7: <unknown function> + 0x9caa4 (0x7d2a07a9caa4 in /lib/x86_64-linux-gnu/libc.so.6)
frame #8: <unknown function> + 0x129c6c (0x7d2a07b29c6c in /lib/x86_64-linux-gnu/libc.so.6)

[rank0]:[W508 17:54:16.056010107 ProcessGroupNCCL.cpp:1662] [PG ID 0 PG GUID 0(default_pg) Rank 0] Failed to check the "should dump" flag on TCPStore, (maybe TCPStore server has shut down too early), with error: Broken pipe
[rank0]:[W508 17:54:17.056202010 TCPStore.cpp:106] [c10d] sendBytes failed on SocketImpl(fd=3, addr=[localhost]:60642, remote=[localhost]:29504): Broken pipe
Exception raised from sendBytes at /pytorch/torch/csrc/distributed/c10d/Utils.hpp:653 (most recent call first):
frame #0: c10::Error::Error(c10::SourceLocation, std::__cxx11::basic_string<char, std::char_traits<char>, std::allocator<char> >) + 0x98 (0x7d295f5785e8 in /home/ycyh/miniconda3/envs/LoRA/lib/python3.11/site-packages/torch/lib/libc10.so)
frame #1: <unknown function> + 0x5ba8b0e (0x7d29511a8b0e in /home/ycyh/miniconda3/envs/LoRA/lib/python3.11/site-packages/torch/lib/libtorch_cpu.so)
frame #2: <unknown function> + 0x5baa368 (0x7d29511aa368 in /home/ycyh/miniconda3/envs/LoRA/lib/python3.11/site-packages/torch/lib/libtorch_cpu.so)
frame #3: <unknown function> + 0x5babb4e (0x7d29511abb4e in /home/ycyh/miniconda3/envs/LoRA/lib/python3.11/site-packages/torch/lib/libtorch_cpu.so)
frame #4: c10d::TCPStore::check(std::vector<std::__cxx11::basic_string<char, std::char_traits<char>, std::allocator<char> >, std::allocator<std::__cxx11::basic_string<char, std::char_traits<char>, std::allocator<char> > > > const&) + 0x298 (0x7d29511a51a8 in /home/ycyh/miniconda3/envs/LoRA/lib/python3.11/site-packages/torch/lib/libtorch_cpu.so)
frame #5: c10d::ProcessGroupNCCL::heartbeatMonitor() + 0x379 (0x7d290d526729 in /home/ycyh/miniconda3/envs/LoRA/lib/python3.11/site-packages/torch/lib/libtorch_cuda.so)
frame #6: <unknown function> + 0xd828c (0x7d2a04eeb28c in /home/ycyh/miniconda3/envs/LoRA/bin/../lib/libstdc++.so.6)
frame #7: <unknown function> + 0x9caa4 (0x7d2a07a9caa4 in /lib/x86_64-linux-gnu/libc.so.6)
frame #8: <unknown function> + 0x129c6c (0x7d2a07b29c6c in /lib/x86_64-linux-gnu/libc.so.6)

[rank0]:[W508 17:54:17.061406342 ProcessGroupNCCL.cpp:1662] [PG ID 0 PG GUID 0(default_pg) Rank 0] Failed to check the "should dump" flag on TCPStore, (maybe TCPStore server has shut down too early), with error: Broken pipe
[rank0]:[W508 17:54:18.061612416 TCPStore.cpp:106] [c10d] sendBytes failed on SocketImpl(fd=3, addr=[localhost]:60642, remote=[localhost]:29504): Broken pipe
Exception raised from sendBytes at /pytorch/torch/csrc/distributed/c10d/Utils.hpp:653 (most recent call first):
frame #0: c10::Error::Error(c10::SourceLocation, std::__cxx11::basic_string<char, std::char_traits<char>, std::allocator<char> >) + 0x98 (0x7d295f5785e8 in /home/ycyh/miniconda3/envs/LoRA/lib/python3.11/site-packages/torch/lib/libc10.so)
frame #1: <unknown function> + 0x5ba8b0e (0x7d29511a8b0e in /home/ycyh/miniconda3/envs/LoRA/lib/python3.11/site-packages/torch/lib/libtorch_cpu.so)
frame #2: <unknown function> + 0x5baa368 (0x7d29511aa368 in /home/ycyh/miniconda3/envs/LoRA/lib/python3.11/site-packages/torch/lib/libtorch_cpu.so)
frame #3: <unknown function> + 0x5babb4e (0x7d29511abb4e in /home/ycyh/miniconda3/envs/LoRA/lib/python3.11/site-packages/torch/lib/libtorch_cpu.so)
frame #4: c10d::TCPStore::check(std::vector<std::__cxx11::basic_string<char, std::char_traits<char>, std::allocator<char> >, std::allocator<std::__cxx11::basic_string<char, std::char_traits<char>, std::allocator<char> > > > const&) + 0x298 (0x7d29511a51a8 in /home/ycyh/miniconda3/envs/LoRA/lib/python3.11/site-packages/torch/lib/libtorch_cpu.so)
frame #5: c10d::ProcessGroupNCCL::heartbeatMonitor() + 0x379 (0x7d290d526729 in /home/ycyh/miniconda3/envs/LoRA/lib/python3.11/site-packages/torch/lib/libtorch_cuda.so)
frame #6: <unknown function> + 0xd828c (0x7d2a04eeb28c in /home/ycyh/miniconda3/envs/LoRA/bin/../lib/libstdc++.so.6)
frame #7: <unknown function> + 0x9caa4 (0x7d2a07a9caa4 in /lib/x86_64-linux-gnu/libc.so.6)
frame #8: <unknown function> + 0x129c6c (0x7d2a07b29c6c in /lib/x86_64-linux-gnu/libc.so.6)

[rank0]:[W508 17:54:18.066718603 ProcessGroupNCCL.cpp:1662] [PG ID 0 PG GUID 0(default_pg) Rank 0] Failed to check the "should dump" flag on TCPStore, (maybe TCPStore server has shut down too early), with error: Broken pipe
[rank0]:[W508 17:54:19.066913240 TCPStore.cpp:106] [c10d] sendBytes failed on SocketImpl(fd=3, addr=[localhost]:60642, remote=[localhost]:29504): Broken pipe
Exception raised from sendBytes at /pytorch/torch/csrc/distributed/c10d/Utils.hpp:653 (most recent call first):
frame #0: c10::Error::Error(c10::SourceLocation, std::__cxx11::basic_string<char, std::char_traits<char>, std::allocator<char> >) + 0x98 (0x7d295f5785e8 in /home/ycyh/miniconda3/envs/LoRA/lib/python3.11/site-packages/torch/lib/libc10.so)
frame #1: <unknown function> + 0x5ba8b0e (0x7d29511a8b0e in /home/ycyh/miniconda3/envs/LoRA/lib/python3.11/site-packages/torch/lib/libtorch_cpu.so)
frame #2: <unknown function> + 0x5baa368 (0x7d29511aa368 in /home/ycyh/miniconda3/envs/LoRA/lib/python3.11/site-packages/torch/lib/libtorch_cpu.so)
frame #3: <unknown function> + 0x5babb4e (0x7d29511abb4e in /home/ycyh/miniconda3/envs/LoRA/lib/python3.11/site-packages/torch/lib/libtorch_cpu.so)
frame #4: c10d::TCPStore::check(std::vector<std::__cxx11::basic_string<char, std::char_traits<char>, std::allocator<char> >, std::allocator<std::__cxx11::basic_string<char, std::char_traits<char>, std::allocator<char> > > > const&) + 0x298 (0x7d29511a51a8 in /home/ycyh/miniconda3/envs/LoRA/lib/python3.11/site-packages/torch/lib/libtorch_cpu.so)
frame #5: c10d::ProcessGroupNCCL::heartbeatMonitor() + 0x379 (0x7d290d526729 in /home/ycyh/miniconda3/envs/LoRA/lib/python3.11/site-packages/torch/lib/libtorch_cuda.so)
frame #6: <unknown function> + 0xd828c (0x7d2a04eeb28c in /home/ycyh/miniconda3/envs/LoRA/bin/../lib/libstdc++.so.6)
frame #7: <unknown function> + 0x9caa4 (0x7d2a07a9caa4 in /lib/x86_64-linux-gnu/libc.so.6)
frame #8: <unknown function> + 0x129c6c (0x7d2a07b29c6c in /lib/x86_64-linux-gnu/libc.so.6)

[rank0]:[W508 17:54:19.072161412 ProcessGroupNCCL.cpp:1662] [PG ID 0 PG GUID 0(default_pg) Rank 0] Failed to check the "should dump" flag on TCPStore, (maybe TCPStore server has shut down too early), with error: Broken pipe
[rank0]:[W508 17:54:21.072429603 TCPStore.cpp:106] [c10d] sendBytes failed on SocketImpl(fd=3, addr=[localhost]:60642, remote=[localhost]:29504): Broken pipe
Exception raised from sendBytes at /pytorch/torch/csrc/distributed/c10d/Utils.hpp:653 (most recent call first):
frame #0: c10::Error::Error(c10::SourceLocation, std::__cxx11::basic_string<char, std::char_traits<char>, std::allocator<char> >) + 0x98 (0x7d295f5785e8 in /home/ycyh/miniconda3/envs/LoRA/lib/python3.11/site-packages/torch/lib/libc10.so)
frame #1: <unknown function> + 0x5ba8b0e (0x7d29511a8b0e in /home/ycyh/miniconda3/envs/LoRA/lib/python3.11/site-packages/torch/lib/libtorch_cpu.so)
frame #2: <unknown function> + 0x5baa368 (0x7d29511aa368 in /home/ycyh/miniconda3/envs/LoRA/lib/python3.11/site-packages/torch/lib/libtorch_cpu.so)
frame #3: <unknown function> + 0x5babb4e (0x7d29511abb4e in /home/ycyh/miniconda3/envs/LoRA/lib/python3.11/site-packages/torch/lib/libtorch_cpu.so)
frame #4: c10d::TCPStore::check(std::vector<std::__cxx11::basic_string<char, std::char_traits<char>, std::allocator<char> >, std::allocator<std::__cxx11::basic_string<char, std::char_traits<char>, std::allocator<char> > > > const&) + 0x298 (0x7d29511a51a8 in /home/ycyh/miniconda3/envs/LoRA/lib/python3.11/site-packages/torch/lib/libtorch_cpu.so)
frame #5: c10d::ProcessGroupNCCL::heartbeatMonitor() + 0x379 (0x7d290d526729 in /home/ycyh/miniconda3/envs/LoRA/lib/python3.11/site-packages/torch/lib/libtorch_cuda.so)
frame #6: <unknown function> + 0xd828c (0x7d2a04eeb28c in /home/ycyh/miniconda3/envs/LoRA/bin/../lib/libstdc++.so.6)
frame #7: <unknown function> + 0x9caa4 (0x7d2a07a9caa4 in /lib/x86_64-linux-gnu/libc.so.6)
frame #8: <unknown function> + 0x129c6c (0x7d2a07b29c6c in /lib/x86_64-linux-gnu/libc.so.6)

[rank0]:[W508 17:54:21.077761737 ProcessGroupNCCL.cpp:1662] [PG ID 0 PG GUID 0(default_pg) Rank 0] Failed to check the "should dump" flag on TCPStore, (maybe TCPStore server has shut down too early), with error: Broken pipe
[rank0]:[W508 17:54:22.078124273 TCPStore.cpp:106] [c10d] sendBytes failed on SocketImpl(fd=3, addr=[localhost]:60642, remote=[localhost]:29504): Broken pipe
Exception raised from sendBytes at /pytorch/torch/csrc/distributed/c10d/Utils.hpp:653 (most recent call first):
frame #0: c10::Error::Error(c10::SourceLocation, std::__cxx11::basic_string<char, std::char_traits<char>, std::allocator<char> >) + 0x98 (0x7d295f5785e8 in /home/ycyh/miniconda3/envs/LoRA/lib/python3.11/site-packages/torch/lib/libc10.so)
frame #1: <unknown function> + 0x5ba8b0e (0x7d29511a8b0e in /home/ycyh/miniconda3/envs/LoRA/lib/python3.11/site-packages/torch/lib/libtorch_cpu.so)
frame #2: <unknown function> + 0x5baa368 (0x7d29511aa368 in /home/ycyh/miniconda3/envs/LoRA/lib/python3.11/site-packages/torch/lib/libtorch_cpu.so)
frame #3: <unknown function> + 0x5babb4e (0x7d29511abb4e in /home/ycyh/miniconda3/envs/LoRA/lib/python3.11/site-packages/torch/lib/libtorch_cpu.so)
frame #4: c10d::TCPStore::check(std::vector<std::__cxx11::basic_string<char, std::char_traits<char>, std::allocator<char> >, std::allocator<std::__cxx11::basic_string<char, std::char_traits<char>, std::allocator<char> > > > const&) + 0x298 (0x7d29511a51a8 in /home/ycyh/miniconda3/envs/LoRA/lib/python3.11/site-packages/torch/lib/libtorch_cpu.so)
frame #5: c10d::ProcessGroupNCCL::heartbeatMonitor() + 0x379 (0x7d290d526729 in /home/ycyh/miniconda3/envs/LoRA/lib/python3.11/site-packages/torch/lib/libtorch_cuda.so)
frame #6: <unknown function> + 0xd828c (0x7d2a04eeb28c in /home/ycyh/miniconda3/envs/LoRA/bin/../lib/libstdc++.so.6)
frame #7: <unknown function> + 0x9caa4 (0x7d2a07a9caa4 in /lib/x86_64-linux-gnu/libc.so.6)
frame #8: <unknown function> + 0x129c6c (0x7d2a07b29c6c in /lib/x86_64-linux-gnu/libc.so.6)

[rank0]:[W508 17:54:22.083455924 ProcessGroupNCCL.cpp:1662] [PG ID 0 PG GUID 0(default_pg) Rank 0] Failed to check the "should dump" flag on TCPStore, (maybe TCPStore server has shut down too early), with error: Broken pipe
[rank0]:[W508 17:54:24.085690565 TCPStore.cpp:106] [c10d] sendBytes failed on SocketImpl(fd=3, addr=[localhost]:60642, remote=[localhost]:29504): Broken pipe
Exception raised from sendBytes at /pytorch/torch/csrc/distributed/c10d/Utils.hpp:653 (most recent call first):
frame #0: c10::Error::Error(c10::SourceLocation, std::__cxx11::basic_string<char, std::char_traits<char>, std::allocator<char> >) + 0x98 (0x7d295f5785e8 in /home/ycyh/miniconda3/envs/LoRA/lib/python3.11/site-packages/torch/lib/libc10.so)
frame #1: <unknown function> + 0x5ba8b0e (0x7d29511a8b0e in /home/ycyh/miniconda3/envs/LoRA/lib/python3.11/site-packages/torch/lib/libtorch_cpu.so)
frame #2: <unknown function> + 0x5baa368 (0x7d29511aa368 in /home/ycyh/miniconda3/envs/LoRA/lib/python3.11/site-packages/torch/lib/libtorch_cpu.so)
frame #3: <unknown function> + 0x5babb4e (0x7d29511abb4e in /home/ycyh/miniconda3/envs/LoRA/lib/python3.11/site-packages/torch/lib/libtorch_cpu.so)
frame #4: c10d::TCPStore::check(std::vector<std::__cxx11::basic_string<char, std::char_traits<char>, std::allocator<char> >, std::allocator<std::__cxx11::basic_string<char, std::char_traits<char>, std::allocator<char> > > > const&) + 0x298 (0x7d29511a51a8 in /home/ycyh/miniconda3/envs/LoRA/lib/python3.11/site-packages/torch/lib/libtorch_cpu.so)
frame #5: c10d::ProcessGroupNCCL::heartbeatMonitor() + 0x379 (0x7d290d526729 in /home/ycyh/miniconda3/envs/LoRA/lib/python3.11/site-packages/torch/lib/libtorch_cuda.so)
frame #6: <unknown function> + 0xd828c (0x7d2a04eeb28c in /home/ycyh/miniconda3/envs/LoRA/bin/../lib/libstdc++.so.6)
frame #7: <unknown function> + 0x9caa4 (0x7d2a07a9caa4 in /lib/x86_64-linux-gnu/libc.so.6)
frame #8: <unknown function> + 0x129c6c (0x7d2a07b29c6c in /lib/x86_64-linux-gnu/libc.so.6)

[rank0]:[W508 17:54:24.090865250 ProcessGroupNCCL.cpp:1662] [PG ID 0 PG GUID 0(default_pg) Rank 0] Failed to check the "should dump" flag on TCPStore, (maybe TCPStore server has shut down too early), with error: Broken pipe
[rank0]:[W508 17:54:25.091069822 TCPStore.cpp:106] [c10d] sendBytes failed on SocketImpl(fd=3, addr=[localhost]:60642, remote=[localhost]:29504): Broken pipe
Exception raised from sendBytes at /pytorch/torch/csrc/distributed/c10d/Utils.hpp:653 (most recent call first):
frame #0: c10::Error::Error(c10::SourceLocation, std::__cxx11::basic_string<char, std::char_traits<char>, std::allocator<char> >) + 0x98 (0x7d295f5785e8 in /home/ycyh/miniconda3/envs/LoRA/lib/python3.11/site-packages/torch/lib/libc10.so)
frame #1: <unknown function> + 0x5ba8b0e (0x7d29511a8b0e in /home/ycyh/miniconda3/envs/LoRA/lib/python3.11/site-packages/torch/lib/libtorch_cpu.so)
frame #2: <unknown function> + 0x5baa368 (0x7d29511aa368 in /home/ycyh/miniconda3/envs/LoRA/lib/python3.11/site-packages/torch/lib/libtorch_cpu.so)
frame #3: <unknown function> + 0x5babb4e (0x7d29511abb4e in /home/ycyh/miniconda3/envs/LoRA/lib/python3.11/site-packages/torch/lib/libtorch_cpu.so)
frame #4: c10d::TCPStore::check(std::vector<std::__cxx11::basic_string<char, std::char_traits<char>, std::allocator<char> >, std::allocator<std::__cxx11::basic_string<char, std::char_traits<char>, std::allocator<char> > > > const&) + 0x298 (0x7d29511a51a8 in /home/ycyh/miniconda3/envs/LoRA/lib/python3.11/site-packages/torch/lib/libtorch_cpu.so)
frame #5: c10d::ProcessGroupNCCL::heartbeatMonitor() + 0x379 (0x7d290d526729 in /home/ycyh/miniconda3/envs/LoRA/lib/python3.11/site-packages/torch/lib/libtorch_cuda.so)
frame #6: <unknown function> + 0xd828c (0x7d2a04eeb28c in /home/ycyh/miniconda3/envs/LoRA/bin/../lib/libstdc++.so.6)
frame #7: <unknown function> + 0x9caa4 (0x7d2a07a9caa4 in /lib/x86_64-linux-gnu/libc.so.6)
frame #8: <unknown function> + 0x129c6c (0x7d2a07b29c6c in /lib/x86_64-linux-gnu/libc.so.6)

[rank0]:[W508 17:54:25.096322119 ProcessGroupNCCL.cpp:1662] [PG ID 0 PG GUID 0(default_pg) Rank 0] Failed to check the "should dump" flag on TCPStore, (maybe TCPStore server has shut down too early), with error: Broken pipe
[rank0]:[W508 17:54:26.096514329 TCPStore.cpp:106] [c10d] sendBytes failed on SocketImpl(fd=3, addr=[localhost]:60642, remote=[localhost]:29504): Broken pipe
Exception raised from sendBytes at /pytorch/torch/csrc/distributed/c10d/Utils.hpp:653 (most recent call first):
frame #0: c10::Error::Error(c10::SourceLocation, std::__cxx11::basic_string<char, std::char_traits<char>, std::allocator<char> >) + 0x98 (0x7d295f5785e8 in /home/ycyh/miniconda3/envs/LoRA/lib/python3.11/site-packages/torch/lib/libc10.so)
frame #1: <unknown function> + 0x5ba8b0e (0x7d29511a8b0e in /home/ycyh/miniconda3/envs/LoRA/lib/python3.11/site-packages/torch/lib/libtorch_cpu.so)
frame #2: <unknown function> + 0x5baa368 (0x7d29511aa368 in /home/ycyh/miniconda3/envs/LoRA/lib/python3.11/site-packages/torch/lib/libtorch_cpu.so)
frame #3: <unknown function> + 0x5babb4e (0x7d29511abb4e in /home/ycyh/miniconda3/envs/LoRA/lib/python3.11/site-packages/torch/lib/libtorch_cpu.so)
frame #4: c10d::TCPStore::check(std::vector<std::__cxx11::basic_string<char, std::char_traits<char>, std::allocator<char> >, std::allocator<std::__cxx11::basic_string<char, std::char_traits<char>, std::allocator<char> > > > const&) + 0x298 (0x7d29511a51a8 in /home/ycyh/miniconda3/envs/LoRA/lib/python3.11/site-packages/torch/lib/libtorch_cpu.so)
frame #5: c10d::ProcessGroupNCCL::heartbeatMonitor() + 0x379 (0x7d290d526729 in /home/ycyh/miniconda3/envs/LoRA/lib/python3.11/site-packages/torch/lib/libtorch_cuda.so)
frame #6: <unknown function> + 0xd828c (0x7d2a04eeb28c in /home/ycyh/miniconda3/envs/LoRA/bin/../lib/libstdc++.so.6)
frame #7: <unknown function> + 0x9caa4 (0x7d2a07a9caa4 in /lib/x86_64-linux-gnu/libc.so.6)
frame #8: <unknown function> + 0x129c6c (0x7d2a07b29c6c in /lib/x86_64-linux-gnu/libc.so.6)

[rank0]:[W508 17:54:26.101683902 ProcessGroupNCCL.cpp:1662] [PG ID 0 PG GUID 0(default_pg) Rank 0] Failed to check the "should dump" flag on TCPStore, (maybe TCPStore server has shut down too early), with error: Broken pipe
[rank0]:[W508 17:54:27.105134745 TCPStore.cpp:106] [c10d] sendBytes failed on SocketImpl(fd=3, addr=[localhost]:60642, remote=[localhost]:29504): Broken pipe
Exception raised from sendBytes at /pytorch/torch/csrc/distributed/c10d/Utils.hpp:653 (most recent call first):
frame #0: c10::Error::Error(c10::SourceLocation, std::__cxx11::basic_string<char, std::char_traits<char>, std::allocator<char> >) + 0x98 (0x7d295f5785e8 in /home/ycyh/miniconda3/envs/LoRA/lib/python3.11/site-packages/torch/lib/libc10.so)
frame #1: <unknown function> + 0x5ba8b0e (0x7d29511a8b0e in /home/ycyh/miniconda3/envs/LoRA/lib/python3.11/site-packages/torch/lib/libtorch_cpu.so)
frame #2: <unknown function> + 0x5baa368 (0x7d29511aa368 in /home/ycyh/miniconda3/envs/LoRA/lib/python3.11/site-packages/torch/lib/libtorch_cpu.so)
frame #3: <unknown function> + 0x5babb4e (0x7d29511abb4e in /home/ycyh/miniconda3/envs/LoRA/lib/python3.11/site-packages/torch/lib/libtorch_cpu.so)
frame #4: c10d::TCPStore::check(std::vector<std::__cxx11::basic_string<char, std::char_traits<char>, std::allocator<char> >, std::allocator<std::__cxx11::basic_string<char, std::char_traits<char>, std::allocator<char> > > > const&) + 0x298 (0x7d29511a51a8 in /home/ycyh/miniconda3/envs/LoRA/lib/python3.11/site-packages/torch/lib/libtorch_cpu.so)
frame #5: c10d::ProcessGroupNCCL::heartbeatMonitor() + 0x379 (0x7d290d526729 in /home/ycyh/miniconda3/envs/LoRA/lib/python3.11/site-packages/torch/lib/libtorch_cuda.so)
frame #6: <unknown function> + 0xd828c (0x7d2a04eeb28c in /home/ycyh/miniconda3/envs/LoRA/bin/../lib/libstdc++.so.6)
frame #7: <unknown function> + 0x9caa4 (0x7d2a07a9caa4 in /lib/x86_64-linux-gnu/libc.so.6)
frame #8: <unknown function> + 0x129c6c (0x7d2a07b29c6c in /lib/x86_64-linux-gnu/libc.so.6)

[rank0]:[W508 17:54:27.110352113 ProcessGroupNCCL.cpp:1662] [PG ID 0 PG GUID 0(default_pg) Rank 0] Failed to check the "should dump" flag on TCPStore, (maybe TCPStore server has shut down too early), with error: Broken pipe
[rank0]:[W508 17:54:29.110616194 TCPStore.cpp:106] [c10d] sendBytes failed on SocketImpl(fd=3, addr=[localhost]:60642, remote=[localhost]:29504): Broken pipe
Exception raised from sendBytes at /pytorch/torch/csrc/distributed/c10d/Utils.hpp:653 (most recent call first):
frame #0: c10::Error::Error(c10::SourceLocation, std::__cxx11::basic_string<char, std::char_traits<char>, std::allocator<char> >) + 0x98 (0x7d295f5785e8 in /home/ycyh/miniconda3/envs/LoRA/lib/python3.11/site-packages/torch/lib/libc10.so)
frame #1: <unknown function> + 0x5ba8b0e (0x7d29511a8b0e in /home/ycyh/miniconda3/envs/LoRA/lib/python3.11/site-packages/torch/lib/libtorch_cpu.so)
frame #2: <unknown function> + 0x5baa368 (0x7d29511aa368 in /home/ycyh/miniconda3/envs/LoRA/lib/python3.11/site-packages/torch/lib/libtorch_cpu.so)
frame #3: <unknown function> + 0x5babb4e (0x7d29511abb4e in /home/ycyh/miniconda3/envs/LoRA/lib/python3.11/site-packages/torch/lib/libtorch_cpu.so)
frame #4: c10d::TCPStore::check(std::vector<std::__cxx11::basic_string<char, std::char_traits<char>, std::allocator<char> >, std::allocator<std::__cxx11::basic_string<char, std::char_traits<char>, std::allocator<char> > > > const&) + 0x298 (0x7d29511a51a8 in /home/ycyh/miniconda3/envs/LoRA/lib/python3.11/site-packages/torch/lib/libtorch_cpu.so)
frame #5: c10d::ProcessGroupNCCL::heartbeatMonitor() + 0x379 (0x7d290d526729 in /home/ycyh/miniconda3/envs/LoRA/lib/python3.11/site-packages/torch/lib/libtorch_cuda.so)
frame #6: <unknown function> + 0xd828c (0x7d2a04eeb28c in /home/ycyh/miniconda3/envs/LoRA/bin/../lib/libstdc++.so.6)
frame #7: <unknown function> + 0x9caa4 (0x7d2a07a9caa4 in /lib/x86_64-linux-gnu/libc.so.6)
frame #8: <unknown function> + 0x129c6c (0x7d2a07b29c6c in /lib/x86_64-linux-gnu/libc.so.6)

[rank0]:[W508 17:54:29.116076884 ProcessGroupNCCL.cpp:1662] [PG ID 0 PG GUID 0(default_pg) Rank 0] Failed to check the "should dump" flag on TCPStore, (maybe TCPStore server has shut down too early), with error: Broken pipe
[rank0]:[W508 17:54:30.120123731 TCPStore.cpp:106] [c10d] sendBytes failed on SocketImpl(fd=3, addr=[localhost]:60642, remote=[localhost]:29504): Broken pipe
Exception raised from sendBytes at /pytorch/torch/csrc/distributed/c10d/Utils.hpp:653 (most recent call first):
frame #0: c10::Error::Error(c10::SourceLocation, std::__cxx11::basic_string<char, std::char_traits<char>, std::allocator<char> >) + 0x98 (0x7d295f5785e8 in /home/ycyh/miniconda3/envs/LoRA/lib/python3.11/site-packages/torch/lib/libc10.so)
frame #1: <unknown function> + 0x5ba8b0e (0x7d29511a8b0e in /home/ycyh/miniconda3/envs/LoRA/lib/python3.11/site-packages/torch/lib/libtorch_cpu.so)
frame #2: <unknown function> + 0x5baa368 (0x7d29511aa368 in /home/ycyh/miniconda3/envs/LoRA/lib/python3.11/site-packages/torch/lib/libtorch_cpu.so)
frame #3: <unknown function> + 0x5babb4e (0x7d29511abb4e in /home/ycyh/miniconda3/envs/LoRA/lib/python3.11/site-packages/torch/lib/libtorch_cpu.so)
frame #4: c10d::TCPStore::check(std::vector<std::__cxx11::basic_string<char, std::char_traits<char>, std::allocator<char> >, std::allocator<std::__cxx11::basic_string<char, std::char_traits<char>, std::allocator<char> > > > const&) + 0x298 (0x7d29511a51a8 in /home/ycyh/miniconda3/envs/LoRA/lib/python3.11/site-packages/torch/lib/libtorch_cpu.so)
frame #5: c10d::ProcessGroupNCCL::heartbeatMonitor() + 0x379 (0x7d290d526729 in /home/ycyh/miniconda3/envs/LoRA/lib/python3.11/site-packages/torch/lib/libtorch_cuda.so)
frame #6: <unknown function> + 0xd828c (0x7d2a04eeb28c in /home/ycyh/miniconda3/envs/LoRA/bin/../lib/libstdc++.so.6)
frame #7: <unknown function> + 0x9caa4 (0x7d2a07a9caa4 in /lib/x86_64-linux-gnu/libc.so.6)
frame #8: <unknown function> + 0x129c6c (0x7d2a07b29c6c in /lib/x86_64-linux-gnu/libc.so.6)

[rank0]:[W508 17:54:30.125490711 ProcessGroupNCCL.cpp:1662] [PG ID 0 PG GUID 0(default_pg) Rank 0] Failed to check the "should dump" flag on TCPStore, (maybe TCPStore server has shut down too early), with error: Broken pipe
[rank0]:[W508 17:54:32.125764993 TCPStore.cpp:106] [c10d] sendBytes failed on SocketImpl(fd=3, addr=[localhost]:60642, remote=[localhost]:29504): Broken pipe
Exception raised from sendBytes at /pytorch/torch/csrc/distributed/c10d/Utils.hpp:653 (most recent call first):
frame #0: c10::Error::Error(c10::SourceLocation, std::__cxx11::basic_string<char, std::char_traits<char>, std::allocator<char> >) + 0x98 (0x7d295f5785e8 in /home/ycyh/miniconda3/envs/LoRA/lib/python3.11/site-packages/torch/lib/libc10.so)
frame #1: <unknown function> + 0x5ba8b0e (0x7d29511a8b0e in /home/ycyh/miniconda3/envs/LoRA/lib/python3.11/site-packages/torch/lib/libtorch_cpu.so)
frame #2: <unknown function> + 0x5baa368 (0x7d29511aa368 in /home/ycyh/miniconda3/envs/LoRA/lib/python3.11/site-packages/torch/lib/libtorch_cpu.so)
frame #3: <unknown function> + 0x5babb4e (0x7d29511abb4e in /home/ycyh/miniconda3/envs/LoRA/lib/python3.11/site-packages/torch/lib/libtorch_cpu.so)
frame #4: c10d::TCPStore::check(std::vector<std::__cxx11::basic_string<char, std::char_traits<char>, std::allocator<char> >, std::allocator<std::__cxx11::basic_string<char, std::char_traits<char>, std::allocator<char> > > > const&) + 0x298 (0x7d29511a51a8 in /home/ycyh/miniconda3/envs/LoRA/lib/python3.11/site-packages/torch/lib/libtorch_cpu.so)
frame #5: c10d::ProcessGroupNCCL::heartbeatMonitor() + 0x379 (0x7d290d526729 in /home/ycyh/miniconda3/envs/LoRA/lib/python3.11/site-packages/torch/lib/libtorch_cuda.so)
frame #6: <unknown function> + 0xd828c (0x7d2a04eeb28c in /home/ycyh/miniconda3/envs/LoRA/bin/../lib/libstdc++.so.6)
frame #7: <unknown function> + 0x9caa4 (0x7d2a07a9caa4 in /lib/x86_64-linux-gnu/libc.so.6)
frame #8: <unknown function> + 0x129c6c (0x7d2a07b29c6c in /lib/x86_64-linux-gnu/libc.so.6)

[rank0]:[W508 17:54:32.131112091 ProcessGroupNCCL.cpp:1662] [PG ID 0 PG GUID 0(default_pg) Rank 0] Failed to check the "should dump" flag on TCPStore, (maybe TCPStore server has shut down too early), with error: Broken pipe
[rank0]:[W508 17:54:33.131299979 TCPStore.cpp:106] [c10d] sendBytes failed on SocketImpl(fd=3, addr=[localhost]:60642, remote=[localhost]:29504): Broken pipe
Exception raised from sendBytes at /pytorch/torch/csrc/distributed/c10d/Utils.hpp:653 (most recent call first):
frame #0: c10::Error::Error(c10::SourceLocation, std::__cxx11::basic_string<char, std::char_traits<char>, std::allocator<char> >) + 0x98 (0x7d295f5785e8 in /home/ycyh/miniconda3/envs/LoRA/lib/python3.11/site-packages/torch/lib/libc10.so)
frame #1: <unknown function> + 0x5ba8b0e (0x7d29511a8b0e in /home/ycyh/miniconda3/envs/LoRA/lib/python3.11/site-packages/torch/lib/libtorch_cpu.so)
frame #2: <unknown function> + 0x5baa368 (0x7d29511aa368 in /home/ycyh/miniconda3/envs/LoRA/lib/python3.11/site-packages/torch/lib/libtorch_cpu.so)
frame #3: <unknown function> + 0x5babb4e (0x7d29511abb4e in /home/ycyh/miniconda3/envs/LoRA/lib/python3.11/site-packages/torch/lib/libtorch_cpu.so)
frame #4: c10d::TCPStore::check(std::vector<std::__cxx11::basic_string<char, std::char_traits<char>, std::allocator<char> >, std::allocator<std::__cxx11::basic_string<char, std::char_traits<char>, std::allocator<char> > > > const&) + 0x298 (0x7d29511a51a8 in /home/ycyh/miniconda3/envs/LoRA/lib/python3.11/site-packages/torch/lib/libtorch_cpu.so)
frame #5: c10d::ProcessGroupNCCL::heartbeatMonitor() + 0x379 (0x7d290d526729 in /home/ycyh/miniconda3/envs/LoRA/lib/python3.11/site-packages/torch/lib/libtorch_cuda.so)
frame #6: <unknown function> + 0xd828c (0x7d2a04eeb28c in /home/ycyh/miniconda3/envs/LoRA/bin/../lib/libstdc++.so.6)
frame #7: <unknown function> + 0x9caa4 (0x7d2a07a9caa4 in /lib/x86_64-linux-gnu/libc.so.6)
frame #8: <unknown function> + 0x129c6c (0x7d2a07b29c6c in /lib/x86_64-linux-gnu/libc.so.6)

[rank0]:[W508 17:54:33.136531851 ProcessGroupNCCL.cpp:1662] [PG ID 0 PG GUID 0(default_pg) Rank 0] Failed to check the "should dump" flag on TCPStore, (maybe TCPStore server has shut down too early), with error: Broken pipe
[rank0]:[W508 17:54:34.136725727 TCPStore.cpp:106] [c10d] sendBytes failed on SocketImpl(fd=3, addr=[localhost]:60642, remote=[localhost]:29504): Broken pipe
Exception raised from sendBytes at /pytorch/torch/csrc/distributed/c10d/Utils.hpp:653 (most recent call first):
frame #0: c10::Error::Error(c10::SourceLocation, std::__cxx11::basic_string<char, std::char_traits<char>, std::allocator<char> >) + 0x98 (0x7d295f5785e8 in /home/ycyh/miniconda3/envs/LoRA/lib/python3.11/site-packages/torch/lib/libc10.so)
frame #1: <unknown function> + 0x5ba8b0e (0x7d29511a8b0e in /home/ycyh/miniconda3/envs/LoRA/lib/python3.11/site-packages/torch/lib/libtorch_cpu.so)
frame #2: <unknown function> + 0x5baa368 (0x7d29511aa368 in /home/ycyh/miniconda3/envs/LoRA/lib/python3.11/site-packages/torch/lib/libtorch_cpu.so)
frame #3: <unknown function> + 0x5babb4e (0x7d29511abb4e in /home/ycyh/miniconda3/envs/LoRA/lib/python3.11/site-packages/torch/lib/libtorch_cpu.so)
frame #4: c10d::TCPStore::check(std::vector<std::__cxx11::basic_string<char, std::char_traits<char>, std::allocator<char> >, std::allocator<std::__cxx11::basic_string<char, std::char_traits<char>, std::allocator<char> > > > const&) + 0x298 (0x7d29511a51a8 in /home/ycyh/miniconda3/envs/LoRA/lib/python3.11/site-packages/torch/lib/libtorch_cpu.so)
frame #5: c10d::ProcessGroupNCCL::heartbeatMonitor() + 0x379 (0x7d290d526729 in /home/ycyh/miniconda3/envs/LoRA/lib/python3.11/site-packages/torch/lib/libtorch_cuda.so)
frame #6: <unknown function> + 0xd828c (0x7d2a04eeb28c in /home/ycyh/miniconda3/envs/LoRA/bin/../lib/libstdc++.so.6)
frame #7: <unknown function> + 0x9caa4 (0x7d2a07a9caa4 in /lib/x86_64-linux-gnu/libc.so.6)
frame #8: <unknown function> + 0x129c6c (0x7d2a07b29c6c in /lib/x86_64-linux-gnu/libc.so.6)

[rank0]:[W508 17:54:34.141982414 ProcessGroupNCCL.cpp:1662] [PG ID 0 PG GUID 0(default_pg) Rank 0] Failed to check the "should dump" flag on TCPStore, (maybe TCPStore server has shut down too early), with error: Broken pipe
[rank0]:[W508 17:54:35.142184025 TCPStore.cpp:106] [c10d] sendBytes failed on SocketImpl(fd=3, addr=[localhost]:60642, remote=[localhost]:29504): Broken pipe
Exception raised from sendBytes at /pytorch/torch/csrc/distributed/c10d/Utils.hpp:653 (most recent call first):
frame #0: c10::Error::Error(c10::SourceLocation, std::__cxx11::basic_string<char, std::char_traits<char>, std::allocator<char> >) + 0x98 (0x7d295f5785e8 in /home/ycyh/miniconda3/envs/LoRA/lib/python3.11/site-packages/torch/lib/libc10.so)
frame #1: <unknown function> + 0x5ba8b0e (0x7d29511a8b0e in /home/ycyh/miniconda3/envs/LoRA/lib/python3.11/site-packages/torch/lib/libtorch_cpu.so)
frame #2: <unknown function> + 0x5baa368 (0x7d29511aa368 in /home/ycyh/miniconda3/envs/LoRA/lib/python3.11/site-packages/torch/lib/libtorch_cpu.so)
frame #3: <unknown function> + 0x5babb4e (0x7d29511abb4e in /home/ycyh/miniconda3/envs/LoRA/lib/python3.11/site-packages/torch/lib/libtorch_cpu.so)
frame #4: c10d::TCPStore::check(std::vector<std::__cxx11::basic_string<char, std::char_traits<char>, std::allocator<char> >, std::allocator<std::__cxx11::basic_string<char, std::char_traits<char>, std::allocator<char> > > > const&) + 0x298 (0x7d29511a51a8 in /home/ycyh/miniconda3/envs/LoRA/lib/python3.11/site-packages/torch/lib/libtorch_cpu.so)
frame #5: c10d::ProcessGroupNCCL::heartbeatMonitor() + 0x379 (0x7d290d526729 in /home/ycyh/miniconda3/envs/LoRA/lib/python3.11/site-packages/torch/lib/libtorch_cuda.so)
frame #6: <unknown function> + 0xd828c (0x7d2a04eeb28c in /home/ycyh/miniconda3/envs/LoRA/bin/../lib/libstdc++.so.6)
frame #7: <unknown function> + 0x9caa4 (0x7d2a07a9caa4 in /lib/x86_64-linux-gnu/libc.so.6)
frame #8: <unknown function> + 0x129c6c (0x7d2a07b29c6c in /lib/x86_64-linux-gnu/libc.so.6)

[rank0]:[W508 17:54:35.147495531 ProcessGroupNCCL.cpp:1662] [PG ID 0 PG GUID 0(default_pg) Rank 0] Failed to check the "should dump" flag on TCPStore, (maybe TCPStore server has shut down too early), with error: Broken pipe
[rank0]:[W508 17:54:36.147688751 TCPStore.cpp:106] [c10d] sendBytes failed on SocketImpl(fd=3, addr=[localhost]:60642, remote=[localhost]:29504): Broken pipe
Exception raised from sendBytes at /pytorch/torch/csrc/distributed/c10d/Utils.hpp:653 (most recent call first):
frame #0: c10::Error::Error(c10::SourceLocation, std::__cxx11::basic_string<char, std::char_traits<char>, std::allocator<char> >) + 0x98 (0x7d295f5785e8 in /home/ycyh/miniconda3/envs/LoRA/lib/python3.11/site-packages/torch/lib/libc10.so)
frame #1: <unknown function> + 0x5ba8b0e (0x7d29511a8b0e in /home/ycyh/miniconda3/envs/LoRA/lib/python3.11/site-packages/torch/lib/libtorch_cpu.so)
frame #2: <unknown function> + 0x5baa368 (0x7d29511aa368 in /home/ycyh/miniconda3/envs/LoRA/lib/python3.11/site-packages/torch/lib/libtorch_cpu.so)
frame #3: <unknown function> + 0x5babb4e (0x7d29511abb4e in /home/ycyh/miniconda3/envs/LoRA/lib/python3.11/site-packages/torch/lib/libtorch_cpu.so)
frame #4: c10d::TCPStore::check(std::vector<std::__cxx11::basic_string<char, std::char_traits<char>, std::allocator<char> >, std::allocator<std::__cxx11::basic_string<char, std::char_traits<char>, std::allocator<char> > > > const&) + 0x298 (0x7d29511a51a8 in /home/ycyh/miniconda3/envs/LoRA/lib/python3.11/site-packages/torch/lib/libtorch_cpu.so)
frame #5: c10d::ProcessGroupNCCL::heartbeatMonitor() + 0x379 (0x7d290d526729 in /home/ycyh/miniconda3/envs/LoRA/lib/python3.11/site-packages/torch/lib/libtorch_cuda.so)
frame #6: <unknown function> + 0xd828c (0x7d2a04eeb28c in /home/ycyh/miniconda3/envs/LoRA/bin/../lib/libstdc++.so.6)
frame #7: <unknown function> + 0x9caa4 (0x7d2a07a9caa4 in /lib/x86_64-linux-gnu/libc.so.6)
frame #8: <unknown function> + 0x129c6c (0x7d2a07b29c6c in /lib/x86_64-linux-gnu/libc.so.6)

[rank0]:[W508 17:54:36.153015611 ProcessGroupNCCL.cpp:1662] [PG ID 0 PG GUID 0(default_pg) Rank 0] Failed to check the "should dump" flag on TCPStore, (maybe TCPStore server has shut down too early), with error: Broken pipe
[rank0]:[W508 17:54:37.153213591 TCPStore.cpp:106] [c10d] sendBytes failed on SocketImpl(fd=3, addr=[localhost]:60642, remote=[localhost]:29504): Broken pipe
Exception raised from sendBytes at /pytorch/torch/csrc/distributed/c10d/Utils.hpp:653 (most recent call first):
frame #0: c10::Error::Error(c10::SourceLocation, std::__cxx11::basic_string<char, std::char_traits<char>, std::allocator<char> >) + 0x98 (0x7d295f5785e8 in /home/ycyh/miniconda3/envs/LoRA/lib/python3.11/site-packages/torch/lib/libc10.so)
frame #1: <unknown function> + 0x5ba8b0e (0x7d29511a8b0e in /home/ycyh/miniconda3/envs/LoRA/lib/python3.11/site-packages/torch/lib/libtorch_cpu.so)
frame #2: <unknown function> + 0x5baa368 (0x7d29511aa368 in /home/ycyh/miniconda3/envs/LoRA/lib/python3.11/site-packages/torch/lib/libtorch_cpu.so)
frame #3: <unknown function> + 0x5babb4e (0x7d29511abb4e in /home/ycyh/miniconda3/envs/LoRA/lib/python3.11/site-packages/torch/lib/libtorch_cpu.so)
frame #4: c10d::TCPStore::check(std::vector<std::__cxx11::basic_string<char, std::char_traits<char>, std::allocator<char> >, std::allocator<std::__cxx11::basic_string<char, std::char_traits<char>, std::allocator<char> > > > const&) + 0x298 (0x7d29511a51a8 in /home/ycyh/miniconda3/envs/LoRA/lib/python3.11/site-packages/torch/lib/libtorch_cpu.so)
frame #5: c10d::ProcessGroupNCCL::heartbeatMonitor() + 0x379 (0x7d290d526729 in /home/ycyh/miniconda3/envs/LoRA/lib/python3.11/site-packages/torch/lib/libtorch_cuda.so)
frame #6: <unknown function> + 0xd828c (0x7d2a04eeb28c in /home/ycyh/miniconda3/envs/LoRA/bin/../lib/libstdc++.so.6)
frame #7: <unknown function> + 0x9caa4 (0x7d2a07a9caa4 in /lib/x86_64-linux-gnu/libc.so.6)
frame #8: <unknown function> + 0x129c6c (0x7d2a07b29c6c in /lib/x86_64-linux-gnu/libc.so.6)

[rank0]:[W508 17:54:37.158542831 ProcessGroupNCCL.cpp:1662] [PG ID 0 PG GUID 0(default_pg) Rank 0] Failed to check the "should dump" flag on TCPStore, (maybe TCPStore server has shut down too early), with error: Broken pipe
[rank0]:[W508 17:54:38.160130797 TCPStore.cpp:106] [c10d] sendBytes failed on SocketImpl(fd=3, addr=[localhost]:60642, remote=[localhost]:29504): Broken pipe
Exception raised from sendBytes at /pytorch/torch/csrc/distributed/c10d/Utils.hpp:653 (most recent call first):
frame #0: c10::Error::Error(c10::SourceLocation, std::__cxx11::basic_string<char, std::char_traits<char>, std::allocator<char> >) + 0x98 (0x7d295f5785e8 in /home/ycyh/miniconda3/envs/LoRA/lib/python3.11/site-packages/torch/lib/libc10.so)
frame #1: <unknown function> + 0x5ba8b0e (0x7d29511a8b0e in /home/ycyh/miniconda3/envs/LoRA/lib/python3.11/site-packages/torch/lib/libtorch_cpu.so)
frame #2: <unknown function> + 0x5baa368 (0x7d29511aa368 in /home/ycyh/miniconda3/envs/LoRA/lib/python3.11/site-packages/torch/lib/libtorch_cpu.so)
frame #3: <unknown function> + 0x5babb4e (0x7d29511abb4e in /home/ycyh/miniconda3/envs/LoRA/lib/python3.11/site-packages/torch/lib/libtorch_cpu.so)
frame #4: c10d::TCPStore::check(std::vector<std::__cxx11::basic_string<char, std::char_traits<char>, std::allocator<char> >, std::allocator<std::__cxx11::basic_string<char, std::char_traits<char>, std::allocator<char> > > > const&) + 0x298 (0x7d29511a51a8 in /home/ycyh/miniconda3/envs/LoRA/lib/python3.11/site-packages/torch/lib/libtorch_cpu.so)
frame #5: c10d::ProcessGroupNCCL::heartbeatMonitor() + 0x379 (0x7d290d526729 in /home/ycyh/miniconda3/envs/LoRA/lib/python3.11/site-packages/torch/lib/libtorch_cuda.so)
frame #6: <unknown function> + 0xd828c (0x7d2a04eeb28c in /home/ycyh/miniconda3/envs/LoRA/bin/../lib/libstdc++.so.6)
frame #7: <unknown function> + 0x9caa4 (0x7d2a07a9caa4 in /lib/x86_64-linux-gnu/libc.so.6)
frame #8: <unknown function> + 0x129c6c (0x7d2a07b29c6c in /lib/x86_64-linux-gnu/libc.so.6)

[rank0]:[W508 17:54:38.165245383 ProcessGroupNCCL.cpp:1662] [PG ID 0 PG GUID 0(default_pg) Rank 0] Failed to check the "should dump" flag on TCPStore, (maybe TCPStore server has shut down too early), with error: Broken pipe
[rank0]:[W508 17:54:39.165448201 TCPStore.cpp:106] [c10d] sendBytes failed on SocketImpl(fd=3, addr=[localhost]:60642, remote=[localhost]:29504): Broken pipe
Exception raised from sendBytes at /pytorch/torch/csrc/distributed/c10d/Utils.hpp:653 (most recent call first):
frame #0: c10::Error::Error(c10::SourceLocation, std::__cxx11::basic_string<char, std::char_traits<char>, std::allocator<char> >) + 0x98 (0x7d295f5785e8 in /home/ycyh/miniconda3/envs/LoRA/lib/python3.11/site-packages/torch/lib/libc10.so)
frame #1: <unknown function> + 0x5ba8b0e (0x7d29511a8b0e in /home/ycyh/miniconda3/envs/LoRA/lib/python3.11/site-packages/torch/lib/libtorch_cpu.so)
frame #2: <unknown function> + 0x5baa368 (0x7d29511aa368 in /home/ycyh/miniconda3/envs/LoRA/lib/python3.11/site-packages/torch/lib/libtorch_cpu.so)
frame #3: <unknown function> + 0x5babb4e (0x7d29511abb4e in /home/ycyh/miniconda3/envs/LoRA/lib/python3.11/site-packages/torch/lib/libtorch_cpu.so)
frame #4: c10d::TCPStore::check(std::vector<std::__cxx11::basic_string<char, std::char_traits<char>, std::allocator<char> >, std::allocator<std::__cxx11::basic_string<char, std::char_traits<char>, std::allocator<char> > > > const&) + 0x298 (0x7d29511a51a8 in /home/ycyh/miniconda3/envs/LoRA/lib/python3.11/site-packages/torch/lib/libtorch_cpu.so)
frame #5: c10d::ProcessGroupNCCL::heartbeatMonitor() + 0x379 (0x7d290d526729 in /home/ycyh/miniconda3/envs/LoRA/lib/python3.11/site-packages/torch/lib/libtorch_cuda.so)
frame #6: <unknown function> + 0xd828c (0x7d2a04eeb28c in /home/ycyh/miniconda3/envs/LoRA/bin/../lib/libstdc++.so.6)
frame #7: <unknown function> + 0x9caa4 (0x7d2a07a9caa4 in /lib/x86_64-linux-gnu/libc.so.6)
frame #8: <unknown function> + 0x129c6c (0x7d2a07b29c6c in /lib/x86_64-linux-gnu/libc.so.6)

[rank0]:[W508 17:54:39.170685591 ProcessGroupNCCL.cpp:1662] [PG ID 0 PG GUID 0(default_pg) Rank 0] Failed to check the "should dump" flag on TCPStore, (maybe TCPStore server has shut down too early), with error: Broken pipe
[rank0]:[W508 17:54:40.173131377 TCPStore.cpp:106] [c10d] sendBytes failed on SocketImpl(fd=3, addr=[localhost]:60642, remote=[localhost]:29504): Broken pipe
Exception raised from sendBytes at /pytorch/torch/csrc/distributed/c10d/Utils.hpp:653 (most recent call first):
frame #0: c10::Error::Error(c10::SourceLocation, std::__cxx11::basic_string<char, std::char_traits<char>, std::allocator<char> >) + 0x98 (0x7d295f5785e8 in /home/ycyh/miniconda3/envs/LoRA/lib/python3.11/site-packages/torch/lib/libc10.so)
frame #1: <unknown function> + 0x5ba8b0e (0x7d29511a8b0e in /home/ycyh/miniconda3/envs/LoRA/lib/python3.11/site-packages/torch/lib/libtorch_cpu.so)
frame #2: <unknown function> + 0x5baa368 (0x7d29511aa368 in /home/ycyh/miniconda3/envs/LoRA/lib/python3.11/site-packages/torch/lib/libtorch_cpu.so)
frame #3: <unknown function> + 0x5babb4e (0x7d29511abb4e in /home/ycyh/miniconda3/envs/LoRA/lib/python3.11/site-packages/torch/lib/libtorch_cpu.so)
frame #4: c10d::TCPStore::check(std::vector<std::__cxx11::basic_string<char, std::char_traits<char>, std::allocator<char> >, std::allocator<std::__cxx11::basic_string<char, std::char_traits<char>, std::allocator<char> > > > const&) + 0x298 (0x7d29511a51a8 in /home/ycyh/miniconda3/envs/LoRA/lib/python3.11/site-packages/torch/lib/libtorch_cpu.so)
frame #5: c10d::ProcessGroupNCCL::heartbeatMonitor() + 0x379 (0x7d290d526729 in /home/ycyh/miniconda3/envs/LoRA/lib/python3.11/site-packages/torch/lib/libtorch_cuda.so)
frame #6: <unknown function> + 0xd828c (0x7d2a04eeb28c in /home/ycyh/miniconda3/envs/LoRA/bin/../lib/libstdc++.so.6)
frame #7: <unknown function> + 0x9caa4 (0x7d2a07a9caa4 in /lib/x86_64-linux-gnu/libc.so.6)
frame #8: <unknown function> + 0x129c6c (0x7d2a07b29c6c in /lib/x86_64-linux-gnu/libc.so.6)

[rank0]:[W508 17:54:40.178273840 ProcessGroupNCCL.cpp:1662] [PG ID 0 PG GUID 0(default_pg) Rank 0] Failed to check the "should dump" flag on TCPStore, (maybe TCPStore server has shut down too early), with error: Broken pipe
[rank0]:[W508 17:54:42.178549397 TCPStore.cpp:106] [c10d] sendBytes failed on SocketImpl(fd=3, addr=[localhost]:60642, remote=[localhost]:29504): Broken pipe
Exception raised from sendBytes at /pytorch/torch/csrc/distributed/c10d/Utils.hpp:653 (most recent call first):
frame #0: c10::Error::Error(c10::SourceLocation, std::__cxx11::basic_string<char, std::char_traits<char>, std::allocator<char> >) + 0x98 (0x7d295f5785e8 in /home/ycyh/miniconda3/envs/LoRA/lib/python3.11/site-packages/torch/lib/libc10.so)
frame #1: <unknown function> + 0x5ba8b0e (0x7d29511a8b0e in /home/ycyh/miniconda3/envs/LoRA/lib/python3.11/site-packages/torch/lib/libtorch_cpu.so)
frame #2: <unknown function> + 0x5baa368 (0x7d29511aa368 in /home/ycyh/miniconda3/envs/LoRA/lib/python3.11/site-packages/torch/lib/libtorch_cpu.so)
frame #3: <unknown function> + 0x5babb4e (0x7d29511abb4e in /home/ycyh/miniconda3/envs/LoRA/lib/python3.11/site-packages/torch/lib/libtorch_cpu.so)
frame #4: c10d::TCPStore::check(std::vector<std::__cxx11::basic_string<char, std::char_traits<char>, std::allocator<char> >, std::allocator<std::__cxx11::basic_string<char, std::char_traits<char>, std::allocator<char> > > > const&) + 0x298 (0x7d29511a51a8 in /home/ycyh/miniconda3/envs/LoRA/lib/python3.11/site-packages/torch/lib/libtorch_cpu.so)
frame #5: c10d::ProcessGroupNCCL::heartbeatMonitor() + 0x379 (0x7d290d526729 in /home/ycyh/miniconda3/envs/LoRA/lib/python3.11/site-packages/torch/lib/libtorch_cuda.so)
frame #6: <unknown function> + 0xd828c (0x7d2a04eeb28c in /home/ycyh/miniconda3/envs/LoRA/bin/../lib/libstdc++.so.6)
frame #7: <unknown function> + 0x9caa4 (0x7d2a07a9caa4 in /lib/x86_64-linux-gnu/libc.so.6)
frame #8: <unknown function> + 0x129c6c (0x7d2a07b29c6c in /lib/x86_64-linux-gnu/libc.so.6)

[rank0]:[W508 17:54:42.183864246 ProcessGroupNCCL.cpp:1662] [PG ID 0 PG GUID 0(default_pg) Rank 0] Failed to check the "should dump" flag on TCPStore, (maybe TCPStore server has shut down too early), with error: Broken pipe
[rank0]:[W508 17:54:43.184153107 TCPStore.cpp:106] [c10d] sendBytes failed on SocketImpl(fd=3, addr=[localhost]:60642, remote=[localhost]:29504): Broken pipe
Exception raised from sendBytes at /pytorch/torch/csrc/distributed/c10d/Utils.hpp:653 (most recent call first):
frame #0: c10::Error::Error(c10::SourceLocation, std::__cxx11::basic_string<char, std::char_traits<char>, std::allocator<char> >) + 0x98 (0x7d295f5785e8 in /home/ycyh/miniconda3/envs/LoRA/lib/python3.11/site-packages/torch/lib/libc10.so)
frame #1: <unknown function> + 0x5ba8b0e (0x7d29511a8b0e in /home/ycyh/miniconda3/envs/LoRA/lib/python3.11/site-packages/torch/lib/libtorch_cpu.so)
frame #2: <unknown function> + 0x5baa368 (0x7d29511aa368 in /home/ycyh/miniconda3/envs/LoRA/lib/python3.11/site-packages/torch/lib/libtorch_cpu.so)
frame #3: <unknown function> + 0x5babb4e (0x7d29511abb4e in /home/ycyh/miniconda3/envs/LoRA/lib/python3.11/site-packages/torch/lib/libtorch_cpu.so)
frame #4: c10d::TCPStore::check(std::vector<std::__cxx11::basic_string<char, std::char_traits<char>, std::allocator<char> >, std::allocator<std::__cxx11::basic_string<char, std::char_traits<char>, std::allocator<char> > > > const&) + 0x298 (0x7d29511a51a8 in /home/ycyh/miniconda3/envs/LoRA/lib/python3.11/site-packages/torch/lib/libtorch_cpu.so)
frame #5: c10d::ProcessGroupNCCL::heartbeatMonitor() + 0x379 (0x7d290d526729 in /home/ycyh/miniconda3/envs/LoRA/lib/python3.11/site-packages/torch/lib/libtorch_cuda.so)
frame #6: <unknown function> + 0xd828c (0x7d2a04eeb28c in /home/ycyh/miniconda3/envs/LoRA/bin/../lib/libstdc++.so.6)
frame #7: <unknown function> + 0x9caa4 (0x7d2a07a9caa4 in /lib/x86_64-linux-gnu/libc.so.6)
frame #8: <unknown function> + 0x129c6c (0x7d2a07b29c6c in /lib/x86_64-linux-gnu/libc.so.6)

[rank0]:[W508 17:54:43.189470871 ProcessGroupNCCL.cpp:1662] [PG ID 0 PG GUID 0(default_pg) Rank 0] Failed to check the "should dump" flag on TCPStore, (maybe TCPStore server has shut down too early), with error: Broken pipe
[rank0]:[W508 17:54:45.189741393 TCPStore.cpp:106] [c10d] sendBytes failed on SocketImpl(fd=3, addr=[localhost]:60642, remote=[localhost]:29504): Broken pipe
Exception raised from sendBytes at /pytorch/torch/csrc/distributed/c10d/Utils.hpp:653 (most recent call first):
frame #0: c10::Error::Error(c10::SourceLocation, std::__cxx11::basic_string<char, std::char_traits<char>, std::allocator<char> >) + 0x98 (0x7d295f5785e8 in /home/ycyh/miniconda3/envs/LoRA/lib/python3.11/site-packages/torch/lib/libc10.so)
frame #1: <unknown function> + 0x5ba8b0e (0x7d29511a8b0e in /home/ycyh/miniconda3/envs/LoRA/lib/python3.11/site-packages/torch/lib/libtorch_cpu.so)
frame #2: <unknown function> + 0x5baa368 (0x7d29511aa368 in /home/ycyh/miniconda3/envs/LoRA/lib/python3.11/site-packages/torch/lib/libtorch_cpu.so)
frame #3: <unknown function> + 0x5babb4e (0x7d29511abb4e in /home/ycyh/miniconda3/envs/LoRA/lib/python3.11/site-packages/torch/lib/libtorch_cpu.so)
frame #4: c10d::TCPStore::check(std::vector<std::__cxx11::basic_string<char, std::char_traits<char>, std::allocator<char> >, std::allocator<std::__cxx11::basic_string<char, std::char_traits<char>, std::allocator<char> > > > const&) + 0x298 (0x7d29511a51a8 in /home/ycyh/miniconda3/envs/LoRA/lib/python3.11/site-packages/torch/lib/libtorch_cpu.so)
frame #5: c10d::ProcessGroupNCCL::heartbeatMonitor() + 0x379 (0x7d290d526729 in /home/ycyh/miniconda3/envs/LoRA/lib/python3.11/site-packages/torch/lib/libtorch_cuda.so)
frame #6: <unknown function> + 0xd828c (0x7d2a04eeb28c in /home/ycyh/miniconda3/envs/LoRA/bin/../lib/libstdc++.so.6)
frame #7: <unknown function> + 0x9caa4 (0x7d2a07a9caa4 in /lib/x86_64-linux-gnu/libc.so.6)
frame #8: <unknown function> + 0x129c6c (0x7d2a07b29c6c in /lib/x86_64-linux-gnu/libc.so.6)

[rank0]:[W508 17:54:45.195095345 ProcessGroupNCCL.cpp:1662] [PG ID 0 PG GUID 0(default_pg) Rank 0] Failed to check the "should dump" flag on TCPStore, (maybe TCPStore server has shut down too early), with error: Broken pipe
[rank0]:[W508 17:54:46.195283009 TCPStore.cpp:106] [c10d] sendBytes failed on SocketImpl(fd=3, addr=[localhost]:60642, remote=[localhost]:29504): Broken pipe
Exception raised from sendBytes at /pytorch/torch/csrc/distributed/c10d/Utils.hpp:653 (most recent call first):
frame #0: c10::Error::Error(c10::SourceLocation, std::__cxx11::basic_string<char, std::char_traits<char>, std::allocator<char> >) + 0x98 (0x7d295f5785e8 in /home/ycyh/miniconda3/envs/LoRA/lib/python3.11/site-packages/torch/lib/libc10.so)
frame #1: <unknown function> + 0x5ba8b0e (0x7d29511a8b0e in /home/ycyh/miniconda3/envs/LoRA/lib/python3.11/site-packages/torch/lib/libtorch_cpu.so)
frame #2: <unknown function> + 0x5baa368 (0x7d29511aa368 in /home/ycyh/miniconda3/envs/LoRA/lib/python3.11/site-packages/torch/lib/libtorch_cpu.so)
frame #3: <unknown function> + 0x5babb4e (0x7d29511abb4e in /home/ycyh/miniconda3/envs/LoRA/lib/python3.11/site-packages/torch/lib/libtorch_cpu.so)
frame #4: c10d::TCPStore::check(std::vector<std::__cxx11::basic_string<char, std::char_traits<char>, std::allocator<char> >, std::allocator<std::__cxx11::basic_string<char, std::char_traits<char>, std::allocator<char> > > > const&) + 0x298 (0x7d29511a51a8 in /home/ycyh/miniconda3/envs/LoRA/lib/python3.11/site-packages/torch/lib/libtorch_cpu.so)
frame #5: c10d::ProcessGroupNCCL::heartbeatMonitor() + 0x379 (0x7d290d526729 in /home/ycyh/miniconda3/envs/LoRA/lib/python3.11/site-packages/torch/lib/libtorch_cuda.so)
frame #6: <unknown function> + 0xd828c (0x7d2a04eeb28c in /home/ycyh/miniconda3/envs/LoRA/bin/../lib/libstdc++.so.6)
frame #7: <unknown function> + 0x9caa4 (0x7d2a07a9caa4 in /lib/x86_64-linux-gnu/libc.so.6)
frame #8: <unknown function> + 0x129c6c (0x7d2a07b29c6c in /lib/x86_64-linux-gnu/libc.so.6)

[rank0]:[W508 17:54:46.200554598 ProcessGroupNCCL.cpp:1662] [PG ID 0 PG GUID 0(default_pg) Rank 0] Failed to check the "should dump" flag on TCPStore, (maybe TCPStore server has shut down too early), with error: Broken pipe
[rank0]:[W508 17:54:47.200751558 TCPStore.cpp:106] [c10d] sendBytes failed on SocketImpl(fd=3, addr=[localhost]:60642, remote=[localhost]:29504): Broken pipe
Exception raised from sendBytes at /pytorch/torch/csrc/distributed/c10d/Utils.hpp:653 (most recent call first):
frame #0: c10::Error::Error(c10::SourceLocation, std::__cxx11::basic_string<char, std::char_traits<char>, std::allocator<char> >) + 0x98 (0x7d295f5785e8 in /home/ycyh/miniconda3/envs/LoRA/lib/python3.11/site-packages/torch/lib/libc10.so)
frame #1: <unknown function> + 0x5ba8b0e (0x7d29511a8b0e in /home/ycyh/miniconda3/envs/LoRA/lib/python3.11/site-packages/torch/lib/libtorch_cpu.so)
frame #2: <unknown function> + 0x5baa368 (0x7d29511aa368 in /home/ycyh/miniconda3/envs/LoRA/lib/python3.11/site-packages/torch/lib/libtorch_cpu.so)
frame #3: <unknown function> + 0x5babb4e (0x7d29511abb4e in /home/ycyh/miniconda3/envs/LoRA/lib/python3.11/site-packages/torch/lib/libtorch_cpu.so)
frame #4: c10d::TCPStore::check(std::vector<std::__cxx11::basic_string<char, std::char_traits<char>, std::allocator<char> >, std::allocator<std::__cxx11::basic_string<char, std::char_traits<char>, std::allocator<char> > > > const&) + 0x298 (0x7d29511a51a8 in /home/ycyh/miniconda3/envs/LoRA/lib/python3.11/site-packages/torch/lib/libtorch_cpu.so)
frame #5: c10d::ProcessGroupNCCL::heartbeatMonitor() + 0x379 (0x7d290d526729 in /home/ycyh/miniconda3/envs/LoRA/lib/python3.11/site-packages/torch/lib/libtorch_cuda.so)
frame #6: <unknown function> + 0xd828c (0x7d2a04eeb28c in /home/ycyh/miniconda3/envs/LoRA/bin/../lib/libstdc++.so.6)
frame #7: <unknown function> + 0x9caa4 (0x7d2a07a9caa4 in /lib/x86_64-linux-gnu/libc.so.6)
frame #8: <unknown function> + 0x129c6c (0x7d2a07b29c6c in /lib/x86_64-linux-gnu/libc.so.6)

[rank0]:[W508 17:54:47.205926004 ProcessGroupNCCL.cpp:1662] [PG ID 0 PG GUID 0(default_pg) Rank 0] Failed to check the "should dump" flag on TCPStore, (maybe TCPStore server has shut down too early), with error: Broken pipe
[rank0]:[W508 17:54:48.206123751 TCPStore.cpp:106] [c10d] sendBytes failed on SocketImpl(fd=3, addr=[localhost]:60642, remote=[localhost]:29504): Broken pipe
Exception raised from sendBytes at /pytorch/torch/csrc/distributed/c10d/Utils.hpp:653 (most recent call first):
frame #0: c10::Error::Error(c10::SourceLocation, std::__cxx11::basic_string<char, std::char_traits<char>, std::allocator<char> >) + 0x98 (0x7d295f5785e8 in /home/ycyh/miniconda3/envs/LoRA/lib/python3.11/site-packages/torch/lib/libc10.so)
frame #1: <unknown function> + 0x5ba8b0e (0x7d29511a8b0e in /home/ycyh/miniconda3/envs/LoRA/lib/python3.11/site-packages/torch/lib/libtorch_cpu.so)
frame #2: <unknown function> + 0x5baa368 (0x7d29511aa368 in /home/ycyh/miniconda3/envs/LoRA/lib/python3.11/site-packages/torch/lib/libtorch_cpu.so)
frame #3: <unknown function> + 0x5babb4e (0x7d29511abb4e in /home/ycyh/miniconda3/envs/LoRA/lib/python3.11/site-packages/torch/lib/libtorch_cpu.so)
frame #4: c10d::TCPStore::check(std::vector<std::__cxx11::basic_string<char, std::char_traits<char>, std::allocator<char> >, std::allocator<std::__cxx11::basic_string<char, std::char_traits<char>, std::allocator<char> > > > const&) + 0x298 (0x7d29511a51a8 in /home/ycyh/miniconda3/envs/LoRA/lib/python3.11/site-packages/torch/lib/libtorch_cpu.so)
frame #5: c10d::ProcessGroupNCCL::heartbeatMonitor() + 0x379 (0x7d290d526729 in /home/ycyh/miniconda3/envs/LoRA/lib/python3.11/site-packages/torch/lib/libtorch_cuda.so)
frame #6: <unknown function> + 0xd828c (0x7d2a04eeb28c in /home/ycyh/miniconda3/envs/LoRA/bin/../lib/libstdc++.so.6)
frame #7: <unknown function> + 0x9caa4 (0x7d2a07a9caa4 in /lib/x86_64-linux-gnu/libc.so.6)
frame #8: <unknown function> + 0x129c6c (0x7d2a07b29c6c in /lib/x86_64-linux-gnu/libc.so.6)

[rank0]:[W508 17:54:48.211272709 ProcessGroupNCCL.cpp:1662] [PG ID 0 PG GUID 0(default_pg) Rank 0] Failed to check the "should dump" flag on TCPStore, (maybe TCPStore server has shut down too early), with error: Broken pipe
[rank0]:[W508 17:54:50.211554104 TCPStore.cpp:106] [c10d] sendBytes failed on SocketImpl(fd=3, addr=[localhost]:60642, remote=[localhost]:29504): Broken pipe
Exception raised from sendBytes at /pytorch/torch/csrc/distributed/c10d/Utils.hpp:653 (most recent call first):
frame #0: c10::Error::Error(c10::SourceLocation, std::__cxx11::basic_string<char, std::char_traits<char>, std::allocator<char> >) + 0x98 (0x7d295f5785e8 in /home/ycyh/miniconda3/envs/LoRA/lib/python3.11/site-packages/torch/lib/libc10.so)
frame #1: <unknown function> + 0x5ba8b0e (0x7d29511a8b0e in /home/ycyh/miniconda3/envs/LoRA/lib/python3.11/site-packages/torch/lib/libtorch_cpu.so)
frame #2: <unknown function> + 0x5baa368 (0x7d29511aa368 in /home/ycyh/miniconda3/envs/LoRA/lib/python3.11/site-packages/torch/lib/libtorch_cpu.so)
frame #3: <unknown function> + 0x5babb4e (0x7d29511abb4e in /home/ycyh/miniconda3/envs/LoRA/lib/python3.11/site-packages/torch/lib/libtorch_cpu.so)
frame #4: c10d::TCPStore::check(std::vector<std::__cxx11::basic_string<char, std::char_traits<char>, std::allocator<char> >, std::allocator<std::__cxx11::basic_string<char, std::char_traits<char>, std::allocator<char> > > > const&) + 0x298 (0x7d29511a51a8 in /home/ycyh/miniconda3/envs/LoRA/lib/python3.11/site-packages/torch/lib/libtorch_cpu.so)
frame #5: c10d::ProcessGroupNCCL::heartbeatMonitor() + 0x379 (0x7d290d526729 in /home/ycyh/miniconda3/envs/LoRA/lib/python3.11/site-packages/torch/lib/libtorch_cuda.so)
frame #6: <unknown function> + 0xd828c (0x7d2a04eeb28c in /home/ycyh/miniconda3/envs/LoRA/bin/../lib/libstdc++.so.6)
frame #7: <unknown function> + 0x9caa4 (0x7d2a07a9caa4 in /lib/x86_64-linux-gnu/libc.so.6)
frame #8: <unknown function> + 0x129c6c (0x7d2a07b29c6c in /lib/x86_64-linux-gnu/libc.so.6)

[rank0]:[W508 17:54:50.217046225 ProcessGroupNCCL.cpp:1662] [PG ID 0 PG GUID 0(default_pg) Rank 0] Failed to check the "should dump" flag on TCPStore, (maybe TCPStore server has shut down too early), with error: Broken pipe
[rank0]:[W508 17:54:51.225117012 TCPStore.cpp:106] [c10d] sendBytes failed on SocketImpl(fd=3, addr=[localhost]:60642, remote=[localhost]:29504): Broken pipe
Exception raised from sendBytes at /pytorch/torch/csrc/distributed/c10d/Utils.hpp:653 (most recent call first):
frame #0: c10::Error::Error(c10::SourceLocation, std::__cxx11::basic_string<char, std::char_traits<char>, std::allocator<char> >) + 0x98 (0x7d295f5785e8 in /home/ycyh/miniconda3/envs/LoRA/lib/python3.11/site-packages/torch/lib/libc10.so)
frame #1: <unknown function> + 0x5ba8b0e (0x7d29511a8b0e in /home/ycyh/miniconda3/envs/LoRA/lib/python3.11/site-packages/torch/lib/libtorch_cpu.so)
frame #2: <unknown function> + 0x5baa368 (0x7d29511aa368 in /home/ycyh/miniconda3/envs/LoRA/lib/python3.11/site-packages/torch/lib/libtorch_cpu.so)
frame #3: <unknown function> + 0x5babb4e (0x7d29511abb4e in /home/ycyh/miniconda3/envs/LoRA/lib/python3.11/site-packages/torch/lib/libtorch_cpu.so)
frame #4: c10d::TCPStore::check(std::vector<std::__cxx11::basic_string<char, std::char_traits<char>, std::allocator<char> >, std::allocator<std::__cxx11::basic_string<char, std::char_traits<char>, std::allocator<char> > > > const&) + 0x298 (0x7d29511a51a8 in /home/ycyh/miniconda3/envs/LoRA/lib/python3.11/site-packages/torch/lib/libtorch_cpu.so)
frame #5: c10d::ProcessGroupNCCL::heartbeatMonitor() + 0x379 (0x7d290d526729 in /home/ycyh/miniconda3/envs/LoRA/lib/python3.11/site-packages/torch/lib/libtorch_cuda.so)
frame #6: <unknown function> + 0xd828c (0x7d2a04eeb28c in /home/ycyh/miniconda3/envs/LoRA/bin/../lib/libstdc++.so.6)
frame #7: <unknown function> + 0x9caa4 (0x7d2a07a9caa4 in /lib/x86_64-linux-gnu/libc.so.6)
frame #8: <unknown function> + 0x129c6c (0x7d2a07b29c6c in /lib/x86_64-linux-gnu/libc.so.6)

[rank0]:[W508 17:54:51.250393622 ProcessGroupNCCL.cpp:1662] [PG ID 0 PG GUID 0(default_pg) Rank 0] Failed to check the "should dump" flag on TCPStore, (maybe TCPStore server has shut down too early), with error: Broken pipe
[rank0]:[W508 17:54:53.276127903 TCPStore.cpp:106] [c10d] sendBytes failed on SocketImpl(fd=3, addr=[localhost]:60642, remote=[localhost]:29504): Broken pipe
Exception raised from sendBytes at /pytorch/torch/csrc/distributed/c10d/Utils.hpp:653 (most recent call first):
frame #0: c10::Error::Error(c10::SourceLocation, std::__cxx11::basic_string<char, std::char_traits<char>, std::allocator<char> >) + 0x98 (0x7d295f5785e8 in /home/ycyh/miniconda3/envs/LoRA/lib/python3.11/site-packages/torch/lib/libc10.so)
frame #1: <unknown function> + 0x5ba8b0e (0x7d29511a8b0e in /home/ycyh/miniconda3/envs/LoRA/lib/python3.11/site-packages/torch/lib/libtorch_cpu.so)
frame #2: <unknown function> + 0x5baa368 (0x7d29511aa368 in /home/ycyh/miniconda3/envs/LoRA/lib/python3.11/site-packages/torch/lib/libtorch_cpu.so)
frame #3: <unknown function> + 0x5babb4e (0x7d29511abb4e in /home/ycyh/miniconda3/envs/LoRA/lib/python3.11/site-packages/torch/lib/libtorch_cpu.so)
frame #4: c10d::TCPStore::check(std::vector<std::__cxx11::basic_string<char, std::char_traits<char>, std::allocator<char> >, std::allocator<std::__cxx11::basic_string<char, std::char_traits<char>, std::allocator<char> > > > const&) + 0x298 (0x7d29511a51a8 in /home/ycyh/miniconda3/envs/LoRA/lib/python3.11/site-packages/torch/lib/libtorch_cpu.so)
frame #5: c10d::ProcessGroupNCCL::heartbeatMonitor() + 0x379 (0x7d290d526729 in /home/ycyh/miniconda3/envs/LoRA/lib/python3.11/site-packages/torch/lib/libtorch_cuda.so)
frame #6: <unknown function> + 0xd828c (0x7d2a04eeb28c in /home/ycyh/miniconda3/envs/LoRA/bin/../lib/libstdc++.so.6)
frame #7: <unknown function> + 0x9caa4 (0x7d2a07a9caa4 in /lib/x86_64-linux-gnu/libc.so.6)
frame #8: <unknown function> + 0x129c6c (0x7d2a07b29c6c in /lib/x86_64-linux-gnu/libc.so.6)

[rank0]:[W508 17:54:53.304441962 ProcessGroupNCCL.cpp:1662] [PG ID 0 PG GUID 0(default_pg) Rank 0] Failed to check the "should dump" flag on TCPStore, (maybe TCPStore server has shut down too early), with error: Broken pipe
[rank0]:[W508 17:54:55.304710196 TCPStore.cpp:106] [c10d] sendBytes failed on SocketImpl(fd=3, addr=[localhost]:60642, remote=[localhost]:29504): Broken pipe
Exception raised from sendBytes at /pytorch/torch/csrc/distributed/c10d/Utils.hpp:653 (most recent call first):
frame #0: c10::Error::Error(c10::SourceLocation, std::__cxx11::basic_string<char, std::char_traits<char>, std::allocator<char> >) + 0x98 (0x7d295f5785e8 in /home/ycyh/miniconda3/envs/LoRA/lib/python3.11/site-packages/torch/lib/libc10.so)
frame #1: <unknown function> + 0x5ba8b0e (0x7d29511a8b0e in /home/ycyh/miniconda3/envs/LoRA/lib/python3.11/site-packages/torch/lib/libtorch_cpu.so)
frame #2: <unknown function> + 0x5baa368 (0x7d29511aa368 in /home/ycyh/miniconda3/envs/LoRA/lib/python3.11/site-packages/torch/lib/libtorch_cpu.so)
frame #3: <unknown function> + 0x5babb4e (0x7d29511abb4e in /home/ycyh/miniconda3/envs/LoRA/lib/python3.11/site-packages/torch/lib/libtorch_cpu.so)
frame #4: c10d::TCPStore::check(std::vector<std::__cxx11::basic_string<char, std::char_traits<char>, std::allocator<char> >, std::allocator<std::__cxx11::basic_string<char, std::char_traits<char>, std::allocator<char> > > > const&) + 0x298 (0x7d29511a51a8 in /home/ycyh/miniconda3/envs/LoRA/lib/python3.11/site-packages/torch/lib/libtorch_cpu.so)
frame #5: c10d::ProcessGroupNCCL::heartbeatMonitor() + 0x379 (0x7d290d526729 in /home/ycyh/miniconda3/envs/LoRA/lib/python3.11/site-packages/torch/lib/libtorch_cuda.so)
frame #6: <unknown function> + 0xd828c (0x7d2a04eeb28c in /home/ycyh/miniconda3/envs/LoRA/bin/../lib/libstdc++.so.6)
frame #7: <unknown function> + 0x9caa4 (0x7d2a07a9caa4 in /lib/x86_64-linux-gnu/libc.so.6)
frame #8: <unknown function> + 0x129c6c (0x7d2a07b29c6c in /lib/x86_64-linux-gnu/libc.so.6)

[rank0]:[W508 17:54:55.314077175 ProcessGroupNCCL.cpp:1662] [PG ID 0 PG GUID 0(default_pg) Rank 0] Failed to check the "should dump" flag on TCPStore, (maybe TCPStore server has shut down too early), with error: Broken pipe
[rank0]:[W508 17:54:56.314290027 TCPStore.cpp:106] [c10d] sendBytes failed on SocketImpl(fd=3, addr=[localhost]:60642, remote=[localhost]:29504): Broken pipe
Exception raised from sendBytes at /pytorch/torch/csrc/distributed/c10d/Utils.hpp:653 (most recent call first):
frame #0: c10::Error::Error(c10::SourceLocation, std::__cxx11::basic_string<char, std::char_traits<char>, std::allocator<char> >) + 0x98 (0x7d295f5785e8 in /home/ycyh/miniconda3/envs/LoRA/lib/python3.11/site-packages/torch/lib/libc10.so)
frame #1: <unknown function> + 0x5ba8b0e (0x7d29511a8b0e in /home/ycyh/miniconda3/envs/LoRA/lib/python3.11/site-packages/torch/lib/libtorch_cpu.so)
frame #2: <unknown function> + 0x5baa368 (0x7d29511aa368 in /home/ycyh/miniconda3/envs/LoRA/lib/python3.11/site-packages/torch/lib/libtorch_cpu.so)
frame #3: <unknown function> + 0x5babb4e (0x7d29511abb4e in /home/ycyh/miniconda3/envs/LoRA/lib/python3.11/site-packages/torch/lib/libtorch_cpu.so)
frame #4: c10d::TCPStore::check(std::vector<std::__cxx11::basic_string<char, std::char_traits<char>, std::allocator<char> >, std::allocator<std::__cxx11::basic_string<char, std::char_traits<char>, std::allocator<char> > > > const&) + 0x298 (0x7d29511a51a8 in /home/ycyh/miniconda3/envs/LoRA/lib/python3.11/site-packages/torch/lib/libtorch_cpu.so)
frame #5: c10d::ProcessGroupNCCL::heartbeatMonitor() + 0x379 (0x7d290d526729 in /home/ycyh/miniconda3/envs/LoRA/lib/python3.11/site-packages/torch/lib/libtorch_cuda.so)
frame #6: <unknown function> + 0xd828c (0x7d2a04eeb28c in /home/ycyh/miniconda3/envs/LoRA/bin/../lib/libstdc++.so.6)
frame #7: <unknown function> + 0x9caa4 (0x7d2a07a9caa4 in /lib/x86_64-linux-gnu/libc.so.6)
frame #8: <unknown function> + 0x129c6c (0x7d2a07b29c6c in /lib/x86_64-linux-gnu/libc.so.6)

[rank0]:[W508 17:54:56.319455654 ProcessGroupNCCL.cpp:1662] [PG ID 0 PG GUID 0(default_pg) Rank 0] Failed to check the "should dump" flag on TCPStore, (maybe TCPStore server has shut down too early), with error: Broken pipe
[rank0]:[W508 17:54:58.319724995 TCPStore.cpp:106] [c10d] sendBytes failed on SocketImpl(fd=3, addr=[localhost]:60642, remote=[localhost]:29504): Broken pipe
Exception raised from sendBytes at /pytorch/torch/csrc/distributed/c10d/Utils.hpp:653 (most recent call first):
frame #0: c10::Error::Error(c10::SourceLocation, std::__cxx11::basic_string<char, std::char_traits<char>, std::allocator<char> >) + 0x98 (0x7d295f5785e8 in /home/ycyh/miniconda3/envs/LoRA/lib/python3.11/site-packages/torch/lib/libc10.so)
frame #1: <unknown function> + 0x5ba8b0e (0x7d29511a8b0e in /home/ycyh/miniconda3/envs/LoRA/lib/python3.11/site-packages/torch/lib/libtorch_cpu.so)
frame #2: <unknown function> + 0x5baa368 (0x7d29511aa368 in /home/ycyh/miniconda3/envs/LoRA/lib/python3.11/site-packages/torch/lib/libtorch_cpu.so)
frame #3: <unknown function> + 0x5babb4e (0x7d29511abb4e in /home/ycyh/miniconda3/envs/LoRA/lib/python3.11/site-packages/torch/lib/libtorch_cpu.so)
frame #4: c10d::TCPStore::check(std::vector<std::__cxx11::basic_string<char, std::char_traits<char>, std::allocator<char> >, std::allocator<std::__cxx11::basic_string<char, std::char_traits<char>, std::allocator<char> > > > const&) + 0x298 (0x7d29511a51a8 in /home/ycyh/miniconda3/envs/LoRA/lib/python3.11/site-packages/torch/lib/libtorch_cpu.so)
frame #5: c10d::ProcessGroupNCCL::heartbeatMonitor() + 0x379 (0x7d290d526729 in /home/ycyh/miniconda3/envs/LoRA/lib/python3.11/site-packages/torch/lib/libtorch_cuda.so)
frame #6: <unknown function> + 0xd828c (0x7d2a04eeb28c in /home/ycyh/miniconda3/envs/LoRA/bin/../lib/libstdc++.so.6)
frame #7: <unknown function> + 0x9caa4 (0x7d2a07a9caa4 in /lib/x86_64-linux-gnu/libc.so.6)
frame #8: <unknown function> + 0x129c6c (0x7d2a07b29c6c in /lib/x86_64-linux-gnu/libc.so.6)

[rank0]:[W508 17:54:58.324913043 ProcessGroupNCCL.cpp:1662] [PG ID 0 PG GUID 0(default_pg) Rank 0] Failed to check the "should dump" flag on TCPStore, (maybe TCPStore server has shut down too early), with error: Broken pipe
[rank0]:[W508 17:54:59.325097901 TCPStore.cpp:106] [c10d] sendBytes failed on SocketImpl(fd=3, addr=[localhost]:60642, remote=[localhost]:29504): Broken pipe
Exception raised from sendBytes at /pytorch/torch/csrc/distributed/c10d/Utils.hpp:653 (most recent call first):
frame #0: c10::Error::Error(c10::SourceLocation, std::__cxx11::basic_string<char, std::char_traits<char>, std::allocator<char> >) + 0x98 (0x7d295f5785e8 in /home/ycyh/miniconda3/envs/LoRA/lib/python3.11/site-packages/torch/lib/libc10.so)
frame #1: <unknown function> + 0x5ba8b0e (0x7d29511a8b0e in /home/ycyh/miniconda3/envs/LoRA/lib/python3.11/site-packages/torch/lib/libtorch_cpu.so)
frame #2: <unknown function> + 0x5baa368 (0x7d29511aa368 in /home/ycyh/miniconda3/envs/LoRA/lib/python3.11/site-packages/torch/lib/libtorch_cpu.so)
frame #3: <unknown function> + 0x5babb4e (0x7d29511abb4e in /home/ycyh/miniconda3/envs/LoRA/lib/python3.11/site-packages/torch/lib/libtorch_cpu.so)
frame #4: c10d::TCPStore::check(std::vector<std::__cxx11::basic_string<char, std::char_traits<char>, std::allocator<char> >, std::allocator<std::__cxx11::basic_string<char, std::char_traits<char>, std::allocator<char> > > > const&) + 0x298 (0x7d29511a51a8 in /home/ycyh/miniconda3/envs/LoRA/lib/python3.11/site-packages/torch/lib/libtorch_cpu.so)
frame #5: c10d::ProcessGroupNCCL::heartbeatMonitor() + 0x379 (0x7d290d526729 in /home/ycyh/miniconda3/envs/LoRA/lib/python3.11/site-packages/torch/lib/libtorch_cuda.so)
frame #6: <unknown function> + 0xd828c (0x7d2a04eeb28c in /home/ycyh/miniconda3/envs/LoRA/bin/../lib/libstdc++.so.6)
frame #7: <unknown function> + 0x9caa4 (0x7d2a07a9caa4 in /lib/x86_64-linux-gnu/libc.so.6)
frame #8: <unknown function> + 0x129c6c (0x7d2a07b29c6c in /lib/x86_64-linux-gnu/libc.so.6)

[rank0]:[W508 17:54:59.330200453 ProcessGroupNCCL.cpp:1662] [PG ID 0 PG GUID 0(default_pg) Rank 0] Failed to check the "should dump" flag on TCPStore, (maybe TCPStore server has shut down too early), with error: Broken pipe
[rank0]:[W508 17:55:00.330411062 TCPStore.cpp:106] [c10d] sendBytes failed on SocketImpl(fd=3, addr=[localhost]:60642, remote=[localhost]:29504): Broken pipe
Exception raised from sendBytes at /pytorch/torch/csrc/distributed/c10d/Utils.hpp:653 (most recent call first):
frame #0: c10::Error::Error(c10::SourceLocation, std::__cxx11::basic_string<char, std::char_traits<char>, std::allocator<char> >) + 0x98 (0x7d295f5785e8 in /home/ycyh/miniconda3/envs/LoRA/lib/python3.11/site-packages/torch/lib/libc10.so)
frame #1: <unknown function> + 0x5ba8b0e (0x7d29511a8b0e in /home/ycyh/miniconda3/envs/LoRA/lib/python3.11/site-packages/torch/lib/libtorch_cpu.so)
frame #2: <unknown function> + 0x5baa368 (0x7d29511aa368 in /home/ycyh/miniconda3/envs/LoRA/lib/python3.11/site-packages/torch/lib/libtorch_cpu.so)
frame #3: <unknown function> + 0x5babb4e (0x7d29511abb4e in /home/ycyh/miniconda3/envs/LoRA/lib/python3.11/site-packages/torch/lib/libtorch_cpu.so)
frame #4: c10d::TCPStore::check(std::vector<std::__cxx11::basic_string<char, std::char_traits<char>, std::allocator<char> >, std::allocator<std::__cxx11::basic_string<char, std::char_traits<char>, std::allocator<char> > > > const&) + 0x298 (0x7d29511a51a8 in /home/ycyh/miniconda3/envs/LoRA/lib/python3.11/site-packages/torch/lib/libtorch_cpu.so)
frame #5: c10d::ProcessGroupNCCL::heartbeatMonitor() + 0x379 (0x7d290d526729 in /home/ycyh/miniconda3/envs/LoRA/lib/python3.11/site-packages/torch/lib/libtorch_cuda.so)
frame #6: <unknown function> + 0xd828c (0x7d2a04eeb28c in /home/ycyh/miniconda3/envs/LoRA/bin/../lib/libstdc++.so.6)
frame #7: <unknown function> + 0x9caa4 (0x7d2a07a9caa4 in /lib/x86_64-linux-gnu/libc.so.6)
frame #8: <unknown function> + 0x129c6c (0x7d2a07b29c6c in /lib/x86_64-linux-gnu/libc.so.6)

[rank0]:[W508 17:55:00.335764380 ProcessGroupNCCL.cpp:1662] [PG ID 0 PG GUID 0(default_pg) Rank 0] Failed to check the "should dump" flag on TCPStore, (maybe TCPStore server has shut down too early), with error: Broken pipe
[rank0]:[W508 17:55:01.335971246 TCPStore.cpp:106] [c10d] sendBytes failed on SocketImpl(fd=3, addr=[localhost]:60642, remote=[localhost]:29504): Broken pipe
Exception raised from sendBytes at /pytorch/torch/csrc/distributed/c10d/Utils.hpp:653 (most recent call first):
frame #0: c10::Error::Error(c10::SourceLocation, std::__cxx11::basic_string<char, std::char_traits<char>, std::allocator<char> >) + 0x98 (0x7d295f5785e8 in /home/ycyh/miniconda3/envs/LoRA/lib/python3.11/site-packages/torch/lib/libc10.so)
frame #1: <unknown function> + 0x5ba8b0e (0x7d29511a8b0e in /home/ycyh/miniconda3/envs/LoRA/lib/python3.11/site-packages/torch/lib/libtorch_cpu.so)
frame #2: <unknown function> + 0x5baa368 (0x7d29511aa368 in /home/ycyh/miniconda3/envs/LoRA/lib/python3.11/site-packages/torch/lib/libtorch_cpu.so)
frame #3: <unknown function> + 0x5babb4e (0x7d29511abb4e in /home/ycyh/miniconda3/envs/LoRA/lib/python3.11/site-packages/torch/lib/libtorch_cpu.so)
frame #4: c10d::TCPStore::check(std::vector<std::__cxx11::basic_string<char, std::char_traits<char>, std::allocator<char> >, std::allocator<std::__cxx11::basic_string<char, std::char_traits<char>, std::allocator<char> > > > const&) + 0x298 (0x7d29511a51a8 in /home/ycyh/miniconda3/envs/LoRA/lib/python3.11/site-packages/torch/lib/libtorch_cpu.so)
frame #5: c10d::ProcessGroupNCCL::heartbeatMonitor() + 0x379 (0x7d290d526729 in /home/ycyh/miniconda3/envs/LoRA/lib/python3.11/site-packages/torch/lib/libtorch_cuda.so)
frame #6: <unknown function> + 0xd828c (0x7d2a04eeb28c in /home/ycyh/miniconda3/envs/LoRA/bin/../lib/libstdc++.so.6)
frame #7: <unknown function> + 0x9caa4 (0x7d2a07a9caa4 in /lib/x86_64-linux-gnu/libc.so.6)
frame #8: <unknown function> + 0x129c6c (0x7d2a07b29c6c in /lib/x86_64-linux-gnu/libc.so.6)

[rank0]:[W508 17:55:01.342263418 ProcessGroupNCCL.cpp:1662] [PG ID 0 PG GUID 0(default_pg) Rank 0] Failed to check the "should dump" flag on TCPStore, (maybe TCPStore server has shut down too early), with error: Broken pipe
[rank0]:[W508 17:55:02.348120908 TCPStore.cpp:106] [c10d] sendBytes failed on SocketImpl(fd=3, addr=[localhost]:60642, remote=[localhost]:29504): Broken pipe
Exception raised from sendBytes at /pytorch/torch/csrc/distributed/c10d/Utils.hpp:653 (most recent call first):
frame #0: c10::Error::Error(c10::SourceLocation, std::__cxx11::basic_string<char, std::char_traits<char>, std::allocator<char> >) + 0x98 (0x7d295f5785e8 in /home/ycyh/miniconda3/envs/LoRA/lib/python3.11/site-packages/torch/lib/libc10.so)
frame #1: <unknown function> + 0x5ba8b0e (0x7d29511a8b0e in /home/ycyh/miniconda3/envs/LoRA/lib/python3.11/site-packages/torch/lib/libtorch_cpu.so)
frame #2: <unknown function> + 0x5baa368 (0x7d29511aa368 in /home/ycyh/miniconda3/envs/LoRA/lib/python3.11/site-packages/torch/lib/libtorch_cpu.so)
frame #3: <unknown function> + 0x5babb4e (0x7d29511abb4e in /home/ycyh/miniconda3/envs/LoRA/lib/python3.11/site-packages/torch/lib/libtorch_cpu.so)
frame #4: c10d::TCPStore::check(std::vector<std::__cxx11::basic_string<char, std::char_traits<char>, std::allocator<char> >, std::allocator<std::__cxx11::basic_string<char, std::char_traits<char>, std::allocator<char> > > > const&) + 0x298 (0x7d29511a51a8 in /home/ycyh/miniconda3/envs/LoRA/lib/python3.11/site-packages/torch/lib/libtorch_cpu.so)
frame #5: c10d::ProcessGroupNCCL::heartbeatMonitor() + 0x379 (0x7d290d526729 in /home/ycyh/miniconda3/envs/LoRA/lib/python3.11/site-packages/torch/lib/libtorch_cuda.so)
frame #6: <unknown function> + 0xd828c (0x7d2a04eeb28c in /home/ycyh/miniconda3/envs/LoRA/bin/../lib/libstdc++.so.6)
frame #7: <unknown function> + 0x9caa4 (0x7d2a07a9caa4 in /lib/x86_64-linux-gnu/libc.so.6)
frame #8: <unknown function> + 0x129c6c (0x7d2a07b29c6c in /lib/x86_64-linux-gnu/libc.so.6)

[rank0]:[W508 17:55:02.353267065 ProcessGroupNCCL.cpp:1662] [PG ID 0 PG GUID 0(default_pg) Rank 0] Failed to check the "should dump" flag on TCPStore, (maybe TCPStore server has shut down too early), with error: Broken pipe
[rank0]:[W508 17:55:03.353450785 TCPStore.cpp:106] [c10d] sendBytes failed on SocketImpl(fd=3, addr=[localhost]:60642, remote=[localhost]:29504): Broken pipe
Exception raised from sendBytes at /pytorch/torch/csrc/distributed/c10d/Utils.hpp:653 (most recent call first):
frame #0: c10::Error::Error(c10::SourceLocation, std::__cxx11::basic_string<char, std::char_traits<char>, std::allocator<char> >) + 0x98 (0x7d295f5785e8 in /home/ycyh/miniconda3/envs/LoRA/lib/python3.11/site-packages/torch/lib/libc10.so)
frame #1: <unknown function> + 0x5ba8b0e (0x7d29511a8b0e in /home/ycyh/miniconda3/envs/LoRA/lib/python3.11/site-packages/torch/lib/libtorch_cpu.so)
frame #2: <unknown function> + 0x5baa368 (0x7d29511aa368 in /home/ycyh/miniconda3/envs/LoRA/lib/python3.11/site-packages/torch/lib/libtorch_cpu.so)
frame #3: <unknown function> + 0x5babb4e (0x7d29511abb4e in /home/ycyh/miniconda3/envs/LoRA/lib/python3.11/site-packages/torch/lib/libtorch_cpu.so)
frame #4: c10d::TCPStore::check(std::vector<std::__cxx11::basic_string<char, std::char_traits<char>, std::allocator<char> >, std::allocator<std::__cxx11::basic_string<char, std::char_traits<char>, std::allocator<char> > > > const&) + 0x298 (0x7d29511a51a8 in /home/ycyh/miniconda3/envs/LoRA/lib/python3.11/site-packages/torch/lib/libtorch_cpu.so)
frame #5: c10d::ProcessGroupNCCL::heartbeatMonitor() + 0x379 (0x7d290d526729 in /home/ycyh/miniconda3/envs/LoRA/lib/python3.11/site-packages/torch/lib/libtorch_cuda.so)
frame #6: <unknown function> + 0xd828c (0x7d2a04eeb28c in /home/ycyh/miniconda3/envs/LoRA/bin/../lib/libstdc++.so.6)
frame #7: <unknown function> + 0x9caa4 (0x7d2a07a9caa4 in /lib/x86_64-linux-gnu/libc.so.6)
frame #8: <unknown function> + 0x129c6c (0x7d2a07b29c6c in /lib/x86_64-linux-gnu/libc.so.6)

[rank0]:[W508 17:55:03.360719303 ProcessGroupNCCL.cpp:1662] [PG ID 0 PG GUID 0(default_pg) Rank 0] Failed to check the "should dump" flag on TCPStore, (maybe TCPStore server has shut down too early), with error: Broken pipe
[rank0]:[W508 17:55:04.360909538 TCPStore.cpp:106] [c10d] sendBytes failed on SocketImpl(fd=3, addr=[localhost]:60642, remote=[localhost]:29504): Broken pipe
Exception raised from sendBytes at /pytorch/torch/csrc/distributed/c10d/Utils.hpp:653 (most recent call first):
frame #0: c10::Error::Error(c10::SourceLocation, std::__cxx11::basic_string<char, std::char_traits<char>, std::allocator<char> >) + 0x98 (0x7d295f5785e8 in /home/ycyh/miniconda3/envs/LoRA/lib/python3.11/site-packages/torch/lib/libc10.so)
frame #1: <unknown function> + 0x5ba8b0e (0x7d29511a8b0e in /home/ycyh/miniconda3/envs/LoRA/lib/python3.11/site-packages/torch/lib/libtorch_cpu.so)
frame #2: <unknown function> + 0x5baa368 (0x7d29511aa368 in /home/ycyh/miniconda3/envs/LoRA/lib/python3.11/site-packages/torch/lib/libtorch_cpu.so)
frame #3: <unknown function> + 0x5babb4e (0x7d29511abb4e in /home/ycyh/miniconda3/envs/LoRA/lib/python3.11/site-packages/torch/lib/libtorch_cpu.so)
frame #4: c10d::TCPStore::check(std::vector<std::__cxx11::basic_string<char, std::char_traits<char>, std::allocator<char> >, std::allocator<std::__cxx11::basic_string<char, std::char_traits<char>, std::allocator<char> > > > const&) + 0x298 (0x7d29511a51a8 in /home/ycyh/miniconda3/envs/LoRA/lib/python3.11/site-packages/torch/lib/libtorch_cpu.so)
frame #5: c10d::ProcessGroupNCCL::heartbeatMonitor() + 0x379 (0x7d290d526729 in /home/ycyh/miniconda3/envs/LoRA/lib/python3.11/site-packages/torch/lib/libtorch_cuda.so)
frame #6: <unknown function> + 0xd828c (0x7d2a04eeb28c in /home/ycyh/miniconda3/envs/LoRA/bin/../lib/libstdc++.so.6)
frame #7: <unknown function> + 0x9caa4 (0x7d2a07a9caa4 in /lib/x86_64-linux-gnu/libc.so.6)
frame #8: <unknown function> + 0x129c6c (0x7d2a07b29c6c in /lib/x86_64-linux-gnu/libc.so.6)

[rank0]:[W508 17:55:04.367868533 ProcessGroupNCCL.cpp:1662] [PG ID 0 PG GUID 0(default_pg) Rank 0] Failed to check the "should dump" flag on TCPStore, (maybe TCPStore server has shut down too early), with error: Broken pipe
[rank0]:[W508 17:55:05.368066295 TCPStore.cpp:106] [c10d] sendBytes failed on SocketImpl(fd=3, addr=[localhost]:60642, remote=[localhost]:29504): Broken pipe
Exception raised from sendBytes at /pytorch/torch/csrc/distributed/c10d/Utils.hpp:653 (most recent call first):
frame #0: c10::Error::Error(c10::SourceLocation, std::__cxx11::basic_string<char, std::char_traits<char>, std::allocator<char> >) + 0x98 (0x7d295f5785e8 in /home/ycyh/miniconda3/envs/LoRA/lib/python3.11/site-packages/torch/lib/libc10.so)
frame #1: <unknown function> + 0x5ba8b0e (0x7d29511a8b0e in /home/ycyh/miniconda3/envs/LoRA/lib/python3.11/site-packages/torch/lib/libtorch_cpu.so)
frame #2: <unknown function> + 0x5baa368 (0x7d29511aa368 in /home/ycyh/miniconda3/envs/LoRA/lib/python3.11/site-packages/torch/lib/libtorch_cpu.so)
frame #3: <unknown function> + 0x5babb4e (0x7d29511abb4e in /home/ycyh/miniconda3/envs/LoRA/lib/python3.11/site-packages/torch/lib/libtorch_cpu.so)
frame #4: c10d::TCPStore::check(std::vector<std::__cxx11::basic_string<char, std::char_traits<char>, std::allocator<char> >, std::allocator<std::__cxx11::basic_string<char, std::char_traits<char>, std::allocator<char> > > > const&) + 0x298 (0x7d29511a51a8 in /home/ycyh/miniconda3/envs/LoRA/lib/python3.11/site-packages/torch/lib/libtorch_cpu.so)
frame #5: c10d::ProcessGroupNCCL::heartbeatMonitor() + 0x379 (0x7d290d526729 in /home/ycyh/miniconda3/envs/LoRA/lib/python3.11/site-packages/torch/lib/libtorch_cuda.so)
frame #6: <unknown function> + 0xd828c (0x7d2a04eeb28c in /home/ycyh/miniconda3/envs/LoRA/bin/../lib/libstdc++.so.6)
frame #7: <unknown function> + 0x9caa4 (0x7d2a07a9caa4 in /lib/x86_64-linux-gnu/libc.so.6)
frame #8: <unknown function> + 0x129c6c (0x7d2a07b29c6c in /lib/x86_64-linux-gnu/libc.so.6)

[rank0]:[W508 17:55:05.378146963 ProcessGroupNCCL.cpp:1662] [PG ID 0 PG GUID 0(default_pg) Rank 0] Failed to check the "should dump" flag on TCPStore, (maybe TCPStore server has shut down too early), with error: Broken pipe
[rank0]:[W508 17:55:06.378378117 TCPStore.cpp:106] [c10d] sendBytes failed on SocketImpl(fd=3, addr=[localhost]:60642, remote=[localhost]:29504): Broken pipe
Exception raised from sendBytes at /pytorch/torch/csrc/distributed/c10d/Utils.hpp:653 (most recent call first):
frame #0: c10::Error::Error(c10::SourceLocation, std::__cxx11::basic_string<char, std::char_traits<char>, std::allocator<char> >) + 0x98 (0x7d295f5785e8 in /home/ycyh/miniconda3/envs/LoRA/lib/python3.11/site-packages/torch/lib/libc10.so)
frame #1: <unknown function> + 0x5ba8b0e (0x7d29511a8b0e in /home/ycyh/miniconda3/envs/LoRA/lib/python3.11/site-packages/torch/lib/libtorch_cpu.so)
frame #2: <unknown function> + 0x5baa368 (0x7d29511aa368 in /home/ycyh/miniconda3/envs/LoRA/lib/python3.11/site-packages/torch/lib/libtorch_cpu.so)
frame #3: <unknown function> + 0x5babb4e (0x7d29511abb4e in /home/ycyh/miniconda3/envs/LoRA/lib/python3.11/site-packages/torch/lib/libtorch_cpu.so)
frame #4: c10d::TCPStore::check(std::vector<std::__cxx11::basic_string<char, std::char_traits<char>, std::allocator<char> >, std::allocator<std::__cxx11::basic_string<char, std::char_traits<char>, std::allocator<char> > > > const&) + 0x298 (0x7d29511a51a8 in /home/ycyh/miniconda3/envs/LoRA/lib/python3.11/site-packages/torch/lib/libtorch_cpu.so)
frame #5: c10d::ProcessGroupNCCL::heartbeatMonitor() + 0x379 (0x7d290d526729 in /home/ycyh/miniconda3/envs/LoRA/lib/python3.11/site-packages/torch/lib/libtorch_cuda.so)
frame #6: <unknown function> + 0xd828c (0x7d2a04eeb28c in /home/ycyh/miniconda3/envs/LoRA/bin/../lib/libstdc++.so.6)
frame #7: <unknown function> + 0x9caa4 (0x7d2a07a9caa4 in /lib/x86_64-linux-gnu/libc.so.6)
frame #8: <unknown function> + 0x129c6c (0x7d2a07b29c6c in /lib/x86_64-linux-gnu/libc.so.6)

[rank0]:[W508 17:55:06.383655324 ProcessGroupNCCL.cpp:1662] [PG ID 0 PG GUID 0(default_pg) Rank 0] Failed to check the "should dump" flag on TCPStore, (maybe TCPStore server has shut down too early), with error: Broken pipe
[rank0]:[W508 17:55:07.383845683 TCPStore.cpp:106] [c10d] sendBytes failed on SocketImpl(fd=3, addr=[localhost]:60642, remote=[localhost]:29504): Broken pipe
Exception raised from sendBytes at /pytorch/torch/csrc/distributed/c10d/Utils.hpp:653 (most recent call first):
frame #0: c10::Error::Error(c10::SourceLocation, std::__cxx11::basic_string<char, std::char_traits<char>, std::allocator<char> >) + 0x98 (0x7d295f5785e8 in /home/ycyh/miniconda3/envs/LoRA/lib/python3.11/site-packages/torch/lib/libc10.so)
frame #1: <unknown function> + 0x5ba8b0e (0x7d29511a8b0e in /home/ycyh/miniconda3/envs/LoRA/lib/python3.11/site-packages/torch/lib/libtorch_cpu.so)
frame #2: <unknown function> + 0x5baa368 (0x7d29511aa368 in /home/ycyh/miniconda3/envs/LoRA/lib/python3.11/site-packages/torch/lib/libtorch_cpu.so)
frame #3: <unknown function> + 0x5babb4e (0x7d29511abb4e in /home/ycyh/miniconda3/envs/LoRA/lib/python3.11/site-packages/torch/lib/libtorch_cpu.so)
frame #4: c10d::TCPStore::check(std::vector<std::__cxx11::basic_string<char, std::char_traits<char>, std::allocator<char> >, std::allocator<std::__cxx11::basic_string<char, std::char_traits<char>, std::allocator<char> > > > const&) + 0x298 (0x7d29511a51a8 in /home/ycyh/miniconda3/envs/LoRA/lib/python3.11/site-packages/torch/lib/libtorch_cpu.so)
frame #5: c10d::ProcessGroupNCCL::heartbeatMonitor() + 0x379 (0x7d290d526729 in /home/ycyh/miniconda3/envs/LoRA/lib/python3.11/site-packages/torch/lib/libtorch_cuda.so)
frame #6: <unknown function> + 0xd828c (0x7d2a04eeb28c in /home/ycyh/miniconda3/envs/LoRA/bin/../lib/libstdc++.so.6)
frame #7: <unknown function> + 0x9caa4 (0x7d2a07a9caa4 in /lib/x86_64-linux-gnu/libc.so.6)
frame #8: <unknown function> + 0x129c6c (0x7d2a07b29c6c in /lib/x86_64-linux-gnu/libc.so.6)

[rank0]:[W508 17:55:07.389113524 ProcessGroupNCCL.cpp:1662] [PG ID 0 PG GUID 0(default_pg) Rank 0] Failed to check the "should dump" flag on TCPStore, (maybe TCPStore server has shut down too early), with error: Broken pipe
[rank0]:[W508 17:55:08.389316918 TCPStore.cpp:106] [c10d] sendBytes failed on SocketImpl(fd=3, addr=[localhost]:60642, remote=[localhost]:29504): Broken pipe
Exception raised from sendBytes at /pytorch/torch/csrc/distributed/c10d/Utils.hpp:653 (most recent call first):
frame #0: c10::Error::Error(c10::SourceLocation, std::__cxx11::basic_string<char, std::char_traits<char>, std::allocator<char> >) + 0x98 (0x7d295f5785e8 in /home/ycyh/miniconda3/envs/LoRA/lib/python3.11/site-packages/torch/lib/libc10.so)
frame #1: <unknown function> + 0x5ba8b0e (0x7d29511a8b0e in /home/ycyh/miniconda3/envs/LoRA/lib/python3.11/site-packages/torch/lib/libtorch_cpu.so)
frame #2: <unknown function> + 0x5baa368 (0x7d29511aa368 in /home/ycyh/miniconda3/envs/LoRA/lib/python3.11/site-packages/torch/lib/libtorch_cpu.so)
frame #3: <unknown function> + 0x5babb4e (0x7d29511abb4e in /home/ycyh/miniconda3/envs/LoRA/lib/python3.11/site-packages/torch/lib/libtorch_cpu.so)
frame #4: c10d::TCPStore::check(std::vector<std::__cxx11::basic_string<char, std::char_traits<char>, std::allocator<char> >, std::allocator<std::__cxx11::basic_string<char, std::char_traits<char>, std::allocator<char> > > > const&) + 0x298 (0x7d29511a51a8 in /home/ycyh/miniconda3/envs/LoRA/lib/python3.11/site-packages/torch/lib/libtorch_cpu.so)
frame #5: c10d::ProcessGroupNCCL::heartbeatMonitor() + 0x379 (0x7d290d526729 in /home/ycyh/miniconda3/envs/LoRA/lib/python3.11/site-packages/torch/lib/libtorch_cuda.so)
frame #6: <unknown function> + 0xd828c (0x7d2a04eeb28c in /home/ycyh/miniconda3/envs/LoRA/bin/../lib/libstdc++.so.6)
frame #7: <unknown function> + 0x9caa4 (0x7d2a07a9caa4 in /lib/x86_64-linux-gnu/libc.so.6)
frame #8: <unknown function> + 0x129c6c (0x7d2a07b29c6c in /lib/x86_64-linux-gnu/libc.so.6)

[rank0]:[W508 17:55:08.394579532 ProcessGroupNCCL.cpp:1662] [PG ID 0 PG GUID 0(default_pg) Rank 0] Failed to check the "should dump" flag on TCPStore, (maybe TCPStore server has shut down too early), with error: Broken pipe
[rank0]:[W508 17:55:10.394855805 TCPStore.cpp:106] [c10d] sendBytes failed on SocketImpl(fd=3, addr=[localhost]:60642, remote=[localhost]:29504): Broken pipe
Exception raised from sendBytes at /pytorch/torch/csrc/distributed/c10d/Utils.hpp:653 (most recent call first):
frame #0: c10::Error::Error(c10::SourceLocation, std::__cxx11::basic_string<char, std::char_traits<char>, std::allocator<char> >) + 0x98 (0x7d295f5785e8 in /home/ycyh/miniconda3/envs/LoRA/lib/python3.11/site-packages/torch/lib/libc10.so)
frame #1: <unknown function> + 0x5ba8b0e (0x7d29511a8b0e in /home/ycyh/miniconda3/envs/LoRA/lib/python3.11/site-packages/torch/lib/libtorch_cpu.so)
frame #2: <unknown function> + 0x5baa368 (0x7d29511aa368 in /home/ycyh/miniconda3/envs/LoRA/lib/python3.11/site-packages/torch/lib/libtorch_cpu.so)
frame #3: <unknown function> + 0x5babb4e (0x7d29511abb4e in /home/ycyh/miniconda3/envs/LoRA/lib/python3.11/site-packages/torch/lib/libtorch_cpu.so)
frame #4: c10d::TCPStore::check(std::vector<std::__cxx11::basic_string<char, std::char_traits<char>, std::allocator<char> >, std::allocator<std::__cxx11::basic_string<char, std::char_traits<char>, std::allocator<char> > > > const&) + 0x298 (0x7d29511a51a8 in /home/ycyh/miniconda3/envs/LoRA/lib/python3.11/site-packages/torch/lib/libtorch_cpu.so)
frame #5: c10d::ProcessGroupNCCL::heartbeatMonitor() + 0x379 (0x7d290d526729 in /home/ycyh/miniconda3/envs/LoRA/lib/python3.11/site-packages/torch/lib/libtorch_cuda.so)
frame #6: <unknown function> + 0xd828c (0x7d2a04eeb28c in /home/ycyh/miniconda3/envs/LoRA/bin/../lib/libstdc++.so.6)
frame #7: <unknown function> + 0x9caa4 (0x7d2a07a9caa4 in /lib/x86_64-linux-gnu/libc.so.6)
frame #8: <unknown function> + 0x129c6c (0x7d2a07b29c6c in /lib/x86_64-linux-gnu/libc.so.6)

[rank0]:[W508 17:55:10.400018475 ProcessGroupNCCL.cpp:1662] [PG ID 0 PG GUID 0(default_pg) Rank 0] Failed to check the "should dump" flag on TCPStore, (maybe TCPStore server has shut down too early), with error: Broken pipe
[rank0]:[W508 17:55:11.400228065 TCPStore.cpp:106] [c10d] sendBytes failed on SocketImpl(fd=3, addr=[localhost]:60642, remote=[localhost]:29504): Broken pipe
Exception raised from sendBytes at /pytorch/torch/csrc/distributed/c10d/Utils.hpp:653 (most recent call first):
frame #0: c10::Error::Error(c10::SourceLocation, std::__cxx11::basic_string<char, std::char_traits<char>, std::allocator<char> >) + 0x98 (0x7d295f5785e8 in /home/ycyh/miniconda3/envs/LoRA/lib/python3.11/site-packages/torch/lib/libc10.so)
frame #1: <unknown function> + 0x5ba8b0e (0x7d29511a8b0e in /home/ycyh/miniconda3/envs/LoRA/lib/python3.11/site-packages/torch/lib/libtorch_cpu.so)
frame #2: <unknown function> + 0x5baa368 (0x7d29511aa368 in /home/ycyh/miniconda3/envs/LoRA/lib/python3.11/site-packages/torch/lib/libtorch_cpu.so)
frame #3: <unknown function> + 0x5babb4e (0x7d29511abb4e in /home/ycyh/miniconda3/envs/LoRA/lib/python3.11/site-packages/torch/lib/libtorch_cpu.so)
frame #4: c10d::TCPStore::check(std::vector<std::__cxx11::basic_string<char, std::char_traits<char>, std::allocator<char> >, std::allocator<std::__cxx11::basic_string<char, std::char_traits<char>, std::allocator<char> > > > const&) + 0x298 (0x7d29511a51a8 in /home/ycyh/miniconda3/envs/LoRA/lib/python3.11/site-packages/torch/lib/libtorch_cpu.so)
frame #5: c10d::ProcessGroupNCCL::heartbeatMonitor() + 0x379 (0x7d290d526729 in /home/ycyh/miniconda3/envs/LoRA/lib/python3.11/site-packages/torch/lib/libtorch_cuda.so)
frame #6: <unknown function> + 0xd828c (0x7d2a04eeb28c in /home/ycyh/miniconda3/envs/LoRA/bin/../lib/libstdc++.so.6)
frame #7: <unknown function> + 0x9caa4 (0x7d2a07a9caa4 in /lib/x86_64-linux-gnu/libc.so.6)
frame #8: <unknown function> + 0x129c6c (0x7d2a07b29c6c in /lib/x86_64-linux-gnu/libc.so.6)

[rank0]:[W508 17:55:11.405499562 ProcessGroupNCCL.cpp:1662] [PG ID 0 PG GUID 0(default_pg) Rank 0] Failed to check the "should dump" flag on TCPStore, (maybe TCPStore server has shut down too early), with error: Broken pipe
[rank0]:[W508 17:55:12.405699372 TCPStore.cpp:106] [c10d] sendBytes failed on SocketImpl(fd=3, addr=[localhost]:60642, remote=[localhost]:29504): Broken pipe
Exception raised from sendBytes at /pytorch/torch/csrc/distributed/c10d/Utils.hpp:653 (most recent call first):
frame #0: c10::Error::Error(c10::SourceLocation, std::__cxx11::basic_string<char, std::char_traits<char>, std::allocator<char> >) + 0x98 (0x7d295f5785e8 in /home/ycyh/miniconda3/envs/LoRA/lib/python3.11/site-packages/torch/lib/libc10.so)
frame #1: <unknown function> + 0x5ba8b0e (0x7d29511a8b0e in /home/ycyh/miniconda3/envs/LoRA/lib/python3.11/site-packages/torch/lib/libtorch_cpu.so)
frame #2: <unknown function> + 0x5baa368 (0x7d29511aa368 in /home/ycyh/miniconda3/envs/LoRA/lib/python3.11/site-packages/torch/lib/libtorch_cpu.so)
frame #3: <unknown function> + 0x5babb4e (0x7d29511abb4e in /home/ycyh/miniconda3/envs/LoRA/lib/python3.11/site-packages/torch/lib/libtorch_cpu.so)
frame #4: c10d::TCPStore::check(std::vector<std::__cxx11::basic_string<char, std::char_traits<char>, std::allocator<char> >, std::allocator<std::__cxx11::basic_string<char, std::char_traits<char>, std::allocator<char> > > > const&) + 0x298 (0x7d29511a51a8 in /home/ycyh/miniconda3/envs/LoRA/lib/python3.11/site-packages/torch/lib/libtorch_cpu.so)
frame #5: c10d::ProcessGroupNCCL::heartbeatMonitor() + 0x379 (0x7d290d526729 in /home/ycyh/miniconda3/envs/LoRA/lib/python3.11/site-packages/torch/lib/libtorch_cuda.so)
frame #6: <unknown function> + 0xd828c (0x7d2a04eeb28c in /home/ycyh/miniconda3/envs/LoRA/bin/../lib/libstdc++.so.6)
frame #7: <unknown function> + 0x9caa4 (0x7d2a07a9caa4 in /lib/x86_64-linux-gnu/libc.so.6)
frame #8: <unknown function> + 0x129c6c (0x7d2a07b29c6c in /lib/x86_64-linux-gnu/libc.so.6)

[rank0]:[W508 17:55:12.411036417 ProcessGroupNCCL.cpp:1662] [PG ID 0 PG GUID 0(default_pg) Rank 0] Failed to check the "should dump" flag on TCPStore, (maybe TCPStore server has shut down too early), with error: Broken pipe
[rank0]:[W508 17:55:13.411236828 TCPStore.cpp:106] [c10d] sendBytes failed on SocketImpl(fd=3, addr=[localhost]:60642, remote=[localhost]:29504): Broken pipe
Exception raised from sendBytes at /pytorch/torch/csrc/distributed/c10d/Utils.hpp:653 (most recent call first):
frame #0: c10::Error::Error(c10::SourceLocation, std::__cxx11::basic_string<char, std::char_traits<char>, std::allocator<char> >) + 0x98 (0x7d295f5785e8 in /home/ycyh/miniconda3/envs/LoRA/lib/python3.11/site-packages/torch/lib/libc10.so)
frame #1: <unknown function> + 0x5ba8b0e (0x7d29511a8b0e in /home/ycyh/miniconda3/envs/LoRA/lib/python3.11/site-packages/torch/lib/libtorch_cpu.so)
frame #2: <unknown function> + 0x5baa368 (0x7d29511aa368 in /home/ycyh/miniconda3/envs/LoRA/lib/python3.11/site-packages/torch/lib/libtorch_cpu.so)
frame #3: <unknown function> + 0x5babb4e (0x7d29511abb4e in /home/ycyh/miniconda3/envs/LoRA/lib/python3.11/site-packages/torch/lib/libtorch_cpu.so)
frame #4: c10d::TCPStore::check(std::vector<std::__cxx11::basic_string<char, std::char_traits<char>, std::allocator<char> >, std::allocator<std::__cxx11::basic_string<char, std::char_traits<char>, std::allocator<char> > > > const&) + 0x298 (0x7d29511a51a8 in /home/ycyh/miniconda3/envs/LoRA/lib/python3.11/site-packages/torch/lib/libtorch_cpu.so)
frame #5: c10d::ProcessGroupNCCL::heartbeatMonitor() + 0x379 (0x7d290d526729 in /home/ycyh/miniconda3/envs/LoRA/lib/python3.11/site-packages/torch/lib/libtorch_cuda.so)
frame #6: <unknown function> + 0xd828c (0x7d2a04eeb28c in /home/ycyh/miniconda3/envs/LoRA/bin/../lib/libstdc++.so.6)
frame #7: <unknown function> + 0x9caa4 (0x7d2a07a9caa4 in /lib/x86_64-linux-gnu/libc.so.6)
frame #8: <unknown function> + 0x129c6c (0x7d2a07b29c6c in /lib/x86_64-linux-gnu/libc.so.6)

[rank0]:[W508 17:55:13.416491211 ProcessGroupNCCL.cpp:1662] [PG ID 0 PG GUID 0(default_pg) Rank 0] Failed to check the "should dump" flag on TCPStore, (maybe TCPStore server has shut down too early), with error: Broken pipe
[rank0]:[W508 17:55:14.416715093 TCPStore.cpp:106] [c10d] sendBytes failed on SocketImpl(fd=3, addr=[localhost]:60642, remote=[localhost]:29504): Broken pipe
Exception raised from sendBytes at /pytorch/torch/csrc/distributed/c10d/Utils.hpp:653 (most recent call first):
frame #0: c10::Error::Error(c10::SourceLocation, std::__cxx11::basic_string<char, std::char_traits<char>, std::allocator<char> >) + 0x98 (0x7d295f5785e8 in /home/ycyh/miniconda3/envs/LoRA/lib/python3.11/site-packages/torch/lib/libc10.so)
frame #1: <unknown function> + 0x5ba8b0e (0x7d29511a8b0e in /home/ycyh/miniconda3/envs/LoRA/lib/python3.11/site-packages/torch/lib/libtorch_cpu.so)
frame #2: <unknown function> + 0x5baa368 (0x7d29511aa368 in /home/ycyh/miniconda3/envs/LoRA/lib/python3.11/site-packages/torch/lib/libtorch_cpu.so)
frame #3: <unknown function> + 0x5babb4e (0x7d29511abb4e in /home/ycyh/miniconda3/envs/LoRA/lib/python3.11/site-packages/torch/lib/libtorch_cpu.so)
frame #4: c10d::TCPStore::check(std::vector<std::__cxx11::basic_string<char, std::char_traits<char>, std::allocator<char> >, std::allocator<std::__cxx11::basic_string<char, std::char_traits<char>, std::allocator<char> > > > const&) + 0x298 (0x7d29511a51a8 in /home/ycyh/miniconda3/envs/LoRA/lib/python3.11/site-packages/torch/lib/libtorch_cpu.so)
frame #5: c10d::ProcessGroupNCCL::heartbeatMonitor() + 0x379 (0x7d290d526729 in /home/ycyh/miniconda3/envs/LoRA/lib/python3.11/site-packages/torch/lib/libtorch_cuda.so)
frame #6: <unknown function> + 0xd828c (0x7d2a04eeb28c in /home/ycyh/miniconda3/envs/LoRA/bin/../lib/libstdc++.so.6)
frame #7: <unknown function> + 0x9caa4 (0x7d2a07a9caa4 in /lib/x86_64-linux-gnu/libc.so.6)
frame #8: <unknown function> + 0x129c6c (0x7d2a07b29c6c in /lib/x86_64-linux-gnu/libc.so.6)

[rank0]:[W508 17:55:14.422040581 ProcessGroupNCCL.cpp:1662] [PG ID 0 PG GUID 0(default_pg) Rank 0] Failed to check the "should dump" flag on TCPStore, (maybe TCPStore server has shut down too early), with error: Broken pipe
[rank0]:[W508 17:55:15.422240309 TCPStore.cpp:106] [c10d] sendBytes failed on SocketImpl(fd=3, addr=[localhost]:60642, remote=[localhost]:29504): Broken pipe
Exception raised from sendBytes at /pytorch/torch/csrc/distributed/c10d/Utils.hpp:653 (most recent call first):
frame #0: c10::Error::Error(c10::SourceLocation, std::__cxx11::basic_string<char, std::char_traits<char>, std::allocator<char> >) + 0x98 (0x7d295f5785e8 in /home/ycyh/miniconda3/envs/LoRA/lib/python3.11/site-packages/torch/lib/libc10.so)
frame #1: <unknown function> + 0x5ba8b0e (0x7d29511a8b0e in /home/ycyh/miniconda3/envs/LoRA/lib/python3.11/site-packages/torch/lib/libtorch_cpu.so)
frame #2: <unknown function> + 0x5baa368 (0x7d29511aa368 in /home/ycyh/miniconda3/envs/LoRA/lib/python3.11/site-packages/torch/lib/libtorch_cpu.so)
frame #3: <unknown function> + 0x5babb4e (0x7d29511abb4e in /home/ycyh/miniconda3/envs/LoRA/lib/python3.11/site-packages/torch/lib/libtorch_cpu.so)
frame #4: c10d::TCPStore::check(std::vector<std::__cxx11::basic_string<char, std::char_traits<char>, std::allocator<char> >, std::allocator<std::__cxx11::basic_string<char, std::char_traits<char>, std::allocator<char> > > > const&) + 0x298 (0x7d29511a51a8 in /home/ycyh/miniconda3/envs/LoRA/lib/python3.11/site-packages/torch/lib/libtorch_cpu.so)
frame #5: c10d::ProcessGroupNCCL::heartbeatMonitor() + 0x379 (0x7d290d526729 in /home/ycyh/miniconda3/envs/LoRA/lib/python3.11/site-packages/torch/lib/libtorch_cuda.so)
frame #6: <unknown function> + 0xd828c (0x7d2a04eeb28c in /home/ycyh/miniconda3/envs/LoRA/bin/../lib/libstdc++.so.6)
frame #7: <unknown function> + 0x9caa4 (0x7d2a07a9caa4 in /lib/x86_64-linux-gnu/libc.so.6)
frame #8: <unknown function> + 0x129c6c (0x7d2a07b29c6c in /lib/x86_64-linux-gnu/libc.so.6)

[rank0]:[W508 17:55:15.427468999 ProcessGroupNCCL.cpp:1662] [PG ID 0 PG GUID 0(default_pg) Rank 0] Failed to check the "should dump" flag on TCPStore, (maybe TCPStore server has shut down too early), with error: Broken pipe
[rank0]:[W508 17:55:16.427675826 TCPStore.cpp:106] [c10d] sendBytes failed on SocketImpl(fd=3, addr=[localhost]:60642, remote=[localhost]:29504): Broken pipe
Exception raised from sendBytes at /pytorch/torch/csrc/distributed/c10d/Utils.hpp:653 (most recent call first):
frame #0: c10::Error::Error(c10::SourceLocation, std::__cxx11::basic_string<char, std::char_traits<char>, std::allocator<char> >) + 0x98 (0x7d295f5785e8 in /home/ycyh/miniconda3/envs/LoRA/lib/python3.11/site-packages/torch/lib/libc10.so)
frame #1: <unknown function> + 0x5ba8b0e (0x7d29511a8b0e in /home/ycyh/miniconda3/envs/LoRA/lib/python3.11/site-packages/torch/lib/libtorch_cpu.so)
frame #2: <unknown function> + 0x5baa368 (0x7d29511aa368 in /home/ycyh/miniconda3/envs/LoRA/lib/python3.11/site-packages/torch/lib/libtorch_cpu.so)
frame #3: <unknown function> + 0x5babb4e (0x7d29511abb4e in /home/ycyh/miniconda3/envs/LoRA/lib/python3.11/site-packages/torch/lib/libtorch_cpu.so)
frame #4: c10d::TCPStore::check(std::vector<std::__cxx11::basic_string<char, std::char_traits<char>, std::allocator<char> >, std::allocator<std::__cxx11::basic_string<char, std::char_traits<char>, std::allocator<char> > > > const&) + 0x298 (0x7d29511a51a8 in /home/ycyh/miniconda3/envs/LoRA/lib/python3.11/site-packages/torch/lib/libtorch_cpu.so)
frame #5: c10d::ProcessGroupNCCL::heartbeatMonitor() + 0x379 (0x7d290d526729 in /home/ycyh/miniconda3/envs/LoRA/lib/python3.11/site-packages/torch/lib/libtorch_cuda.so)
frame #6: <unknown function> + 0xd828c (0x7d2a04eeb28c in /home/ycyh/miniconda3/envs/LoRA/bin/../lib/libstdc++.so.6)
frame #7: <unknown function> + 0x9caa4 (0x7d2a07a9caa4 in /lib/x86_64-linux-gnu/libc.so.6)
frame #8: <unknown function> + 0x129c6c (0x7d2a07b29c6c in /lib/x86_64-linux-gnu/libc.so.6)

[rank0]:[W508 17:55:16.432781373 ProcessGroupNCCL.cpp:1662] [PG ID 0 PG GUID 0(default_pg) Rank 0] Failed to check the "should dump" flag on TCPStore, (maybe TCPStore server has shut down too early), with error: Broken pipe
[rank0]:[W508 17:55:18.433078374 TCPStore.cpp:106] [c10d] sendBytes failed on SocketImpl(fd=3, addr=[localhost]:60642, remote=[localhost]:29504): Broken pipe
Exception raised from sendBytes at /pytorch/torch/csrc/distributed/c10d/Utils.hpp:653 (most recent call first):
frame #0: c10::Error::Error(c10::SourceLocation, std::__cxx11::basic_string<char, std::char_traits<char>, std::allocator<char> >) + 0x98 (0x7d295f5785e8 in /home/ycyh/miniconda3/envs/LoRA/lib/python3.11/site-packages/torch/lib/libc10.so)
frame #1: <unknown function> + 0x5ba8b0e (0x7d29511a8b0e in /home/ycyh/miniconda3/envs/LoRA/lib/python3.11/site-packages/torch/lib/libtorch_cpu.so)
frame #2: <unknown function> + 0x5baa368 (0x7d29511aa368 in /home/ycyh/miniconda3/envs/LoRA/lib/python3.11/site-packages/torch/lib/libtorch_cpu.so)
frame #3: <unknown function> + 0x5babb4e (0x7d29511abb4e in /home/ycyh/miniconda3/envs/LoRA/lib/python3.11/site-packages/torch/lib/libtorch_cpu.so)
frame #4: c10d::TCPStore::check(std::vector<std::__cxx11::basic_string<char, std::char_traits<char>, std::allocator<char> >, std::allocator<std::__cxx11::basic_string<char, std::char_traits<char>, std::allocator<char> > > > const&) + 0x298 (0x7d29511a51a8 in /home/ycyh/miniconda3/envs/LoRA/lib/python3.11/site-packages/torch/lib/libtorch_cpu.so)
frame #5: c10d::ProcessGroupNCCL::heartbeatMonitor() + 0x379 (0x7d290d526729 in /home/ycyh/miniconda3/envs/LoRA/lib/python3.11/site-packages/torch/lib/libtorch_cuda.so)
frame #6: <unknown function> + 0xd828c (0x7d2a04eeb28c in /home/ycyh/miniconda3/envs/LoRA/bin/../lib/libstdc++.so.6)
frame #7: <unknown function> + 0x9caa4 (0x7d2a07a9caa4 in /lib/x86_64-linux-gnu/libc.so.6)
frame #8: <unknown function> + 0x129c6c (0x7d2a07b29c6c in /lib/x86_64-linux-gnu/libc.so.6)

[rank0]:[W508 17:55:18.438383684 ProcessGroupNCCL.cpp:1662] [PG ID 0 PG GUID 0(default_pg) Rank 0] Failed to check the "should dump" flag on TCPStore, (maybe TCPStore server has shut down too early), with error: Broken pipe
[rank0]:[W508 17:55:19.438599054 TCPStore.cpp:106] [c10d] sendBytes failed on SocketImpl(fd=3, addr=[localhost]:60642, remote=[localhost]:29504): Broken pipe
Exception raised from sendBytes at /pytorch/torch/csrc/distributed/c10d/Utils.hpp:653 (most recent call first):
frame #0: c10::Error::Error(c10::SourceLocation, std::__cxx11::basic_string<char, std::char_traits<char>, std::allocator<char> >) + 0x98 (0x7d295f5785e8 in /home/ycyh/miniconda3/envs/LoRA/lib/python3.11/site-packages/torch/lib/libc10.so)
frame #1: <unknown function> + 0x5ba8b0e (0x7d29511a8b0e in /home/ycyh/miniconda3/envs/LoRA/lib/python3.11/site-packages/torch/lib/libtorch_cpu.so)
frame #2: <unknown function> + 0x5baa368 (0x7d29511aa368 in /home/ycyh/miniconda3/envs/LoRA/lib/python3.11/site-packages/torch/lib/libtorch_cpu.so)
frame #3: <unknown function> + 0x5babb4e (0x7d29511abb4e in /home/ycyh/miniconda3/envs/LoRA/lib/python3.11/site-packages/torch/lib/libtorch_cpu.so)
frame #4: c10d::TCPStore::check(std::vector<std::__cxx11::basic_string<char, std::char_traits<char>, std::allocator<char> >, std::allocator<std::__cxx11::basic_string<char, std::char_traits<char>, std::allocator<char> > > > const&) + 0x298 (0x7d29511a51a8 in /home/ycyh/miniconda3/envs/LoRA/lib/python3.11/site-packages/torch/lib/libtorch_cpu.so)
frame #5: c10d::ProcessGroupNCCL::heartbeatMonitor() + 0x379 (0x7d290d526729 in /home/ycyh/miniconda3/envs/LoRA/lib/python3.11/site-packages/torch/lib/libtorch_cuda.so)
frame #6: <unknown function> + 0xd828c (0x7d2a04eeb28c in /home/ycyh/miniconda3/envs/LoRA/bin/../lib/libstdc++.so.6)
frame #7: <unknown function> + 0x9caa4 (0x7d2a07a9caa4 in /lib/x86_64-linux-gnu/libc.so.6)
frame #8: <unknown function> + 0x129c6c (0x7d2a07b29c6c in /lib/x86_64-linux-gnu/libc.so.6)

[rank0]:[W508 17:55:19.443912510 ProcessGroupNCCL.cpp:1662] [PG ID 0 PG GUID 0(default_pg) Rank 0] Failed to check the "should dump" flag on TCPStore, (maybe TCPStore server has shut down too early), with error: Broken pipe
[rank0]:[W508 17:55:20.444128025 TCPStore.cpp:106] [c10d] sendBytes failed on SocketImpl(fd=3, addr=[localhost]:60642, remote=[localhost]:29504): Broken pipe
Exception raised from sendBytes at /pytorch/torch/csrc/distributed/c10d/Utils.hpp:653 (most recent call first):
frame #0: c10::Error::Error(c10::SourceLocation, std::__cxx11::basic_string<char, std::char_traits<char>, std::allocator<char> >) + 0x98 (0x7d295f5785e8 in /home/ycyh/miniconda3/envs/LoRA/lib/python3.11/site-packages/torch/lib/libc10.so)
frame #1: <unknown function> + 0x5ba8b0e (0x7d29511a8b0e in /home/ycyh/miniconda3/envs/LoRA/lib/python3.11/site-packages/torch/lib/libtorch_cpu.so)
frame #2: <unknown function> + 0x5baa368 (0x7d29511aa368 in /home/ycyh/miniconda3/envs/LoRA/lib/python3.11/site-packages/torch/lib/libtorch_cpu.so)
frame #3: <unknown function> + 0x5babb4e (0x7d29511abb4e in /home/ycyh/miniconda3/envs/LoRA/lib/python3.11/site-packages/torch/lib/libtorch_cpu.so)
frame #4: c10d::TCPStore::check(std::vector<std::__cxx11::basic_string<char, std::char_traits<char>, std::allocator<char> >, std::allocator<std::__cxx11::basic_string<char, std::char_traits<char>, std::allocator<char> > > > const&) + 0x298 (0x7d29511a51a8 in /home/ycyh/miniconda3/envs/LoRA/lib/python3.11/site-packages/torch/lib/libtorch_cpu.so)
frame #5: c10d::ProcessGroupNCCL::heartbeatMonitor() + 0x379 (0x7d290d526729 in /home/ycyh/miniconda3/envs/LoRA/lib/python3.11/site-packages/torch/lib/libtorch_cuda.so)
frame #6: <unknown function> + 0xd828c (0x7d2a04eeb28c in /home/ycyh/miniconda3/envs/LoRA/bin/../lib/libstdc++.so.6)
frame #7: <unknown function> + 0x9caa4 (0x7d2a07a9caa4 in /lib/x86_64-linux-gnu/libc.so.6)
frame #8: <unknown function> + 0x129c6c (0x7d2a07b29c6c in /lib/x86_64-linux-gnu/libc.so.6)

[rank0]:[W508 17:55:20.449367463 ProcessGroupNCCL.cpp:1662] [PG ID 0 PG GUID 0(default_pg) Rank 0] Failed to check the "should dump" flag on TCPStore, (maybe TCPStore server has shut down too early), with error: Broken pipe
[rank0]:[W508 17:55:21.449581283 TCPStore.cpp:106] [c10d] sendBytes failed on SocketImpl(fd=3, addr=[localhost]:60642, remote=[localhost]:29504): Broken pipe
Exception raised from sendBytes at /pytorch/torch/csrc/distributed/c10d/Utils.hpp:653 (most recent call first):
frame #0: c10::Error::Error(c10::SourceLocation, std::__cxx11::basic_string<char, std::char_traits<char>, std::allocator<char> >) + 0x98 (0x7d295f5785e8 in /home/ycyh/miniconda3/envs/LoRA/lib/python3.11/site-packages/torch/lib/libc10.so)
frame #1: <unknown function> + 0x5ba8b0e (0x7d29511a8b0e in /home/ycyh/miniconda3/envs/LoRA/lib/python3.11/site-packages/torch/lib/libtorch_cpu.so)
frame #2: <unknown function> + 0x5baa368 (0x7d29511aa368 in /home/ycyh/miniconda3/envs/LoRA/lib/python3.11/site-packages/torch/lib/libtorch_cpu.so)
frame #3: <unknown function> + 0x5babb4e (0x7d29511abb4e in /home/ycyh/miniconda3/envs/LoRA/lib/python3.11/site-packages/torch/lib/libtorch_cpu.so)
frame #4: c10d::TCPStore::check(std::vector<std::__cxx11::basic_string<char, std::char_traits<char>, std::allocator<char> >, std::allocator<std::__cxx11::basic_string<char, std::char_traits<char>, std::allocator<char> > > > const&) + 0x298 (0x7d29511a51a8 in /home/ycyh/miniconda3/envs/LoRA/lib/python3.11/site-packages/torch/lib/libtorch_cpu.so)
frame #5: c10d::ProcessGroupNCCL::heartbeatMonitor() + 0x379 (0x7d290d526729 in /home/ycyh/miniconda3/envs/LoRA/lib/python3.11/site-packages/torch/lib/libtorch_cuda.so)
frame #6: <unknown function> + 0xd828c (0x7d2a04eeb28c in /home/ycyh/miniconda3/envs/LoRA/bin/../lib/libstdc++.so.6)
frame #7: <unknown function> + 0x9caa4 (0x7d2a07a9caa4 in /lib/x86_64-linux-gnu/libc.so.6)
frame #8: <unknown function> + 0x129c6c (0x7d2a07b29c6c in /lib/x86_64-linux-gnu/libc.so.6)

[rank0]:[W508 17:55:21.455771889 ProcessGroupNCCL.cpp:1662] [PG ID 0 PG GUID 0(default_pg) Rank 0] Failed to check the "should dump" flag on TCPStore, (maybe TCPStore server has shut down too early), with error: Broken pipe
[rank0]:[W508 17:55:22.455971001 TCPStore.cpp:106] [c10d] sendBytes failed on SocketImpl(fd=3, addr=[localhost]:60642, remote=[localhost]:29504): Broken pipe
Exception raised from sendBytes at /pytorch/torch/csrc/distributed/c10d/Utils.hpp:653 (most recent call first):
frame #0: c10::Error::Error(c10::SourceLocation, std::__cxx11::basic_string<char, std::char_traits<char>, std::allocator<char> >) + 0x98 (0x7d295f5785e8 in /home/ycyh/miniconda3/envs/LoRA/lib/python3.11/site-packages/torch/lib/libc10.so)
frame #1: <unknown function> + 0x5ba8b0e (0x7d29511a8b0e in /home/ycyh/miniconda3/envs/LoRA/lib/python3.11/site-packages/torch/lib/libtorch_cpu.so)
frame #2: <unknown function> + 0x5baa368 (0x7d29511aa368 in /home/ycyh/miniconda3/envs/LoRA/lib/python3.11/site-packages/torch/lib/libtorch_cpu.so)
frame #3: <unknown function> + 0x5babb4e (0x7d29511abb4e in /home/ycyh/miniconda3/envs/LoRA/lib/python3.11/site-packages/torch/lib/libtorch_cpu.so)
frame #4: c10d::TCPStore::check(std::vector<std::__cxx11::basic_string<char, std::char_traits<char>, std::allocator<char> >, std::allocator<std::__cxx11::basic_string<char, std::char_traits<char>, std::allocator<char> > > > const&) + 0x298 (0x7d29511a51a8 in /home/ycyh/miniconda3/envs/LoRA/lib/python3.11/site-packages/torch/lib/libtorch_cpu.so)
frame #5: c10d::ProcessGroupNCCL::heartbeatMonitor() + 0x379 (0x7d290d526729 in /home/ycyh/miniconda3/envs/LoRA/lib/python3.11/site-packages/torch/lib/libtorch_cuda.so)
frame #6: <unknown function> + 0xd828c (0x7d2a04eeb28c in /home/ycyh/miniconda3/envs/LoRA/bin/../lib/libstdc++.so.6)
frame #7: <unknown function> + 0x9caa4 (0x7d2a07a9caa4 in /lib/x86_64-linux-gnu/libc.so.6)
frame #8: <unknown function> + 0x129c6c (0x7d2a07b29c6c in /lib/x86_64-linux-gnu/libc.so.6)

[rank0]:[W508 17:55:22.461192532 ProcessGroupNCCL.cpp:1662] [PG ID 0 PG GUID 0(default_pg) Rank 0] Failed to check the "should dump" flag on TCPStore, (maybe TCPStore server has shut down too early), with error: Broken pipe
[rank0]:[W508 17:55:23.461403531 TCPStore.cpp:106] [c10d] sendBytes failed on SocketImpl(fd=3, addr=[localhost]:60642, remote=[localhost]:29504): Broken pipe
Exception raised from sendBytes at /pytorch/torch/csrc/distributed/c10d/Utils.hpp:653 (most recent call first):
frame #0: c10::Error::Error(c10::SourceLocation, std::__cxx11::basic_string<char, std::char_traits<char>, std::allocator<char> >) + 0x98 (0x7d295f5785e8 in /home/ycyh/miniconda3/envs/LoRA/lib/python3.11/site-packages/torch/lib/libc10.so)
frame #1: <unknown function> + 0x5ba8b0e (0x7d29511a8b0e in /home/ycyh/miniconda3/envs/LoRA/lib/python3.11/site-packages/torch/lib/libtorch_cpu.so)
frame #2: <unknown function> + 0x5baa368 (0x7d29511aa368 in /home/ycyh/miniconda3/envs/LoRA/lib/python3.11/site-packages/torch/lib/libtorch_cpu.so)
frame #3: <unknown function> + 0x5babb4e (0x7d29511abb4e in /home/ycyh/miniconda3/envs/LoRA/lib/python3.11/site-packages/torch/lib/libtorch_cpu.so)
frame #4: c10d::TCPStore::check(std::vector<std::__cxx11::basic_string<char, std::char_traits<char>, std::allocator<char> >, std::allocator<std::__cxx11::basic_string<char, std::char_traits<char>, std::allocator<char> > > > const&) + 0x298 (0x7d29511a51a8 in /home/ycyh/miniconda3/envs/LoRA/lib/python3.11/site-packages/torch/lib/libtorch_cpu.so)
frame #5: c10d::ProcessGroupNCCL::heartbeatMonitor() + 0x379 (0x7d290d526729 in /home/ycyh/miniconda3/envs/LoRA/lib/python3.11/site-packages/torch/lib/libtorch_cuda.so)
frame #6: <unknown function> + 0xd828c (0x7d2a04eeb28c in /home/ycyh/miniconda3/envs/LoRA/bin/../lib/libstdc++.so.6)
frame #7: <unknown function> + 0x9caa4 (0x7d2a07a9caa4 in /lib/x86_64-linux-gnu/libc.so.6)
frame #8: <unknown function> + 0x129c6c (0x7d2a07b29c6c in /lib/x86_64-linux-gnu/libc.so.6)

[rank0]:[W508 17:55:23.466572869 ProcessGroupNCCL.cpp:1662] [PG ID 0 PG GUID 0(default_pg) Rank 0] Failed to check the "should dump" flag on TCPStore, (maybe TCPStore server has shut down too early), with error: Broken pipe
[rank0]:[W508 17:55:24.466770767 TCPStore.cpp:106] [c10d] sendBytes failed on SocketImpl(fd=3, addr=[localhost]:60642, remote=[localhost]:29504): Broken pipe
Exception raised from sendBytes at /pytorch/torch/csrc/distributed/c10d/Utils.hpp:653 (most recent call first):
frame #0: c10::Error::Error(c10::SourceLocation, std::__cxx11::basic_string<char, std::char_traits<char>, std::allocator<char> >) + 0x98 (0x7d295f5785e8 in /home/ycyh/miniconda3/envs/LoRA/lib/python3.11/site-packages/torch/lib/libc10.so)
frame #1: <unknown function> + 0x5ba8b0e (0x7d29511a8b0e in /home/ycyh/miniconda3/envs/LoRA/lib/python3.11/site-packages/torch/lib/libtorch_cpu.so)
frame #2: <unknown function> + 0x5baa368 (0x7d29511aa368 in /home/ycyh/miniconda3/envs/LoRA/lib/python3.11/site-packages/torch/lib/libtorch_cpu.so)
frame #3: <unknown function> + 0x5babb4e (0x7d29511abb4e in /home/ycyh/miniconda3/envs/LoRA/lib/python3.11/site-packages/torch/lib/libtorch_cpu.so)
frame #4: c10d::TCPStore::check(std::vector<std::__cxx11::basic_string<char, std::char_traits<char>, std::allocator<char> >, std::allocator<std::__cxx11::basic_string<char, std::char_traits<char>, std::allocator<char> > > > const&) + 0x298 (0x7d29511a51a8 in /home/ycyh/miniconda3/envs/LoRA/lib/python3.11/site-packages/torch/lib/libtorch_cpu.so)
frame #5: c10d::ProcessGroupNCCL::heartbeatMonitor() + 0x379 (0x7d290d526729 in /home/ycyh/miniconda3/envs/LoRA/lib/python3.11/site-packages/torch/lib/libtorch_cuda.so)
frame #6: <unknown function> + 0xd828c (0x7d2a04eeb28c in /home/ycyh/miniconda3/envs/LoRA/bin/../lib/libstdc++.so.6)
frame #7: <unknown function> + 0x9caa4 (0x7d2a07a9caa4 in /lib/x86_64-linux-gnu/libc.so.6)
frame #8: <unknown function> + 0x129c6c (0x7d2a07b29c6c in /lib/x86_64-linux-gnu/libc.so.6)

[rank0]:[W508 17:55:24.471985949 ProcessGroupNCCL.cpp:1662] [PG ID 0 PG GUID 0(default_pg) Rank 0] Failed to check the "should dump" flag on TCPStore, (maybe TCPStore server has shut down too early), with error: Broken pipe
[rank0]:[W508 17:55:26.472301933 TCPStore.cpp:106] [c10d] sendBytes failed on SocketImpl(fd=3, addr=[localhost]:60642, remote=[localhost]:29504): Broken pipe
Exception raised from sendBytes at /pytorch/torch/csrc/distributed/c10d/Utils.hpp:653 (most recent call first):
frame #0: c10::Error::Error(c10::SourceLocation, std::__cxx11::basic_string<char, std::char_traits<char>, std::allocator<char> >) + 0x98 (0x7d295f5785e8 in /home/ycyh/miniconda3/envs/LoRA/lib/python3.11/site-packages/torch/lib/libc10.so)
frame #1: <unknown function> + 0x5ba8b0e (0x7d29511a8b0e in /home/ycyh/miniconda3/envs/LoRA/lib/python3.11/site-packages/torch/lib/libtorch_cpu.so)
frame #2: <unknown function> + 0x5baa368 (0x7d29511aa368 in /home/ycyh/miniconda3/envs/LoRA/lib/python3.11/site-packages/torch/lib/libtorch_cpu.so)
frame #3: <unknown function> + 0x5babb4e (0x7d29511abb4e in /home/ycyh/miniconda3/envs/LoRA/lib/python3.11/site-packages/torch/lib/libtorch_cpu.so)
frame #4: c10d::TCPStore::check(std::vector<std::__cxx11::basic_string<char, std::char_traits<char>, std::allocator<char> >, std::allocator<std::__cxx11::basic_string<char, std::char_traits<char>, std::allocator<char> > > > const&) + 0x298 (0x7d29511a51a8 in /home/ycyh/miniconda3/envs/LoRA/lib/python3.11/site-packages/torch/lib/libtorch_cpu.so)
frame #5: c10d::ProcessGroupNCCL::heartbeatMonitor() + 0x379 (0x7d290d526729 in /home/ycyh/miniconda3/envs/LoRA/lib/python3.11/site-packages/torch/lib/libtorch_cuda.so)
frame #6: <unknown function> + 0xd828c (0x7d2a04eeb28c in /home/ycyh/miniconda3/envs/LoRA/bin/../lib/libstdc++.so.6)
frame #7: <unknown function> + 0x9caa4 (0x7d2a07a9caa4 in /lib/x86_64-linux-gnu/libc.so.6)
frame #8: <unknown function> + 0x129c6c (0x7d2a07b29c6c in /lib/x86_64-linux-gnu/libc.so.6)

[rank0]:[W508 17:55:26.477561890 ProcessGroupNCCL.cpp:1662] [PG ID 0 PG GUID 0(default_pg) Rank 0] Failed to check the "should dump" flag on TCPStore, (maybe TCPStore server has shut down too early), with error: Broken pipe
[rank0]:[W508 17:55:28.477835084 TCPStore.cpp:106] [c10d] sendBytes failed on SocketImpl(fd=3, addr=[localhost]:60642, remote=[localhost]:29504): Broken pipe
Exception raised from sendBytes at /pytorch/torch/csrc/distributed/c10d/Utils.hpp:653 (most recent call first):
frame #0: c10::Error::Error(c10::SourceLocation, std::__cxx11::basic_string<char, std::char_traits<char>, std::allocator<char> >) + 0x98 (0x7d295f5785e8 in /home/ycyh/miniconda3/envs/LoRA/lib/python3.11/site-packages/torch/lib/libc10.so)
frame #1: <unknown function> + 0x5ba8b0e (0x7d29511a8b0e in /home/ycyh/miniconda3/envs/LoRA/lib/python3.11/site-packages/torch/lib/libtorch_cpu.so)
frame #2: <unknown function> + 0x5baa368 (0x7d29511aa368 in /home/ycyh/miniconda3/envs/LoRA/lib/python3.11/site-packages/torch/lib/libtorch_cpu.so)
frame #3: <unknown function> + 0x5babb4e (0x7d29511abb4e in /home/ycyh/miniconda3/envs/LoRA/lib/python3.11/site-packages/torch/lib/libtorch_cpu.so)
frame #4: c10d::TCPStore::check(std::vector<std::__cxx11::basic_string<char, std::char_traits<char>, std::allocator<char> >, std::allocator<std::__cxx11::basic_string<char, std::char_traits<char>, std::allocator<char> > > > const&) + 0x298 (0x7d29511a51a8 in /home/ycyh/miniconda3/envs/LoRA/lib/python3.11/site-packages/torch/lib/libtorch_cpu.so)
frame #5: c10d::ProcessGroupNCCL::heartbeatMonitor() + 0x379 (0x7d290d526729 in /home/ycyh/miniconda3/envs/LoRA/lib/python3.11/site-packages/torch/lib/libtorch_cuda.so)
frame #6: <unknown function> + 0xd828c (0x7d2a04eeb28c in /home/ycyh/miniconda3/envs/LoRA/bin/../lib/libstdc++.so.6)
frame #7: <unknown function> + 0x9caa4 (0x7d2a07a9caa4 in /lib/x86_64-linux-gnu/libc.so.6)
frame #8: <unknown function> + 0x129c6c (0x7d2a07b29c6c in /lib/x86_64-linux-gnu/libc.so.6)

[rank0]:[W508 17:55:28.483149483 ProcessGroupNCCL.cpp:1662] [PG ID 0 PG GUID 0(default_pg) Rank 0] Failed to check the "should dump" flag on TCPStore, (maybe TCPStore server has shut down too early), with error: Broken pipe
[rank0]:[W508 17:55:29.483339944 TCPStore.cpp:106] [c10d] sendBytes failed on SocketImpl(fd=3, addr=[localhost]:60642, remote=[localhost]:29504): Broken pipe
Exception raised from sendBytes at /pytorch/torch/csrc/distributed/c10d/Utils.hpp:653 (most recent call first):
frame #0: c10::Error::Error(c10::SourceLocation, std::__cxx11::basic_string<char, std::char_traits<char>, std::allocator<char> >) + 0x98 (0x7d295f5785e8 in /home/ycyh/miniconda3/envs/LoRA/lib/python3.11/site-packages/torch/lib/libc10.so)
frame #1: <unknown function> + 0x5ba8b0e (0x7d29511a8b0e in /home/ycyh/miniconda3/envs/LoRA/lib/python3.11/site-packages/torch/lib/libtorch_cpu.so)
frame #2: <unknown function> + 0x5baa368 (0x7d29511aa368 in /home/ycyh/miniconda3/envs/LoRA/lib/python3.11/site-packages/torch/lib/libtorch_cpu.so)
frame #3: <unknown function> + 0x5babb4e (0x7d29511abb4e in /home/ycyh/miniconda3/envs/LoRA/lib/python3.11/site-packages/torch/lib/libtorch_cpu.so)
frame #4: c10d::TCPStore::check(std::vector<std::__cxx11::basic_string<char, std::char_traits<char>, std::allocator<char> >, std::allocator<std::__cxx11::basic_string<char, std::char_traits<char>, std::allocator<char> > > > const&) + 0x298 (0x7d29511a51a8 in /home/ycyh/miniconda3/envs/LoRA/lib/python3.11/site-packages/torch/lib/libtorch_cpu.so)
frame #5: c10d::ProcessGroupNCCL::heartbeatMonitor() + 0x379 (0x7d290d526729 in /home/ycyh/miniconda3/envs/LoRA/lib/python3.11/site-packages/torch/lib/libtorch_cuda.so)
frame #6: <unknown function> + 0xd828c (0x7d2a04eeb28c in /home/ycyh/miniconda3/envs/LoRA/bin/../lib/libstdc++.so.6)
frame #7: <unknown function> + 0x9caa4 (0x7d2a07a9caa4 in /lib/x86_64-linux-gnu/libc.so.6)
frame #8: <unknown function> + 0x129c6c (0x7d2a07b29c6c in /lib/x86_64-linux-gnu/libc.so.6)

[rank0]:[W508 17:55:29.488573800 ProcessGroupNCCL.cpp:1662] [PG ID 0 PG GUID 0(default_pg) Rank 0] Failed to check the "should dump" flag on TCPStore, (maybe TCPStore server has shut down too early), with error: Broken pipe
[rank0]:[W508 17:55:31.488872126 TCPStore.cpp:106] [c10d] sendBytes failed on SocketImpl(fd=3, addr=[localhost]:60642, remote=[localhost]:29504): Broken pipe
Exception raised from sendBytes at /pytorch/torch/csrc/distributed/c10d/Utils.hpp:653 (most recent call first):
frame #0: c10::Error::Error(c10::SourceLocation, std::__cxx11::basic_string<char, std::char_traits<char>, std::allocator<char> >) + 0x98 (0x7d295f5785e8 in /home/ycyh/miniconda3/envs/LoRA/lib/python3.11/site-packages/torch/lib/libc10.so)
frame #1: <unknown function> + 0x5ba8b0e (0x7d29511a8b0e in /home/ycyh/miniconda3/envs/LoRA/lib/python3.11/site-packages/torch/lib/libtorch_cpu.so)
frame #2: <unknown function> + 0x5baa368 (0x7d29511aa368 in /home/ycyh/miniconda3/envs/LoRA/lib/python3.11/site-packages/torch/lib/libtorch_cpu.so)
frame #3: <unknown function> + 0x5babb4e (0x7d29511abb4e in /home/ycyh/miniconda3/envs/LoRA/lib/python3.11/site-packages/torch/lib/libtorch_cpu.so)
frame #4: c10d::TCPStore::check(std::vector<std::__cxx11::basic_string<char, std::char_traits<char>, std::allocator<char> >, std::allocator<std::__cxx11::basic_string<char, std::char_traits<char>, std::allocator<char> > > > const&) + 0x298 (0x7d29511a51a8 in /home/ycyh/miniconda3/envs/LoRA/lib/python3.11/site-packages/torch/lib/libtorch_cpu.so)
frame #5: c10d::ProcessGroupNCCL::heartbeatMonitor() + 0x379 (0x7d290d526729 in /home/ycyh/miniconda3/envs/LoRA/lib/python3.11/site-packages/torch/lib/libtorch_cuda.so)
frame #6: <unknown function> + 0xd828c (0x7d2a04eeb28c in /home/ycyh/miniconda3/envs/LoRA/bin/../lib/libstdc++.so.6)
frame #7: <unknown function> + 0x9caa4 (0x7d2a07a9caa4 in /lib/x86_64-linux-gnu/libc.so.6)
frame #8: <unknown function> + 0x129c6c (0x7d2a07b29c6c in /lib/x86_64-linux-gnu/libc.so.6)

[rank0]:[W508 17:55:32.494036970 ProcessGroupNCCL.cpp:1662] [PG ID 0 PG GUID 0(default_pg) Rank 0] Failed to check the "should dump" flag on TCPStore, (maybe TCPStore server has shut down too early), with error: Broken pipe
[rank0]:[W508 17:55:33.494245622 TCPStore.cpp:106] [c10d] sendBytes failed on SocketImpl(fd=3, addr=[localhost]:60642, remote=[localhost]:29504): Broken pipe
Exception raised from sendBytes at /pytorch/torch/csrc/distributed/c10d/Utils.hpp:653 (most recent call first):
frame #0: c10::Error::Error(c10::SourceLocation, std::__cxx11::basic_string<char, std::char_traits<char>, std::allocator<char> >) + 0x98 (0x7d295f5785e8 in /home/ycyh/miniconda3/envs/LoRA/lib/python3.11/site-packages/torch/lib/libc10.so)
frame #1: <unknown function> + 0x5ba8b0e (0x7d29511a8b0e in /home/ycyh/miniconda3/envs/LoRA/lib/python3.11/site-packages/torch/lib/libtorch_cpu.so)
frame #2: <unknown function> + 0x5baa368 (0x7d29511aa368 in /home/ycyh/miniconda3/envs/LoRA/lib/python3.11/site-packages/torch/lib/libtorch_cpu.so)
frame #3: <unknown function> + 0x5babb4e (0x7d29511abb4e in /home/ycyh/miniconda3/envs/LoRA/lib/python3.11/site-packages/torch/lib/libtorch_cpu.so)
frame #4: c10d::TCPStore::check(std::vector<std::__cxx11::basic_string<char, std::char_traits<char>, std::allocator<char> >, std::allocator<std::__cxx11::basic_string<char, std::char_traits<char>, std::allocator<char> > > > const&) + 0x298 (0x7d29511a51a8 in /home/ycyh/miniconda3/envs/LoRA/lib/python3.11/site-packages/torch/lib/libtorch_cpu.so)
frame #5: c10d::ProcessGroupNCCL::heartbeatMonitor() + 0x379 (0x7d290d526729 in /home/ycyh/miniconda3/envs/LoRA/lib/python3.11/site-packages/torch/lib/libtorch_cuda.so)
frame #6: <unknown function> + 0xd828c (0x7d2a04eeb28c in /home/ycyh/miniconda3/envs/LoRA/bin/../lib/libstdc++.so.6)
frame #7: <unknown function> + 0x9caa4 (0x7d2a07a9caa4 in /lib/x86_64-linux-gnu/libc.so.6)
frame #8: <unknown function> + 0x129c6c (0x7d2a07b29c6c in /lib/x86_64-linux-gnu/libc.so.6)

[rank0]:[W508 17:55:33.499604286 ProcessGroupNCCL.cpp:1662] [PG ID 0 PG GUID 0(default_pg) Rank 0] Failed to check the "should dump" flag on TCPStore, (maybe TCPStore server has shut down too early), with error: Broken pipe
[rank0]:[W508 17:55:34.499801695 TCPStore.cpp:106] [c10d] sendBytes failed on SocketImpl(fd=3, addr=[localhost]:60642, remote=[localhost]:29504): Broken pipe
Exception raised from sendBytes at /pytorch/torch/csrc/distributed/c10d/Utils.hpp:653 (most recent call first):
frame #0: c10::Error::Error(c10::SourceLocation, std::__cxx11::basic_string<char, std::char_traits<char>, std::allocator<char> >) + 0x98 (0x7d295f5785e8 in /home/ycyh/miniconda3/envs/LoRA/lib/python3.11/site-packages/torch/lib/libc10.so)
frame #1: <unknown function> + 0x5ba8b0e (0x7d29511a8b0e in /home/ycyh/miniconda3/envs/LoRA/lib/python3.11/site-packages/torch/lib/libtorch_cpu.so)
frame #2: <unknown function> + 0x5baa368 (0x7d29511aa368 in /home/ycyh/miniconda3/envs/LoRA/lib/python3.11/site-packages/torch/lib/libtorch_cpu.so)
frame #3: <unknown function> + 0x5babb4e (0x7d29511abb4e in /home/ycyh/miniconda3/envs/LoRA/lib/python3.11/site-packages/torch/lib/libtorch_cpu.so)
frame #4: c10d::TCPStore::check(std::vector<std::__cxx11::basic_string<char, std::char_traits<char>, std::allocator<char> >, std::allocator<std::__cxx11::basic_string<char, std::char_traits<char>, std::allocator<char> > > > const&) + 0x298 (0x7d29511a51a8 in /home/ycyh/miniconda3/envs/LoRA/lib/python3.11/site-packages/torch/lib/libtorch_cpu.so)
frame #5: c10d::ProcessGroupNCCL::heartbeatMonitor() + 0x379 (0x7d290d526729 in /home/ycyh/miniconda3/envs/LoRA/lib/python3.11/site-packages/torch/lib/libtorch_cuda.so)
frame #6: <unknown function> + 0xd828c (0x7d2a04eeb28c in /home/ycyh/miniconda3/envs/LoRA/bin/../lib/libstdc++.so.6)
frame #7: <unknown function> + 0x9caa4 (0x7d2a07a9caa4 in /lib/x86_64-linux-gnu/libc.so.6)
frame #8: <unknown function> + 0x129c6c (0x7d2a07b29c6c in /lib/x86_64-linux-gnu/libc.so.6)

[rank0]:[W508 17:55:34.505144242 ProcessGroupNCCL.cpp:1662] [PG ID 0 PG GUID 0(default_pg) Rank 0] Failed to check the "should dump" flag on TCPStore, (maybe TCPStore server has shut down too early), with error: Broken pipe
[rank0]:[W508 17:55:35.505346961 TCPStore.cpp:106] [c10d] sendBytes failed on SocketImpl(fd=3, addr=[localhost]:60642, remote=[localhost]:29504): Broken pipe
Exception raised from sendBytes at /pytorch/torch/csrc/distributed/c10d/Utils.hpp:653 (most recent call first):
frame #0: c10::Error::Error(c10::SourceLocation, std::__cxx11::basic_string<char, std::char_traits<char>, std::allocator<char> >) + 0x98 (0x7d295f5785e8 in /home/ycyh/miniconda3/envs/LoRA/lib/python3.11/site-packages/torch/lib/libc10.so)
frame #1: <unknown function> + 0x5ba8b0e (0x7d29511a8b0e in /home/ycyh/miniconda3/envs/LoRA/lib/python3.11/site-packages/torch/lib/libtorch_cpu.so)
frame #2: <unknown function> + 0x5baa368 (0x7d29511aa368 in /home/ycyh/miniconda3/envs/LoRA/lib/python3.11/site-packages/torch/lib/libtorch_cpu.so)
frame #3: <unknown function> + 0x5babb4e (0x7d29511abb4e in /home/ycyh/miniconda3/envs/LoRA/lib/python3.11/site-packages/torch/lib/libtorch_cpu.so)
frame #4: c10d::TCPStore::check(std::vector<std::__cxx11::basic_string<char, std::char_traits<char>, std::allocator<char> >, std::allocator<std::__cxx11::basic_string<char, std::char_traits<char>, std::allocator<char> > > > const&) + 0x298 (0x7d29511a51a8 in /home/ycyh/miniconda3/envs/LoRA/lib/python3.11/site-packages/torch/lib/libtorch_cpu.so)
frame #5: c10d::ProcessGroupNCCL::heartbeatMonitor() + 0x379 (0x7d290d526729 in /home/ycyh/miniconda3/envs/LoRA/lib/python3.11/site-packages/torch/lib/libtorch_cuda.so)
frame #6: <unknown function> + 0xd828c (0x7d2a04eeb28c in /home/ycyh/miniconda3/envs/LoRA/bin/../lib/libstdc++.so.6)
frame #7: <unknown function> + 0x9caa4 (0x7d2a07a9caa4 in /lib/x86_64-linux-gnu/libc.so.6)
frame #8: <unknown function> + 0x129c6c (0x7d2a07b29c6c in /lib/x86_64-linux-gnu/libc.so.6)

[rank0]:[W508 17:55:35.510681833 ProcessGroupNCCL.cpp:1662] [PG ID 0 PG GUID 0(default_pg) Rank 0] Failed to check the "should dump" flag on TCPStore, (maybe TCPStore server has shut down too early), with error: Broken pipe
[rank0]:[W508 17:55:37.510962002 TCPStore.cpp:106] [c10d] sendBytes failed on SocketImpl(fd=3, addr=[localhost]:60642, remote=[localhost]:29504): Broken pipe
Exception raised from sendBytes at /pytorch/torch/csrc/distributed/c10d/Utils.hpp:653 (most recent call first):
frame #0: c10::Error::Error(c10::SourceLocation, std::__cxx11::basic_string<char, std::char_traits<char>, std::allocator<char> >) + 0x98 (0x7d295f5785e8 in /home/ycyh/miniconda3/envs/LoRA/lib/python3.11/site-packages/torch/lib/libc10.so)
frame #1: <unknown function> + 0x5ba8b0e (0x7d29511a8b0e in /home/ycyh/miniconda3/envs/LoRA/lib/python3.11/site-packages/torch/lib/libtorch_cpu.so)
frame #2: <unknown function> + 0x5baa368 (0x7d29511aa368 in /home/ycyh/miniconda3/envs/LoRA/lib/python3.11/site-packages/torch/lib/libtorch_cpu.so)
frame #3: <unknown function> + 0x5babb4e (0x7d29511abb4e in /home/ycyh/miniconda3/envs/LoRA/lib/python3.11/site-packages/torch/lib/libtorch_cpu.so)
frame #4: c10d::TCPStore::check(std::vector<std::__cxx11::basic_string<char, std::char_traits<char>, std::allocator<char> >, std::allocator<std::__cxx11::basic_string<char, std::char_traits<char>, std::allocator<char> > > > const&) + 0x298 (0x7d29511a51a8 in /home/ycyh/miniconda3/envs/LoRA/lib/python3.11/site-packages/torch/lib/libtorch_cpu.so)
frame #5: c10d::ProcessGroupNCCL::heartbeatMonitor() + 0x379 (0x7d290d526729 in /home/ycyh/miniconda3/envs/LoRA/lib/python3.11/site-packages/torch/lib/libtorch_cuda.so)
frame #6: <unknown function> + 0xd828c (0x7d2a04eeb28c in /home/ycyh/miniconda3/envs/LoRA/bin/../lib/libstdc++.so.6)
frame #7: <unknown function> + 0x9caa4 (0x7d2a07a9caa4 in /lib/x86_64-linux-gnu/libc.so.6)
frame #8: <unknown function> + 0x129c6c (0x7d2a07b29c6c in /lib/x86_64-linux-gnu/libc.so.6)

[rank0]:[W508 17:55:37.516141004 ProcessGroupNCCL.cpp:1662] [PG ID 0 PG GUID 0(default_pg) Rank 0] Failed to check the "should dump" flag on TCPStore, (maybe TCPStore server has shut down too early), with error: Broken pipe
[rank0]:[W508 17:55:38.516341430 TCPStore.cpp:106] [c10d] sendBytes failed on SocketImpl(fd=3, addr=[localhost]:60642, remote=[localhost]:29504): Broken pipe
Exception raised from sendBytes at /pytorch/torch/csrc/distributed/c10d/Utils.hpp:653 (most recent call first):
frame #0: c10::Error::Error(c10::SourceLocation, std::__cxx11::basic_string<char, std::char_traits<char>, std::allocator<char> >) + 0x98 (0x7d295f5785e8 in /home/ycyh/miniconda3/envs/LoRA/lib/python3.11/site-packages/torch/lib/libc10.so)
frame #1: <unknown function> + 0x5ba8b0e (0x7d29511a8b0e in /home/ycyh/miniconda3/envs/LoRA/lib/python3.11/site-packages/torch/lib/libtorch_cpu.so)
frame #2: <unknown function> + 0x5baa368 (0x7d29511aa368 in /home/ycyh/miniconda3/envs/LoRA/lib/python3.11/site-packages/torch/lib/libtorch_cpu.so)
frame #3: <unknown function> + 0x5babb4e (0x7d29511abb4e in /home/ycyh/miniconda3/envs/LoRA/lib/python3.11/site-packages/torch/lib/libtorch_cpu.so)
frame #4: c10d::TCPStore::check(std::vector<std::__cxx11::basic_string<char, std::char_traits<char>, std::allocator<char> >, std::allocator<std::__cxx11::basic_string<char, std::char_traits<char>, std::allocator<char> > > > const&) + 0x298 (0x7d29511a51a8 in /home/ycyh/miniconda3/envs/LoRA/lib/python3.11/site-packages/torch/lib/libtorch_cpu.so)
frame #5: c10d::ProcessGroupNCCL::heartbeatMonitor() + 0x379 (0x7d290d526729 in /home/ycyh/miniconda3/envs/LoRA/lib/python3.11/site-packages/torch/lib/libtorch_cuda.so)
frame #6: <unknown function> + 0xd828c (0x7d2a04eeb28c in /home/ycyh/miniconda3/envs/LoRA/bin/../lib/libstdc++.so.6)
frame #7: <unknown function> + 0x9caa4 (0x7d2a07a9caa4 in /lib/x86_64-linux-gnu/libc.so.6)
frame #8: <unknown function> + 0x129c6c (0x7d2a07b29c6c in /lib/x86_64-linux-gnu/libc.so.6)

[rank0]:[W508 17:55:38.521685039 ProcessGroupNCCL.cpp:1662] [PG ID 0 PG GUID 0(default_pg) Rank 0] Failed to check the "should dump" flag on TCPStore, (maybe TCPStore server has shut down too early), with error: Broken pipe
[rank0]:[W508 17:55:40.521975502 TCPStore.cpp:106] [c10d] sendBytes failed on SocketImpl(fd=3, addr=[localhost]:60642, remote=[localhost]:29504): Broken pipe
Exception raised from sendBytes at /pytorch/torch/csrc/distributed/c10d/Utils.hpp:653 (most recent call first):
frame #0: c10::Error::Error(c10::SourceLocation, std::__cxx11::basic_string<char, std::char_traits<char>, std::allocator<char> >) + 0x98 (0x7d295f5785e8 in /home/ycyh/miniconda3/envs/LoRA/lib/python3.11/site-packages/torch/lib/libc10.so)
frame #1: <unknown function> + 0x5ba8b0e (0x7d29511a8b0e in /home/ycyh/miniconda3/envs/LoRA/lib/python3.11/site-packages/torch/lib/libtorch_cpu.so)
frame #2: <unknown function> + 0x5baa368 (0x7d29511aa368 in /home/ycyh/miniconda3/envs/LoRA/lib/python3.11/site-packages/torch/lib/libtorch_cpu.so)
frame #3: <unknown function> + 0x5babb4e (0x7d29511abb4e in /home/ycyh/miniconda3/envs/LoRA/lib/python3.11/site-packages/torch/lib/libtorch_cpu.so)
frame #4: c10d::TCPStore::check(std::vector<std::__cxx11::basic_string<char, std::char_traits<char>, std::allocator<char> >, std::allocator<std::__cxx11::basic_string<char, std::char_traits<char>, std::allocator<char> > > > const&) + 0x298 (0x7d29511a51a8 in /home/ycyh/miniconda3/envs/LoRA/lib/python3.11/site-packages/torch/lib/libtorch_cpu.so)
frame #5: c10d::ProcessGroupNCCL::heartbeatMonitor() + 0x379 (0x7d290d526729 in /home/ycyh/miniconda3/envs/LoRA/lib/python3.11/site-packages/torch/lib/libtorch_cuda.so)
frame #6: <unknown function> + 0xd828c (0x7d2a04eeb28c in /home/ycyh/miniconda3/envs/LoRA/bin/../lib/libstdc++.so.6)
frame #7: <unknown function> + 0x9caa4 (0x7d2a07a9caa4 in /lib/x86_64-linux-gnu/libc.so.6)
frame #8: <unknown function> + 0x129c6c (0x7d2a07b29c6c in /lib/x86_64-linux-gnu/libc.so.6)

[rank0]:[W508 17:55:40.527134035 ProcessGroupNCCL.cpp:1662] [PG ID 0 PG GUID 0(default_pg) Rank 0] Failed to check the "should dump" flag on TCPStore, (maybe TCPStore server has shut down too early), with error: Broken pipe
[rank0]:[W508 17:55:41.527337312 TCPStore.cpp:106] [c10d] sendBytes failed on SocketImpl(fd=3, addr=[localhost]:60642, remote=[localhost]:29504): Broken pipe
Exception raised from sendBytes at /pytorch/torch/csrc/distributed/c10d/Utils.hpp:653 (most recent call first):
frame #0: c10::Error::Error(c10::SourceLocation, std::__cxx11::basic_string<char, std::char_traits<char>, std::allocator<char> >) + 0x98 (0x7d295f5785e8 in /home/ycyh/miniconda3/envs/LoRA/lib/python3.11/site-packages/torch/lib/libc10.so)
frame #1: <unknown function> + 0x5ba8b0e (0x7d29511a8b0e in /home/ycyh/miniconda3/envs/LoRA/lib/python3.11/site-packages/torch/lib/libtorch_cpu.so)
frame #2: <unknown function> + 0x5baa368 (0x7d29511aa368 in /home/ycyh/miniconda3/envs/LoRA/lib/python3.11/site-packages/torch/lib/libtorch_cpu.so)
frame #3: <unknown function> + 0x5babb4e (0x7d29511abb4e in /home/ycyh/miniconda3/envs/LoRA/lib/python3.11/site-packages/torch/lib/libtorch_cpu.so)
frame #4: c10d::TCPStore::check(std::vector<std::__cxx11::basic_string<char, std::char_traits<char>, std::allocator<char> >, std::allocator<std::__cxx11::basic_string<char, std::char_traits<char>, std::allocator<char> > > > const&) + 0x298 (0x7d29511a51a8 in /home/ycyh/miniconda3/envs/LoRA/lib/python3.11/site-packages/torch/lib/libtorch_cpu.so)
frame #5: c10d::ProcessGroupNCCL::heartbeatMonitor() + 0x379 (0x7d290d526729 in /home/ycyh/miniconda3/envs/LoRA/lib/python3.11/site-packages/torch/lib/libtorch_cuda.so)
frame #6: <unknown function> + 0xd828c (0x7d2a04eeb28c in /home/ycyh/miniconda3/envs/LoRA/bin/../lib/libstdc++.so.6)
frame #7: <unknown function> + 0x9caa4 (0x7d2a07a9caa4 in /lib/x86_64-linux-gnu/libc.so.6)
frame #8: <unknown function> + 0x129c6c (0x7d2a07b29c6c in /lib/x86_64-linux-gnu/libc.so.6)

[rank0]:[W508 17:55:41.532498786 ProcessGroupNCCL.cpp:1662] [PG ID 0 PG GUID 0(default_pg) Rank 0] Failed to check the "should dump" flag on TCPStore, (maybe TCPStore server has shut down too early), with error: Broken pipe
[rank0]:[W508 17:55:42.532710765 TCPStore.cpp:106] [c10d] sendBytes failed on SocketImpl(fd=3, addr=[localhost]:60642, remote=[localhost]:29504): Broken pipe
Exception raised from sendBytes at /pytorch/torch/csrc/distributed/c10d/Utils.hpp:653 (most recent call first):
frame #0: c10::Error::Error(c10::SourceLocation, std::__cxx11::basic_string<char, std::char_traits<char>, std::allocator<char> >) + 0x98 (0x7d295f5785e8 in /home/ycyh/miniconda3/envs/LoRA/lib/python3.11/site-packages/torch/lib/libc10.so)
frame #1: <unknown function> + 0x5ba8b0e (0x7d29511a8b0e in /home/ycyh/miniconda3/envs/LoRA/lib/python3.11/site-packages/torch/lib/libtorch_cpu.so)
frame #2: <unknown function> + 0x5baa368 (0x7d29511aa368 in /home/ycyh/miniconda3/envs/LoRA/lib/python3.11/site-packages/torch/lib/libtorch_cpu.so)
frame #3: <unknown function> + 0x5babb4e (0x7d29511abb4e in /home/ycyh/miniconda3/envs/LoRA/lib/python3.11/site-packages/torch/lib/libtorch_cpu.so)
frame #4: c10d::TCPStore::check(std::vector<std::__cxx11::basic_string<char, std::char_traits<char>, std::allocator<char> >, std::allocator<std::__cxx11::basic_string<char, std::char_traits<char>, std::allocator<char> > > > const&) + 0x298 (0x7d29511a51a8 in /home/ycyh/miniconda3/envs/LoRA/lib/python3.11/site-packages/torch/lib/libtorch_cpu.so)
frame #5: c10d::ProcessGroupNCCL::heartbeatMonitor() + 0x379 (0x7d290d526729 in /home/ycyh/miniconda3/envs/LoRA/lib/python3.11/site-packages/torch/lib/libtorch_cuda.so)
frame #6: <unknown function> + 0xd828c (0x7d2a04eeb28c in /home/ycyh/miniconda3/envs/LoRA/bin/../lib/libstdc++.so.6)
frame #7: <unknown function> + 0x9caa4 (0x7d2a07a9caa4 in /lib/x86_64-linux-gnu/libc.so.6)
frame #8: <unknown function> + 0x129c6c (0x7d2a07b29c6c in /lib/x86_64-linux-gnu/libc.so.6)

[rank0]:[W508 17:55:42.537858734 ProcessGroupNCCL.cpp:1662] [PG ID 0 PG GUID 0(default_pg) Rank 0] Failed to check the "should dump" flag on TCPStore, (maybe TCPStore server has shut down too early), with error: Broken pipe
[rank0]:[W508 17:55:43.538066105 TCPStore.cpp:106] [c10d] sendBytes failed on SocketImpl(fd=3, addr=[localhost]:60642, remote=[localhost]:29504): Broken pipe
Exception raised from sendBytes at /pytorch/torch/csrc/distributed/c10d/Utils.hpp:653 (most recent call first):
frame #0: c10::Error::Error(c10::SourceLocation, std::__cxx11::basic_string<char, std::char_traits<char>, std::allocator<char> >) + 0x98 (0x7d295f5785e8 in /home/ycyh/miniconda3/envs/LoRA/lib/python3.11/site-packages/torch/lib/libc10.so)
frame #1: <unknown function> + 0x5ba8b0e (0x7d29511a8b0e in /home/ycyh/miniconda3/envs/LoRA/lib/python3.11/site-packages/torch/lib/libtorch_cpu.so)
frame #2: <unknown function> + 0x5baa368 (0x7d29511aa368 in /home/ycyh/miniconda3/envs/LoRA/lib/python3.11/site-packages/torch/lib/libtorch_cpu.so)
frame #3: <unknown function> + 0x5babb4e (0x7d29511abb4e in /home/ycyh/miniconda3/envs/LoRA/lib/python3.11/site-packages/torch/lib/libtorch_cpu.so)
frame #4: c10d::TCPStore::check(std::vector<std::__cxx11::basic_string<char, std::char_traits<char>, std::allocator<char> >, std::allocator<std::__cxx11::basic_string<char, std::char_traits<char>, std::allocator<char> > > > const&) + 0x298 (0x7d29511a51a8 in /home/ycyh/miniconda3/envs/LoRA/lib/python3.11/site-packages/torch/lib/libtorch_cpu.so)
frame #5: c10d::ProcessGroupNCCL::heartbeatMonitor() + 0x379 (0x7d290d526729 in /home/ycyh/miniconda3/envs/LoRA/lib/python3.11/site-packages/torch/lib/libtorch_cuda.so)
frame #6: <unknown function> + 0xd828c (0x7d2a04eeb28c in /home/ycyh/miniconda3/envs/LoRA/bin/../lib/libstdc++.so.6)
frame #7: <unknown function> + 0x9caa4 (0x7d2a07a9caa4 in /lib/x86_64-linux-gnu/libc.so.6)
frame #8: <unknown function> + 0x129c6c (0x7d2a07b29c6c in /lib/x86_64-linux-gnu/libc.so.6)

[rank0]:[W508 17:55:43.543497579 ProcessGroupNCCL.cpp:1662] [PG ID 0 PG GUID 0(default_pg) Rank 0] Failed to check the "should dump" flag on TCPStore, (maybe TCPStore server has shut down too early), with error: Broken pipe
[rank0]:[W508 17:55:44.543696229 TCPStore.cpp:106] [c10d] sendBytes failed on SocketImpl(fd=3, addr=[localhost]:60642, remote=[localhost]:29504): Broken pipe
Exception raised from sendBytes at /pytorch/torch/csrc/distributed/c10d/Utils.hpp:653 (most recent call first):
frame #0: c10::Error::Error(c10::SourceLocation, std::__cxx11::basic_string<char, std::char_traits<char>, std::allocator<char> >) + 0x98 (0x7d295f5785e8 in /home/ycyh/miniconda3/envs/LoRA/lib/python3.11/site-packages/torch/lib/libc10.so)
frame #1: <unknown function> + 0x5ba8b0e (0x7d29511a8b0e in /home/ycyh/miniconda3/envs/LoRA/lib/python3.11/site-packages/torch/lib/libtorch_cpu.so)
frame #2: <unknown function> + 0x5baa368 (0x7d29511aa368 in /home/ycyh/miniconda3/envs/LoRA/lib/python3.11/site-packages/torch/lib/libtorch_cpu.so)
frame #3: <unknown function> + 0x5babb4e (0x7d29511abb4e in /home/ycyh/miniconda3/envs/LoRA/lib/python3.11/site-packages/torch/lib/libtorch_cpu.so)
frame #4: c10d::TCPStore::check(std::vector<std::__cxx11::basic_string<char, std::char_traits<char>, std::allocator<char> >, std::allocator<std::__cxx11::basic_string<char, std::char_traits<char>, std::allocator<char> > > > const&) + 0x298 (0x7d29511a51a8 in /home/ycyh/miniconda3/envs/LoRA/lib/python3.11/site-packages/torch/lib/libtorch_cpu.so)
frame #5: c10d::ProcessGroupNCCL::heartbeatMonitor() + 0x379 (0x7d290d526729 in /home/ycyh/miniconda3/envs/LoRA/lib/python3.11/site-packages/torch/lib/libtorch_cuda.so)
frame #6: <unknown function> + 0xd828c (0x7d2a04eeb28c in /home/ycyh/miniconda3/envs/LoRA/bin/../lib/libstdc++.so.6)
frame #7: <unknown function> + 0x9caa4 (0x7d2a07a9caa4 in /lib/x86_64-linux-gnu/libc.so.6)
frame #8: <unknown function> + 0x129c6c (0x7d2a07b29c6c in /lib/x86_64-linux-gnu/libc.so.6)

[rank0]:[W508 17:55:44.549193988 ProcessGroupNCCL.cpp:1662] [PG ID 0 PG GUID 0(default_pg) Rank 0] Failed to check the "should dump" flag on TCPStore, (maybe TCPStore server has shut down too early), with error: Broken pipe
[rank0]:[W508 17:55:45.549383669 TCPStore.cpp:106] [c10d] sendBytes failed on SocketImpl(fd=3, addr=[localhost]:60642, remote=[localhost]:29504): Broken pipe
Exception raised from sendBytes at /pytorch/torch/csrc/distributed/c10d/Utils.hpp:653 (most recent call first):
frame #0: c10::Error::Error(c10::SourceLocation, std::__cxx11::basic_string<char, std::char_traits<char>, std::allocator<char> >) + 0x98 (0x7d295f5785e8 in /home/ycyh/miniconda3/envs/LoRA/lib/python3.11/site-packages/torch/lib/libc10.so)
frame #1: <unknown function> + 0x5ba8b0e (0x7d29511a8b0e in /home/ycyh/miniconda3/envs/LoRA/lib/python3.11/site-packages/torch/lib/libtorch_cpu.so)
frame #2: <unknown function> + 0x5baa368 (0x7d29511aa368 in /home/ycyh/miniconda3/envs/LoRA/lib/python3.11/site-packages/torch/lib/libtorch_cpu.so)
frame #3: <unknown function> + 0x5babb4e (0x7d29511abb4e in /home/ycyh/miniconda3/envs/LoRA/lib/python3.11/site-packages/torch/lib/libtorch_cpu.so)
frame #4: c10d::TCPStore::check(std::vector<std::__cxx11::basic_string<char, std::char_traits<char>, std::allocator<char> >, std::allocator<std::__cxx11::basic_string<char, std::char_traits<char>, std::allocator<char> > > > const&) + 0x298 (0x7d29511a51a8 in /home/ycyh/miniconda3/envs/LoRA/lib/python3.11/site-packages/torch/lib/libtorch_cpu.so)
frame #5: c10d::ProcessGroupNCCL::heartbeatMonitor() + 0x379 (0x7d290d526729 in /home/ycyh/miniconda3/envs/LoRA/lib/python3.11/site-packages/torch/lib/libtorch_cuda.so)
frame #6: <unknown function> + 0xd828c (0x7d2a04eeb28c in /home/ycyh/miniconda3/envs/LoRA/bin/../lib/libstdc++.so.6)
frame #7: <unknown function> + 0x9caa4 (0x7d2a07a9caa4 in /lib/x86_64-linux-gnu/libc.so.6)
frame #8: <unknown function> + 0x129c6c (0x7d2a07b29c6c in /lib/x86_64-linux-gnu/libc.so.6)

[rank0]:[W508 17:55:45.554644761 ProcessGroupNCCL.cpp:1662] [PG ID 0 PG GUID 0(default_pg) Rank 0] Failed to check the "should dump" flag on TCPStore, (maybe TCPStore server has shut down too early), with error: Broken pipe
[rank0]:[W508 17:55:46.554836571 TCPStore.cpp:106] [c10d] sendBytes failed on SocketImpl(fd=3, addr=[localhost]:60642, remote=[localhost]:29504): Broken pipe
Exception raised from sendBytes at /pytorch/torch/csrc/distributed/c10d/Utils.hpp:653 (most recent call first):
frame #0: c10::Error::Error(c10::SourceLocation, std::__cxx11::basic_string<char, std::char_traits<char>, std::allocator<char> >) + 0x98 (0x7d295f5785e8 in /home/ycyh/miniconda3/envs/LoRA/lib/python3.11/site-packages/torch/lib/libc10.so)
frame #1: <unknown function> + 0x5ba8b0e (0x7d29511a8b0e in /home/ycyh/miniconda3/envs/LoRA/lib/python3.11/site-packages/torch/lib/libtorch_cpu.so)
frame #2: <unknown function> + 0x5baa368 (0x7d29511aa368 in /home/ycyh/miniconda3/envs/LoRA/lib/python3.11/site-packages/torch/lib/libtorch_cpu.so)
frame #3: <unknown function> + 0x5babb4e (0x7d29511abb4e in /home/ycyh/miniconda3/envs/LoRA/lib/python3.11/site-packages/torch/lib/libtorch_cpu.so)
frame #4: c10d::TCPStore::check(std::vector<std::__cxx11::basic_string<char, std::char_traits<char>, std::allocator<char> >, std::allocator<std::__cxx11::basic_string<char, std::char_traits<char>, std::allocator<char> > > > const&) + 0x298 (0x7d29511a51a8 in /home/ycyh/miniconda3/envs/LoRA/lib/python3.11/site-packages/torch/lib/libtorch_cpu.so)
frame #5: c10d::ProcessGroupNCCL::heartbeatMonitor() + 0x379 (0x7d290d526729 in /home/ycyh/miniconda3/envs/LoRA/lib/python3.11/site-packages/torch/lib/libtorch_cuda.so)
frame #6: <unknown function> + 0xd828c (0x7d2a04eeb28c in /home/ycyh/miniconda3/envs/LoRA/bin/../lib/libstdc++.so.6)
frame #7: <unknown function> + 0x9caa4 (0x7d2a07a9caa4 in /lib/x86_64-linux-gnu/libc.so.6)
frame #8: <unknown function> + 0x129c6c (0x7d2a07b29c6c in /lib/x86_64-linux-gnu/libc.so.6)

[rank0]:[W508 17:55:46.560337725 ProcessGroupNCCL.cpp:1662] [PG ID 0 PG GUID 0(default_pg) Rank 0] Failed to check the "should dump" flag on TCPStore, (maybe TCPStore server has shut down too early), with error: Broken pipe
[rank0]:[W508 17:55:48.560612236 TCPStore.cpp:106] [c10d] sendBytes failed on SocketImpl(fd=3, addr=[localhost]:60642, remote=[localhost]:29504): Broken pipe
Exception raised from sendBytes at /pytorch/torch/csrc/distributed/c10d/Utils.hpp:653 (most recent call first):
frame #0: c10::Error::Error(c10::SourceLocation, std::__cxx11::basic_string<char, std::char_traits<char>, std::allocator<char> >) + 0x98 (0x7d295f5785e8 in /home/ycyh/miniconda3/envs/LoRA/lib/python3.11/site-packages/torch/lib/libc10.so)
frame #1: <unknown function> + 0x5ba8b0e (0x7d29511a8b0e in /home/ycyh/miniconda3/envs/LoRA/lib/python3.11/site-packages/torch/lib/libtorch_cpu.so)
frame #2: <unknown function> + 0x5baa368 (0x7d29511aa368 in /home/ycyh/miniconda3/envs/LoRA/lib/python3.11/site-packages/torch/lib/libtorch_cpu.so)
frame #3: <unknown function> + 0x5babb4e (0x7d29511abb4e in /home/ycyh/miniconda3/envs/LoRA/lib/python3.11/site-packages/torch/lib/libtorch_cpu.so)
frame #4: c10d::TCPStore::check(std::vector<std::__cxx11::basic_string<char, std::char_traits<char>, std::allocator<char> >, std::allocator<std::__cxx11::basic_string<char, std::char_traits<char>, std::allocator<char> > > > const&) + 0x298 (0x7d29511a51a8 in /home/ycyh/miniconda3/envs/LoRA/lib/python3.11/site-packages/torch/lib/libtorch_cpu.so)
frame #5: c10d::ProcessGroupNCCL::heartbeatMonitor() + 0x379 (0x7d290d526729 in /home/ycyh/miniconda3/envs/LoRA/lib/python3.11/site-packages/torch/lib/libtorch_cuda.so)
frame #6: <unknown function> + 0xd828c (0x7d2a04eeb28c in /home/ycyh/miniconda3/envs/LoRA/bin/../lib/libstdc++.so.6)
frame #7: <unknown function> + 0x9caa4 (0x7d2a07a9caa4 in /lib/x86_64-linux-gnu/libc.so.6)
frame #8: <unknown function> + 0x129c6c (0x7d2a07b29c6c in /lib/x86_64-linux-gnu/libc.so.6)

[rank0]:[W508 17:55:48.565858825 ProcessGroupNCCL.cpp:1662] [PG ID 0 PG GUID 0(default_pg) Rank 0] Failed to check the "should dump" flag on TCPStore, (maybe TCPStore server has shut down too early), with error: Broken pipe
[rank0]:[W508 17:55:50.566132961 TCPStore.cpp:106] [c10d] sendBytes failed on SocketImpl(fd=3, addr=[localhost]:60642, remote=[localhost]:29504): Broken pipe
Exception raised from sendBytes at /pytorch/torch/csrc/distributed/c10d/Utils.hpp:653 (most recent call first):
frame #0: c10::Error::Error(c10::SourceLocation, std::__cxx11::basic_string<char, std::char_traits<char>, std::allocator<char> >) + 0x98 (0x7d295f5785e8 in /home/ycyh/miniconda3/envs/LoRA/lib/python3.11/site-packages/torch/lib/libc10.so)
frame #1: <unknown function> + 0x5ba8b0e (0x7d29511a8b0e in /home/ycyh/miniconda3/envs/LoRA/lib/python3.11/site-packages/torch/lib/libtorch_cpu.so)
frame #2: <unknown function> + 0x5baa368 (0x7d29511aa368 in /home/ycyh/miniconda3/envs/LoRA/lib/python3.11/site-packages/torch/lib/libtorch_cpu.so)
frame #3: <unknown function> + 0x5babb4e (0x7d29511abb4e in /home/ycyh/miniconda3/envs/LoRA/lib/python3.11/site-packages/torch/lib/libtorch_cpu.so)
frame #4: c10d::TCPStore::check(std::vector<std::__cxx11::basic_string<char, std::char_traits<char>, std::allocator<char> >, std::allocator<std::__cxx11::basic_string<char, std::char_traits<char>, std::allocator<char> > > > const&) + 0x298 (0x7d29511a51a8 in /home/ycyh/miniconda3/envs/LoRA/lib/python3.11/site-packages/torch/lib/libtorch_cpu.so)
frame #5: c10d::ProcessGroupNCCL::heartbeatMonitor() + 0x379 (0x7d290d526729 in /home/ycyh/miniconda3/envs/LoRA/lib/python3.11/site-packages/torch/lib/libtorch_cuda.so)
frame #6: <unknown function> + 0xd828c (0x7d2a04eeb28c in /home/ycyh/miniconda3/envs/LoRA/bin/../lib/libstdc++.so.6)
frame #7: <unknown function> + 0x9caa4 (0x7d2a07a9caa4 in /lib/x86_64-linux-gnu/libc.so.6)
frame #8: <unknown function> + 0x129c6c (0x7d2a07b29c6c in /lib/x86_64-linux-gnu/libc.so.6)

[rank0]:[W508 17:55:50.571346006 ProcessGroupNCCL.cpp:1662] [PG ID 0 PG GUID 0(default_pg) Rank 0] Failed to check the "should dump" flag on TCPStore, (maybe TCPStore server has shut down too early), with error: Broken pipe
[rank0]:[W508 17:55:51.571545267 TCPStore.cpp:106] [c10d] sendBytes failed on SocketImpl(fd=3, addr=[localhost]:60642, remote=[localhost]:29504): Broken pipe
Exception raised from sendBytes at /pytorch/torch/csrc/distributed/c10d/Utils.hpp:653 (most recent call first):
frame #0: c10::Error::Error(c10::SourceLocation, std::__cxx11::basic_string<char, std::char_traits<char>, std::allocator<char> >) + 0x98 (0x7d295f5785e8 in /home/ycyh/miniconda3/envs/LoRA/lib/python3.11/site-packages/torch/lib/libc10.so)
frame #1: <unknown function> + 0x5ba8b0e (0x7d29511a8b0e in /home/ycyh/miniconda3/envs/LoRA/lib/python3.11/site-packages/torch/lib/libtorch_cpu.so)
frame #2: <unknown function> + 0x5baa368 (0x7d29511aa368 in /home/ycyh/miniconda3/envs/LoRA/lib/python3.11/site-packages/torch/lib/libtorch_cpu.so)
frame #3: <unknown function> + 0x5babb4e (0x7d29511abb4e in /home/ycyh/miniconda3/envs/LoRA/lib/python3.11/site-packages/torch/lib/libtorch_cpu.so)
frame #4: c10d::TCPStore::check(std::vector<std::__cxx11::basic_string<char, std::char_traits<char>, std::allocator<char> >, std::allocator<std::__cxx11::basic_string<char, std::char_traits<char>, std::allocator<char> > > > const&) + 0x298 (0x7d29511a51a8 in /home/ycyh/miniconda3/envs/LoRA/lib/python3.11/site-packages/torch/lib/libtorch_cpu.so)
frame #5: c10d::ProcessGroupNCCL::heartbeatMonitor() + 0x379 (0x7d290d526729 in /home/ycyh/miniconda3/envs/LoRA/lib/python3.11/site-packages/torch/lib/libtorch_cuda.so)
frame #6: <unknown function> + 0xd828c (0x7d2a04eeb28c in /home/ycyh/miniconda3/envs/LoRA/bin/../lib/libstdc++.so.6)
frame #7: <unknown function> + 0x9caa4 (0x7d2a07a9caa4 in /lib/x86_64-linux-gnu/libc.so.6)
frame #8: <unknown function> + 0x129c6c (0x7d2a07b29c6c in /lib/x86_64-linux-gnu/libc.so.6)

[rank0]:[W508 17:55:51.576763986 ProcessGroupNCCL.cpp:1662] [PG ID 0 PG GUID 0(default_pg) Rank 0] Failed to check the "should dump" flag on TCPStore, (maybe TCPStore server has shut down too early), with error: Broken pipe
[rank0]:[W508 17:55:52.576970249 TCPStore.cpp:106] [c10d] sendBytes failed on SocketImpl(fd=3, addr=[localhost]:60642, remote=[localhost]:29504): Broken pipe
Exception raised from sendBytes at /pytorch/torch/csrc/distributed/c10d/Utils.hpp:653 (most recent call first):
frame #0: c10::Error::Error(c10::SourceLocation, std::__cxx11::basic_string<char, std::char_traits<char>, std::allocator<char> >) + 0x98 (0x7d295f5785e8 in /home/ycyh/miniconda3/envs/LoRA/lib/python3.11/site-packages/torch/lib/libc10.so)
frame #1: <unknown function> + 0x5ba8b0e (0x7d29511a8b0e in /home/ycyh/miniconda3/envs/LoRA/lib/python3.11/site-packages/torch/lib/libtorch_cpu.so)
frame #2: <unknown function> + 0x5baa368 (0x7d29511aa368 in /home/ycyh/miniconda3/envs/LoRA/lib/python3.11/site-packages/torch/lib/libtorch_cpu.so)
frame #3: <unknown function> + 0x5babb4e (0x7d29511abb4e in /home/ycyh/miniconda3/envs/LoRA/lib/python3.11/site-packages/torch/lib/libtorch_cpu.so)
frame #4: c10d::TCPStore::check(std::vector<std::__cxx11::basic_string<char, std::char_traits<char>, std::allocator<char> >, std::allocator<std::__cxx11::basic_string<char, std::char_traits<char>, std::allocator<char> > > > const&) + 0x298 (0x7d29511a51a8 in /home/ycyh/miniconda3/envs/LoRA/lib/python3.11/site-packages/torch/lib/libtorch_cpu.so)
frame #5: c10d::ProcessGroupNCCL::heartbeatMonitor() + 0x379 (0x7d290d526729 in /home/ycyh/miniconda3/envs/LoRA/lib/python3.11/site-packages/torch/lib/libtorch_cuda.so)
frame #6: <unknown function> + 0xd828c (0x7d2a04eeb28c in /home/ycyh/miniconda3/envs/LoRA/bin/../lib/libstdc++.so.6)
frame #7: <unknown function> + 0x9caa4 (0x7d2a07a9caa4 in /lib/x86_64-linux-gnu/libc.so.6)
frame #8: <unknown function> + 0x129c6c (0x7d2a07b29c6c in /lib/x86_64-linux-gnu/libc.so.6)

[rank0]:[W508 17:55:52.582237714 ProcessGroupNCCL.cpp:1662] [PG ID 0 PG GUID 0(default_pg) Rank 0] Failed to check the "should dump" flag on TCPStore, (maybe TCPStore server has shut down too early), with error: Broken pipe
[rank0]:[W508 17:55:53.582442687 TCPStore.cpp:106] [c10d] sendBytes failed on SocketImpl(fd=3, addr=[localhost]:60642, remote=[localhost]:29504): Broken pipe
Exception raised from sendBytes at /pytorch/torch/csrc/distributed/c10d/Utils.hpp:653 (most recent call first):
frame #0: c10::Error::Error(c10::SourceLocation, std::__cxx11::basic_string<char, std::char_traits<char>, std::allocator<char> >) + 0x98 (0x7d295f5785e8 in /home/ycyh/miniconda3/envs/LoRA/lib/python3.11/site-packages/torch/lib/libc10.so)
frame #1: <unknown function> + 0x5ba8b0e (0x7d29511a8b0e in /home/ycyh/miniconda3/envs/LoRA/lib/python3.11/site-packages/torch/lib/libtorch_cpu.so)
frame #2: <unknown function> + 0x5baa368 (0x7d29511aa368 in /home/ycyh/miniconda3/envs/LoRA/lib/python3.11/site-packages/torch/lib/libtorch_cpu.so)
frame #3: <unknown function> + 0x5babb4e (0x7d29511abb4e in /home/ycyh/miniconda3/envs/LoRA/lib/python3.11/site-packages/torch/lib/libtorch_cpu.so)
frame #4: c10d::TCPStore::check(std::vector<std::__cxx11::basic_string<char, std::char_traits<char>, std::allocator<char> >, std::allocator<std::__cxx11::basic_string<char, std::char_traits<char>, std::allocator<char> > > > const&) + 0x298 (0x7d29511a51a8 in /home/ycyh/miniconda3/envs/LoRA/lib/python3.11/site-packages/torch/lib/libtorch_cpu.so)
frame #5: c10d::ProcessGroupNCCL::heartbeatMonitor() + 0x379 (0x7d290d526729 in /home/ycyh/miniconda3/envs/LoRA/lib/python3.11/site-packages/torch/lib/libtorch_cuda.so)
frame #6: <unknown function> + 0xd828c (0x7d2a04eeb28c in /home/ycyh/miniconda3/envs/LoRA/bin/../lib/libstdc++.so.6)
frame #7: <unknown function> + 0x9caa4 (0x7d2a07a9caa4 in /lib/x86_64-linux-gnu/libc.so.6)
frame #8: <unknown function> + 0x129c6c (0x7d2a07b29c6c in /lib/x86_64-linux-gnu/libc.so.6)

[rank0]:[W508 17:55:53.587625266 ProcessGroupNCCL.cpp:1662] [PG ID 0 PG GUID 0(default_pg) Rank 0] Failed to check the "should dump" flag on TCPStore, (maybe TCPStore server has shut down too early), with error: Broken pipe
[rank0]:[W508 17:55:54.587837871 TCPStore.cpp:106] [c10d] sendBytes failed on SocketImpl(fd=3, addr=[localhost]:60642, remote=[localhost]:29504): Broken pipe
Exception raised from sendBytes at /pytorch/torch/csrc/distributed/c10d/Utils.hpp:653 (most recent call first):
frame #0: c10::Error::Error(c10::SourceLocation, std::__cxx11::basic_string<char, std::char_traits<char>, std::allocator<char> >) + 0x98 (0x7d295f5785e8 in /home/ycyh/miniconda3/envs/LoRA/lib/python3.11/site-packages/torch/lib/libc10.so)
frame #1: <unknown function> + 0x5ba8b0e (0x7d29511a8b0e in /home/ycyh/miniconda3/envs/LoRA/lib/python3.11/site-packages/torch/lib/libtorch_cpu.so)
frame #2: <unknown function> + 0x5baa368 (0x7d29511aa368 in /home/ycyh/miniconda3/envs/LoRA/lib/python3.11/site-packages/torch/lib/libtorch_cpu.so)
frame #3: <unknown function> + 0x5babb4e (0x7d29511abb4e in /home/ycyh/miniconda3/envs/LoRA/lib/python3.11/site-packages/torch/lib/libtorch_cpu.so)
frame #4: c10d::TCPStore::check(std::vector<std::__cxx11::basic_string<char, std::char_traits<char>, std::allocator<char> >, std::allocator<std::__cxx11::basic_string<char, std::char_traits<char>, std::allocator<char> > > > const&) + 0x298 (0x7d29511a51a8 in /home/ycyh/miniconda3/envs/LoRA/lib/python3.11/site-packages/torch/lib/libtorch_cpu.so)
frame #5: c10d::ProcessGroupNCCL::heartbeatMonitor() + 0x379 (0x7d290d526729 in /home/ycyh/miniconda3/envs/LoRA/lib/python3.11/site-packages/torch/lib/libtorch_cuda.so)
frame #6: <unknown function> + 0xd828c (0x7d2a04eeb28c in /home/ycyh/miniconda3/envs/LoRA/bin/../lib/libstdc++.so.6)
frame #7: <unknown function> + 0x9caa4 (0x7d2a07a9caa4 in /lib/x86_64-linux-gnu/libc.so.6)
frame #8: <unknown function> + 0x129c6c (0x7d2a07b29c6c in /lib/x86_64-linux-gnu/libc.so.6)

[rank0]:[W508 17:55:54.593356396 ProcessGroupNCCL.cpp:1662] [PG ID 0 PG GUID 0(default_pg) Rank 0] Failed to check the "should dump" flag on TCPStore, (maybe TCPStore server has shut down too early), with error: Broken pipe
[rank0]:[W508 17:55:55.593561981 TCPStore.cpp:106] [c10d] sendBytes failed on SocketImpl(fd=3, addr=[localhost]:60642, remote=[localhost]:29504): Broken pipe
Exception raised from sendBytes at /pytorch/torch/csrc/distributed/c10d/Utils.hpp:653 (most recent call first):
frame #0: c10::Error::Error(c10::SourceLocation, std::__cxx11::basic_string<char, std::char_traits<char>, std::allocator<char> >) + 0x98 (0x7d295f5785e8 in /home/ycyh/miniconda3/envs/LoRA/lib/python3.11/site-packages/torch/lib/libc10.so)
frame #1: <unknown function> + 0x5ba8b0e (0x7d29511a8b0e in /home/ycyh/miniconda3/envs/LoRA/lib/python3.11/site-packages/torch/lib/libtorch_cpu.so)
frame #2: <unknown function> + 0x5baa368 (0x7d29511aa368 in /home/ycyh/miniconda3/envs/LoRA/lib/python3.11/site-packages/torch/lib/libtorch_cpu.so)
frame #3: <unknown function> + 0x5babb4e (0x7d29511abb4e in /home/ycyh/miniconda3/envs/LoRA/lib/python3.11/site-packages/torch/lib/libtorch_cpu.so)
frame #4: c10d::TCPStore::check(std::vector<std::__cxx11::basic_string<char, std::char_traits<char>, std::allocator<char> >, std::allocator<std::__cxx11::basic_string<char, std::char_traits<char>, std::allocator<char> > > > const&) + 0x298 (0x7d29511a51a8 in /home/ycyh/miniconda3/envs/LoRA/lib/python3.11/site-packages/torch/lib/libtorch_cpu.so)
frame #5: c10d::ProcessGroupNCCL::heartbeatMonitor() + 0x379 (0x7d290d526729 in /home/ycyh/miniconda3/envs/LoRA/lib/python3.11/site-packages/torch/lib/libtorch_cuda.so)
frame #6: <unknown function> + 0xd828c (0x7d2a04eeb28c in /home/ycyh/miniconda3/envs/LoRA/bin/../lib/libstdc++.so.6)
frame #7: <unknown function> + 0x9caa4 (0x7d2a07a9caa4 in /lib/x86_64-linux-gnu/libc.so.6)
frame #8: <unknown function> + 0x129c6c (0x7d2a07b29c6c in /lib/x86_64-linux-gnu/libc.so.6)

[rank0]:[W508 17:55:55.598842653 ProcessGroupNCCL.cpp:1662] [PG ID 0 PG GUID 0(default_pg) Rank 0] Failed to check the "should dump" flag on TCPStore, (maybe TCPStore server has shut down too early), with error: Broken pipe
[rank0]:[W508 17:55:56.599051808 TCPStore.cpp:106] [c10d] sendBytes failed on SocketImpl(fd=3, addr=[localhost]:60642, remote=[localhost]:29504): Broken pipe
Exception raised from sendBytes at /pytorch/torch/csrc/distributed/c10d/Utils.hpp:653 (most recent call first):
frame #0: c10::Error::Error(c10::SourceLocation, std::__cxx11::basic_string<char, std::char_traits<char>, std::allocator<char> >) + 0x98 (0x7d295f5785e8 in /home/ycyh/miniconda3/envs/LoRA/lib/python3.11/site-packages/torch/lib/libc10.so)
frame #1: <unknown function> + 0x5ba8b0e (0x7d29511a8b0e in /home/ycyh/miniconda3/envs/LoRA/lib/python3.11/site-packages/torch/lib/libtorch_cpu.so)
frame #2: <unknown function> + 0x5baa368 (0x7d29511aa368 in /home/ycyh/miniconda3/envs/LoRA/lib/python3.11/site-packages/torch/lib/libtorch_cpu.so)
frame #3: <unknown function> + 0x5babb4e (0x7d29511abb4e in /home/ycyh/miniconda3/envs/LoRA/lib/python3.11/site-packages/torch/lib/libtorch_cpu.so)
frame #4: c10d::TCPStore::check(std::vector<std::__cxx11::basic_string<char, std::char_traits<char>, std::allocator<char> >, std::allocator<std::__cxx11::basic_string<char, std::char_traits<char>, std::allocator<char> > > > const&) + 0x298 (0x7d29511a51a8 in /home/ycyh/miniconda3/envs/LoRA/lib/python3.11/site-packages/torch/lib/libtorch_cpu.so)
frame #5: c10d::ProcessGroupNCCL::heartbeatMonitor() + 0x379 (0x7d290d526729 in /home/ycyh/miniconda3/envs/LoRA/lib/python3.11/site-packages/torch/lib/libtorch_cuda.so)
frame #6: <unknown function> + 0xd828c (0x7d2a04eeb28c in /home/ycyh/miniconda3/envs/LoRA/bin/../lib/libstdc++.so.6)
frame #7: <unknown function> + 0x9caa4 (0x7d2a07a9caa4 in /lib/x86_64-linux-gnu/libc.so.6)
frame #8: <unknown function> + 0x129c6c (0x7d2a07b29c6c in /lib/x86_64-linux-gnu/libc.so.6)

[rank0]:[W508 17:55:56.604455037 ProcessGroupNCCL.cpp:1662] [PG ID 0 PG GUID 0(default_pg) Rank 0] Failed to check the "should dump" flag on TCPStore, (maybe TCPStore server has shut down too early), with error: Broken pipe
[rank0]:[W508 17:55:58.604738440 TCPStore.cpp:106] [c10d] sendBytes failed on SocketImpl(fd=3, addr=[localhost]:60642, remote=[localhost]:29504): Broken pipe
Exception raised from sendBytes at /pytorch/torch/csrc/distributed/c10d/Utils.hpp:653 (most recent call first):
frame #0: c10::Error::Error(c10::SourceLocation, std::__cxx11::basic_string<char, std::char_traits<char>, std::allocator<char> >) + 0x98 (0x7d295f5785e8 in /home/ycyh/miniconda3/envs/LoRA/lib/python3.11/site-packages/torch/lib/libc10.so)
frame #1: <unknown function> + 0x5ba8b0e (0x7d29511a8b0e in /home/ycyh/miniconda3/envs/LoRA/lib/python3.11/site-packages/torch/lib/libtorch_cpu.so)
frame #2: <unknown function> + 0x5baa368 (0x7d29511aa368 in /home/ycyh/miniconda3/envs/LoRA/lib/python3.11/site-packages/torch/lib/libtorch_cpu.so)
frame #3: <unknown function> + 0x5babb4e (0x7d29511abb4e in /home/ycyh/miniconda3/envs/LoRA/lib/python3.11/site-packages/torch/lib/libtorch_cpu.so)
frame #4: c10d::TCPStore::check(std::vector<std::__cxx11::basic_string<char, std::char_traits<char>, std::allocator<char> >, std::allocator<std::__cxx11::basic_string<char, std::char_traits<char>, std::allocator<char> > > > const&) + 0x298 (0x7d29511a51a8 in /home/ycyh/miniconda3/envs/LoRA/lib/python3.11/site-packages/torch/lib/libtorch_cpu.so)
frame #5: c10d::ProcessGroupNCCL::heartbeatMonitor() + 0x379 (0x7d290d526729 in /home/ycyh/miniconda3/envs/LoRA/lib/python3.11/site-packages/torch/lib/libtorch_cuda.so)
frame #6: <unknown function> + 0xd828c (0x7d2a04eeb28c in /home/ycyh/miniconda3/envs/LoRA/bin/../lib/libstdc++.so.6)
frame #7: <unknown function> + 0x9caa4 (0x7d2a07a9caa4 in /lib/x86_64-linux-gnu/libc.so.6)
frame #8: <unknown function> + 0x129c6c (0x7d2a07b29c6c in /lib/x86_64-linux-gnu/libc.so.6)

[rank0]:[W508 17:55:58.610201301 ProcessGroupNCCL.cpp:1662] [PG ID 0 PG GUID 0(default_pg) Rank 0] Failed to check the "should dump" flag on TCPStore, (maybe TCPStore server has shut down too early), with error: Broken pipe
| epoch   1 step      400 |    400 batches | lr 0.0001 | ms/batch 1629.95 | loss  6.31 | avg loss  5.75 | ppl 313.00
[rank0]:[W508 17:55:59.610406269 TCPStore.cpp:106] [c10d] sendBytes failed on SocketImpl(fd=3, addr=[localhost]:60642, remote=[localhost]:29504): Broken pipe
Exception raised from sendBytes at /pytorch/torch/csrc/distributed/c10d/Utils.hpp:653 (most recent call first):
frame #0: c10::Error::Error(c10::SourceLocation, std::__cxx11::basic_string<char, std::char_traits<char>, std::allocator<char> >) + 0x98 (0x7d295f5785e8 in /home/ycyh/miniconda3/envs/LoRA/lib/python3.11/site-packages/torch/lib/libc10.so)
frame #1: <unknown function> + 0x5ba8b0e (0x7d29511a8b0e in /home/ycyh/miniconda3/envs/LoRA/lib/python3.11/site-packages/torch/lib/libtorch_cpu.so)
frame #2: <unknown function> + 0x5baa368 (0x7d29511aa368 in /home/ycyh/miniconda3/envs/LoRA/lib/python3.11/site-packages/torch/lib/libtorch_cpu.so)
frame #3: <unknown function> + 0x5babb4e (0x7d29511abb4e in /home/ycyh/miniconda3/envs/LoRA/lib/python3.11/site-packages/torch/lib/libtorch_cpu.so)
frame #4: c10d::TCPStore::check(std::vector<std::__cxx11::basic_string<char, std::char_traits<char>, std::allocator<char> >, std::allocator<std::__cxx11::basic_string<char, std::char_traits<char>, std::allocator<char> > > > const&) + 0x298 (0x7d29511a51a8 in /home/ycyh/miniconda3/envs/LoRA/lib/python3.11/site-packages/torch/lib/libtorch_cpu.so)
frame #5: c10d::ProcessGroupNCCL::heartbeatMonitor() + 0x379 (0x7d290d526729 in /home/ycyh/miniconda3/envs/LoRA/lib/python3.11/site-packages/torch/lib/libtorch_cuda.so)
frame #6: <unknown function> + 0xd828c (0x7d2a04eeb28c in /home/ycyh/miniconda3/envs/LoRA/bin/../lib/libstdc++.so.6)
frame #7: <unknown function> + 0x9caa4 (0x7d2a07a9caa4 in /lib/x86_64-linux-gnu/libc.so.6)
frame #8: <unknown function> + 0x129c6c (0x7d2a07b29c6c in /lib/x86_64-linux-gnu/libc.so.6)

[rank0]:[W508 17:55:59.617132226 ProcessGroupNCCL.cpp:1662] [PG ID 0 PG GUID 0(default_pg) Rank 0] Failed to check the "should dump" flag on TCPStore, (maybe TCPStore server has shut down too early), with error: Broken pipe
[rank0]:[W508 17:56:00.617355248 TCPStore.cpp:106] [c10d] sendBytes failed on SocketImpl(fd=3, addr=[localhost]:60642, remote=[localhost]:29504): Broken pipe
Exception raised from sendBytes at /pytorch/torch/csrc/distributed/c10d/Utils.hpp:653 (most recent call first):
frame #0: c10::Error::Error(c10::SourceLocation, std::__cxx11::basic_string<char, std::char_traits<char>, std::allocator<char> >) + 0x98 (0x7d295f5785e8 in /home/ycyh/miniconda3/envs/LoRA/lib/python3.11/site-packages/torch/lib/libc10.so)
frame #1: <unknown function> + 0x5ba8b0e (0x7d29511a8b0e in /home/ycyh/miniconda3/envs/LoRA/lib/python3.11/site-packages/torch/lib/libtorch_cpu.so)
frame #2: <unknown function> + 0x5baa368 (0x7d29511aa368 in /home/ycyh/miniconda3/envs/LoRA/lib/python3.11/site-packages/torch/lib/libtorch_cpu.so)
frame #3: <unknown function> + 0x5babb4e (0x7d29511abb4e in /home/ycyh/miniconda3/envs/LoRA/lib/python3.11/site-packages/torch/lib/libtorch_cpu.so)
frame #4: c10d::TCPStore::check(std::vector<std::__cxx11::basic_string<char, std::char_traits<char>, std::allocator<char> >, std::allocator<std::__cxx11::basic_string<char, std::char_traits<char>, std::allocator<char> > > > const&) + 0x298 (0x7d29511a51a8 in /home/ycyh/miniconda3/envs/LoRA/lib/python3.11/site-packages/torch/lib/libtorch_cpu.so)
frame #5: c10d::ProcessGroupNCCL::heartbeatMonitor() + 0x379 (0x7d290d526729 in /home/ycyh/miniconda3/envs/LoRA/lib/python3.11/site-packages/torch/lib/libtorch_cuda.so)
frame #6: <unknown function> + 0xd828c (0x7d2a04eeb28c in /home/ycyh/miniconda3/envs/LoRA/bin/../lib/libstdc++.so.6)
frame #7: <unknown function> + 0x9caa4 (0x7d2a07a9caa4 in /lib/x86_64-linux-gnu/libc.so.6)
frame #8: <unknown function> + 0x129c6c (0x7d2a07b29c6c in /lib/x86_64-linux-gnu/libc.so.6)

[rank0]:[W508 17:56:00.622745069 ProcessGroupNCCL.cpp:1662] [PG ID 0 PG GUID 0(default_pg) Rank 0] Failed to check the "should dump" flag on TCPStore, (maybe TCPStore server has shut down too early), with error: Broken pipe
[rank0]:[W508 17:56:01.622951569 TCPStore.cpp:106] [c10d] sendBytes failed on SocketImpl(fd=3, addr=[localhost]:60642, remote=[localhost]:29504): Broken pipe
Exception raised from sendBytes at /pytorch/torch/csrc/distributed/c10d/Utils.hpp:653 (most recent call first):
frame #0: c10::Error::Error(c10::SourceLocation, std::__cxx11::basic_string<char, std::char_traits<char>, std::allocator<char> >) + 0x98 (0x7d295f5785e8 in /home/ycyh/miniconda3/envs/LoRA/lib/python3.11/site-packages/torch/lib/libc10.so)
frame #1: <unknown function> + 0x5ba8b0e (0x7d29511a8b0e in /home/ycyh/miniconda3/envs/LoRA/lib/python3.11/site-packages/torch/lib/libtorch_cpu.so)
frame #2: <unknown function> + 0x5baa368 (0x7d29511aa368 in /home/ycyh/miniconda3/envs/LoRA/lib/python3.11/site-packages/torch/lib/libtorch_cpu.so)
frame #3: <unknown function> + 0x5babb4e (0x7d29511abb4e in /home/ycyh/miniconda3/envs/LoRA/lib/python3.11/site-packages/torch/lib/libtorch_cpu.so)
frame #4: c10d::TCPStore::check(std::vector<std::__cxx11::basic_string<char, std::char_traits<char>, std::allocator<char> >, std::allocator<std::__cxx11::basic_string<char, std::char_traits<char>, std::allocator<char> > > > const&) + 0x298 (0x7d29511a51a8 in /home/ycyh/miniconda3/envs/LoRA/lib/python3.11/site-packages/torch/lib/libtorch_cpu.so)
frame #5: c10d::ProcessGroupNCCL::heartbeatMonitor() + 0x379 (0x7d290d526729 in /home/ycyh/miniconda3/envs/LoRA/lib/python3.11/site-packages/torch/lib/libtorch_cuda.so)
frame #6: <unknown function> + 0xd828c (0x7d2a04eeb28c in /home/ycyh/miniconda3/envs/LoRA/bin/../lib/libstdc++.so.6)
frame #7: <unknown function> + 0x9caa4 (0x7d2a07a9caa4 in /lib/x86_64-linux-gnu/libc.so.6)
frame #8: <unknown function> + 0x129c6c (0x7d2a07b29c6c in /lib/x86_64-linux-gnu/libc.so.6)

[rank0]:[W508 17:56:01.629113599 ProcessGroupNCCL.cpp:1662] [PG ID 0 PG GUID 0(default_pg) Rank 0] Failed to check the "should dump" flag on TCPStore, (maybe TCPStore server has shut down too early), with error: Broken pipe
[rank0]:[W508 17:56:02.629328396 TCPStore.cpp:106] [c10d] sendBytes failed on SocketImpl(fd=3, addr=[localhost]:60642, remote=[localhost]:29504): Broken pipe
Exception raised from sendBytes at /pytorch/torch/csrc/distributed/c10d/Utils.hpp:653 (most recent call first):
frame #0: c10::Error::Error(c10::SourceLocation, std::__cxx11::basic_string<char, std::char_traits<char>, std::allocator<char> >) + 0x98 (0x7d295f5785e8 in /home/ycyh/miniconda3/envs/LoRA/lib/python3.11/site-packages/torch/lib/libc10.so)
frame #1: <unknown function> + 0x5ba8b0e (0x7d29511a8b0e in /home/ycyh/miniconda3/envs/LoRA/lib/python3.11/site-packages/torch/lib/libtorch_cpu.so)
frame #2: <unknown function> + 0x5baa368 (0x7d29511aa368 in /home/ycyh/miniconda3/envs/LoRA/lib/python3.11/site-packages/torch/lib/libtorch_cpu.so)
frame #3: <unknown function> + 0x5babb4e (0x7d29511abb4e in /home/ycyh/miniconda3/envs/LoRA/lib/python3.11/site-packages/torch/lib/libtorch_cpu.so)
frame #4: c10d::TCPStore::check(std::vector<std::__cxx11::basic_string<char, std::char_traits<char>, std::allocator<char> >, std::allocator<std::__cxx11::basic_string<char, std::char_traits<char>, std::allocator<char> > > > const&) + 0x298 (0x7d29511a51a8 in /home/ycyh/miniconda3/envs/LoRA/lib/python3.11/site-packages/torch/lib/libtorch_cpu.so)
frame #5: c10d::ProcessGroupNCCL::heartbeatMonitor() + 0x379 (0x7d290d526729 in /home/ycyh/miniconda3/envs/LoRA/lib/python3.11/site-packages/torch/lib/libtorch_cuda.so)
frame #6: <unknown function> + 0xd828c (0x7d2a04eeb28c in /home/ycyh/miniconda3/envs/LoRA/bin/../lib/libstdc++.so.6)
frame #7: <unknown function> + 0x9caa4 (0x7d2a07a9caa4 in /lib/x86_64-linux-gnu/libc.so.6)
frame #8: <unknown function> + 0x129c6c (0x7d2a07b29c6c in /lib/x86_64-linux-gnu/libc.so.6)

[rank0]:[W508 17:56:02.634673201 ProcessGroupNCCL.cpp:1662] [PG ID 0 PG GUID 0(default_pg) Rank 0] Failed to check the "should dump" flag on TCPStore, (maybe TCPStore server has shut down too early), with error: Broken pipe
[rank0]:[W508 17:56:03.634879385 TCPStore.cpp:106] [c10d] sendBytes failed on SocketImpl(fd=3, addr=[localhost]:60642, remote=[localhost]:29504): Broken pipe
Exception raised from sendBytes at /pytorch/torch/csrc/distributed/c10d/Utils.hpp:653 (most recent call first):
frame #0: c10::Error::Error(c10::SourceLocation, std::__cxx11::basic_string<char, std::char_traits<char>, std::allocator<char> >) + 0x98 (0x7d295f5785e8 in /home/ycyh/miniconda3/envs/LoRA/lib/python3.11/site-packages/torch/lib/libc10.so)
frame #1: <unknown function> + 0x5ba8b0e (0x7d29511a8b0e in /home/ycyh/miniconda3/envs/LoRA/lib/python3.11/site-packages/torch/lib/libtorch_cpu.so)
frame #2: <unknown function> + 0x5baa368 (0x7d29511aa368 in /home/ycyh/miniconda3/envs/LoRA/lib/python3.11/site-packages/torch/lib/libtorch_cpu.so)
frame #3: <unknown function> + 0x5babb4e (0x7d29511abb4e in /home/ycyh/miniconda3/envs/LoRA/lib/python3.11/site-packages/torch/lib/libtorch_cpu.so)
frame #4: c10d::TCPStore::check(std::vector<std::__cxx11::basic_string<char, std::char_traits<char>, std::allocator<char> >, std::allocator<std::__cxx11::basic_string<char, std::char_traits<char>, std::allocator<char> > > > const&) + 0x298 (0x7d29511a51a8 in /home/ycyh/miniconda3/envs/LoRA/lib/python3.11/site-packages/torch/lib/libtorch_cpu.so)
frame #5: c10d::ProcessGroupNCCL::heartbeatMonitor() + 0x379 (0x7d290d526729 in /home/ycyh/miniconda3/envs/LoRA/lib/python3.11/site-packages/torch/lib/libtorch_cuda.so)
frame #6: <unknown function> + 0xd828c (0x7d2a04eeb28c in /home/ycyh/miniconda3/envs/LoRA/bin/../lib/libstdc++.so.6)
frame #7: <unknown function> + 0x9caa4 (0x7d2a07a9caa4 in /lib/x86_64-linux-gnu/libc.so.6)
frame #8: <unknown function> + 0x129c6c (0x7d2a07b29c6c in /lib/x86_64-linux-gnu/libc.so.6)

[rank0]:[W508 17:56:03.643181588 ProcessGroupNCCL.cpp:1662] [PG ID 0 PG GUID 0(default_pg) Rank 0] Failed to check the "should dump" flag on TCPStore, (maybe TCPStore server has shut down too early), with error: Broken pipe
[rank0]:[W508 17:56:04.643386476 TCPStore.cpp:106] [c10d] sendBytes failed on SocketImpl(fd=3, addr=[localhost]:60642, remote=[localhost]:29504): Broken pipe
Exception raised from sendBytes at /pytorch/torch/csrc/distributed/c10d/Utils.hpp:653 (most recent call first):
frame #0: c10::Error::Error(c10::SourceLocation, std::__cxx11::basic_string<char, std::char_traits<char>, std::allocator<char> >) + 0x98 (0x7d295f5785e8 in /home/ycyh/miniconda3/envs/LoRA/lib/python3.11/site-packages/torch/lib/libc10.so)
frame #1: <unknown function> + 0x5ba8b0e (0x7d29511a8b0e in /home/ycyh/miniconda3/envs/LoRA/lib/python3.11/site-packages/torch/lib/libtorch_cpu.so)
frame #2: <unknown function> + 0x5baa368 (0x7d29511aa368 in /home/ycyh/miniconda3/envs/LoRA/lib/python3.11/site-packages/torch/lib/libtorch_cpu.so)
frame #3: <unknown function> + 0x5babb4e (0x7d29511abb4e in /home/ycyh/miniconda3/envs/LoRA/lib/python3.11/site-packages/torch/lib/libtorch_cpu.so)
frame #4: c10d::TCPStore::check(std::vector<std::__cxx11::basic_string<char, std::char_traits<char>, std::allocator<char> >, std::allocator<std::__cxx11::basic_string<char, std::char_traits<char>, std::allocator<char> > > > const&) + 0x298 (0x7d29511a51a8 in /home/ycyh/miniconda3/envs/LoRA/lib/python3.11/site-packages/torch/lib/libtorch_cpu.so)
frame #5: c10d::ProcessGroupNCCL::heartbeatMonitor() + 0x379 (0x7d290d526729 in /home/ycyh/miniconda3/envs/LoRA/lib/python3.11/site-packages/torch/lib/libtorch_cuda.so)
frame #6: <unknown function> + 0xd828c (0x7d2a04eeb28c in /home/ycyh/miniconda3/envs/LoRA/bin/../lib/libstdc++.so.6)
frame #7: <unknown function> + 0x9caa4 (0x7d2a07a9caa4 in /lib/x86_64-linux-gnu/libc.so.6)
frame #8: <unknown function> + 0x129c6c (0x7d2a07b29c6c in /lib/x86_64-linux-gnu/libc.so.6)

[rank0]:[W508 17:56:04.648607683 ProcessGroupNCCL.cpp:1662] [PG ID 0 PG GUID 0(default_pg) Rank 0] Failed to check the "should dump" flag on TCPStore, (maybe TCPStore server has shut down too early), with error: Broken pipe
[rank0]:[W508 17:56:06.648893274 TCPStore.cpp:106] [c10d] sendBytes failed on SocketImpl(fd=3, addr=[localhost]:60642, remote=[localhost]:29504): Broken pipe
Exception raised from sendBytes at /pytorch/torch/csrc/distributed/c10d/Utils.hpp:653 (most recent call first):
frame #0: c10::Error::Error(c10::SourceLocation, std::__cxx11::basic_string<char, std::char_traits<char>, std::allocator<char> >) + 0x98 (0x7d295f5785e8 in /home/ycyh/miniconda3/envs/LoRA/lib/python3.11/site-packages/torch/lib/libc10.so)
frame #1: <unknown function> + 0x5ba8b0e (0x7d29511a8b0e in /home/ycyh/miniconda3/envs/LoRA/lib/python3.11/site-packages/torch/lib/libtorch_cpu.so)
frame #2: <unknown function> + 0x5baa368 (0x7d29511aa368 in /home/ycyh/miniconda3/envs/LoRA/lib/python3.11/site-packages/torch/lib/libtorch_cpu.so)
frame #3: <unknown function> + 0x5babb4e (0x7d29511abb4e in /home/ycyh/miniconda3/envs/LoRA/lib/python3.11/site-packages/torch/lib/libtorch_cpu.so)
frame #4: c10d::TCPStore::check(std::vector<std::__cxx11::basic_string<char, std::char_traits<char>, std::allocator<char> >, std::allocator<std::__cxx11::basic_string<char, std::char_traits<char>, std::allocator<char> > > > const&) + 0x298 (0x7d29511a51a8 in /home/ycyh/miniconda3/envs/LoRA/lib/python3.11/site-packages/torch/lib/libtorch_cpu.so)
frame #5: c10d::ProcessGroupNCCL::heartbeatMonitor() + 0x379 (0x7d290d526729 in /home/ycyh/miniconda3/envs/LoRA/lib/python3.11/site-packages/torch/lib/libtorch_cuda.so)
frame #6: <unknown function> + 0xd828c (0x7d2a04eeb28c in /home/ycyh/miniconda3/envs/LoRA/bin/../lib/libstdc++.so.6)
frame #7: <unknown function> + 0x9caa4 (0x7d2a07a9caa4 in /lib/x86_64-linux-gnu/libc.so.6)
frame #8: <unknown function> + 0x129c6c (0x7d2a07b29c6c in /lib/x86_64-linux-gnu/libc.so.6)

[rank0]:[W508 17:56:06.654128002 ProcessGroupNCCL.cpp:1662] [PG ID 0 PG GUID 0(default_pg) Rank 0] Failed to check the "should dump" flag on TCPStore, (maybe TCPStore server has shut down too early), with error: Broken pipe
[rank0]:[W508 17:56:07.654333455 TCPStore.cpp:106] [c10d] sendBytes failed on SocketImpl(fd=3, addr=[localhost]:60642, remote=[localhost]:29504): Broken pipe
Exception raised from sendBytes at /pytorch/torch/csrc/distributed/c10d/Utils.hpp:653 (most recent call first):
frame #0: c10::Error::Error(c10::SourceLocation, std::__cxx11::basic_string<char, std::char_traits<char>, std::allocator<char> >) + 0x98 (0x7d295f5785e8 in /home/ycyh/miniconda3/envs/LoRA/lib/python3.11/site-packages/torch/lib/libc10.so)
frame #1: <unknown function> + 0x5ba8b0e (0x7d29511a8b0e in /home/ycyh/miniconda3/envs/LoRA/lib/python3.11/site-packages/torch/lib/libtorch_cpu.so)
frame #2: <unknown function> + 0x5baa368 (0x7d29511aa368 in /home/ycyh/miniconda3/envs/LoRA/lib/python3.11/site-packages/torch/lib/libtorch_cpu.so)
frame #3: <unknown function> + 0x5babb4e (0x7d29511abb4e in /home/ycyh/miniconda3/envs/LoRA/lib/python3.11/site-packages/torch/lib/libtorch_cpu.so)
frame #4: c10d::TCPStore::check(std::vector<std::__cxx11::basic_string<char, std::char_traits<char>, std::allocator<char> >, std::allocator<std::__cxx11::basic_string<char, std::char_traits<char>, std::allocator<char> > > > const&) + 0x298 (0x7d29511a51a8 in /home/ycyh/miniconda3/envs/LoRA/lib/python3.11/site-packages/torch/lib/libtorch_cpu.so)
frame #5: c10d::ProcessGroupNCCL::heartbeatMonitor() + 0x379 (0x7d290d526729 in /home/ycyh/miniconda3/envs/LoRA/lib/python3.11/site-packages/torch/lib/libtorch_cuda.so)
frame #6: <unknown function> + 0xd828c (0x7d2a04eeb28c in /home/ycyh/miniconda3/envs/LoRA/bin/../lib/libstdc++.so.6)
frame #7: <unknown function> + 0x9caa4 (0x7d2a07a9caa4 in /lib/x86_64-linux-gnu/libc.so.6)
frame #8: <unknown function> + 0x129c6c (0x7d2a07b29c6c in /lib/x86_64-linux-gnu/libc.so.6)

[rank0]:[W508 17:56:07.659660654 ProcessGroupNCCL.cpp:1662] [PG ID 0 PG GUID 0(default_pg) Rank 0] Failed to check the "should dump" flag on TCPStore, (maybe TCPStore server has shut down too early), with error: Broken pipe
[rank0]:[W508 17:56:09.659937332 TCPStore.cpp:106] [c10d] sendBytes failed on SocketImpl(fd=3, addr=[localhost]:60642, remote=[localhost]:29504): Broken pipe
Exception raised from sendBytes at /pytorch/torch/csrc/distributed/c10d/Utils.hpp:653 (most recent call first):
frame #0: c10::Error::Error(c10::SourceLocation, std::__cxx11::basic_string<char, std::char_traits<char>, std::allocator<char> >) + 0x98 (0x7d295f5785e8 in /home/ycyh/miniconda3/envs/LoRA/lib/python3.11/site-packages/torch/lib/libc10.so)
frame #1: <unknown function> + 0x5ba8b0e (0x7d29511a8b0e in /home/ycyh/miniconda3/envs/LoRA/lib/python3.11/site-packages/torch/lib/libtorch_cpu.so)
frame #2: <unknown function> + 0x5baa368 (0x7d29511aa368 in /home/ycyh/miniconda3/envs/LoRA/lib/python3.11/site-packages/torch/lib/libtorch_cpu.so)
frame #3: <unknown function> + 0x5babb4e (0x7d29511abb4e in /home/ycyh/miniconda3/envs/LoRA/lib/python3.11/site-packages/torch/lib/libtorch_cpu.so)
frame #4: c10d::TCPStore::check(std::vector<std::__cxx11::basic_string<char, std::char_traits<char>, std::allocator<char> >, std::allocator<std::__cxx11::basic_string<char, std::char_traits<char>, std::allocator<char> > > > const&) + 0x298 (0x7d29511a51a8 in /home/ycyh/miniconda3/envs/LoRA/lib/python3.11/site-packages/torch/lib/libtorch_cpu.so)
frame #5: c10d::ProcessGroupNCCL::heartbeatMonitor() + 0x379 (0x7d290d526729 in /home/ycyh/miniconda3/envs/LoRA/lib/python3.11/site-packages/torch/lib/libtorch_cuda.so)
frame #6: <unknown function> + 0xd828c (0x7d2a04eeb28c in /home/ycyh/miniconda3/envs/LoRA/bin/../lib/libstdc++.so.6)
frame #7: <unknown function> + 0x9caa4 (0x7d2a07a9caa4 in /lib/x86_64-linux-gnu/libc.so.6)
frame #8: <unknown function> + 0x129c6c (0x7d2a07b29c6c in /lib/x86_64-linux-gnu/libc.so.6)

[rank0]:[W508 17:56:09.665234348 ProcessGroupNCCL.cpp:1662] [PG ID 0 PG GUID 0(default_pg) Rank 0] Failed to check the "should dump" flag on TCPStore, (maybe TCPStore server has shut down too early), with error: Broken pipe
[rank0]:[W508 17:56:10.665430610 TCPStore.cpp:106] [c10d] sendBytes failed on SocketImpl(fd=3, addr=[localhost]:60642, remote=[localhost]:29504): Broken pipe
Exception raised from sendBytes at /pytorch/torch/csrc/distributed/c10d/Utils.hpp:653 (most recent call first):
frame #0: c10::Error::Error(c10::SourceLocation, std::__cxx11::basic_string<char, std::char_traits<char>, std::allocator<char> >) + 0x98 (0x7d295f5785e8 in /home/ycyh/miniconda3/envs/LoRA/lib/python3.11/site-packages/torch/lib/libc10.so)
frame #1: <unknown function> + 0x5ba8b0e (0x7d29511a8b0e in /home/ycyh/miniconda3/envs/LoRA/lib/python3.11/site-packages/torch/lib/libtorch_cpu.so)
frame #2: <unknown function> + 0x5baa368 (0x7d29511aa368 in /home/ycyh/miniconda3/envs/LoRA/lib/python3.11/site-packages/torch/lib/libtorch_cpu.so)
frame #3: <unknown function> + 0x5babb4e (0x7d29511abb4e in /home/ycyh/miniconda3/envs/LoRA/lib/python3.11/site-packages/torch/lib/libtorch_cpu.so)
frame #4: c10d::TCPStore::check(std::vector<std::__cxx11::basic_string<char, std::char_traits<char>, std::allocator<char> >, std::allocator<std::__cxx11::basic_string<char, std::char_traits<char>, std::allocator<char> > > > const&) + 0x298 (0x7d29511a51a8 in /home/ycyh/miniconda3/envs/LoRA/lib/python3.11/site-packages/torch/lib/libtorch_cpu.so)
frame #5: c10d::ProcessGroupNCCL::heartbeatMonitor() + 0x379 (0x7d290d526729 in /home/ycyh/miniconda3/envs/LoRA/lib/python3.11/site-packages/torch/lib/libtorch_cuda.so)
frame #6: <unknown function> + 0xd828c (0x7d2a04eeb28c in /home/ycyh/miniconda3/envs/LoRA/bin/../lib/libstdc++.so.6)
frame #7: <unknown function> + 0x9caa4 (0x7d2a07a9caa4 in /lib/x86_64-linux-gnu/libc.so.6)
frame #8: <unknown function> + 0x129c6c (0x7d2a07b29c6c in /lib/x86_64-linux-gnu/libc.so.6)

[rank0]:[W508 17:56:10.670620912 ProcessGroupNCCL.cpp:1662] [PG ID 0 PG GUID 0(default_pg) Rank 0] Failed to check the "should dump" flag on TCPStore, (maybe TCPStore server has shut down too early), with error: Broken pipe
[rank0]:[W508 17:56:11.670824974 TCPStore.cpp:106] [c10d] sendBytes failed on SocketImpl(fd=3, addr=[localhost]:60642, remote=[localhost]:29504): Broken pipe
Exception raised from sendBytes at /pytorch/torch/csrc/distributed/c10d/Utils.hpp:653 (most recent call first):
frame #0: c10::Error::Error(c10::SourceLocation, std::__cxx11::basic_string<char, std::char_traits<char>, std::allocator<char> >) + 0x98 (0x7d295f5785e8 in /home/ycyh/miniconda3/envs/LoRA/lib/python3.11/site-packages/torch/lib/libc10.so)
frame #1: <unknown function> + 0x5ba8b0e (0x7d29511a8b0e in /home/ycyh/miniconda3/envs/LoRA/lib/python3.11/site-packages/torch/lib/libtorch_cpu.so)
frame #2: <unknown function> + 0x5baa368 (0x7d29511aa368 in /home/ycyh/miniconda3/envs/LoRA/lib/python3.11/site-packages/torch/lib/libtorch_cpu.so)
frame #3: <unknown function> + 0x5babb4e (0x7d29511abb4e in /home/ycyh/miniconda3/envs/LoRA/lib/python3.11/site-packages/torch/lib/libtorch_cpu.so)
frame #4: c10d::TCPStore::check(std::vector<std::__cxx11::basic_string<char, std::char_traits<char>, std::allocator<char> >, std::allocator<std::__cxx11::basic_string<char, std::char_traits<char>, std::allocator<char> > > > const&) + 0x298 (0x7d29511a51a8 in /home/ycyh/miniconda3/envs/LoRA/lib/python3.11/site-packages/torch/lib/libtorch_cpu.so)
frame #5: c10d::ProcessGroupNCCL::heartbeatMonitor() + 0x379 (0x7d290d526729 in /home/ycyh/miniconda3/envs/LoRA/lib/python3.11/site-packages/torch/lib/libtorch_cuda.so)
frame #6: <unknown function> + 0xd828c (0x7d2a04eeb28c in /home/ycyh/miniconda3/envs/LoRA/bin/../lib/libstdc++.so.6)
frame #7: <unknown function> + 0x9caa4 (0x7d2a07a9caa4 in /lib/x86_64-linux-gnu/libc.so.6)
frame #8: <unknown function> + 0x129c6c (0x7d2a07b29c6c in /lib/x86_64-linux-gnu/libc.so.6)

[rank0]:[W508 17:56:11.676232277 ProcessGroupNCCL.cpp:1662] [PG ID 0 PG GUID 0(default_pg) Rank 0] Failed to check the "should dump" flag on TCPStore, (maybe TCPStore server has shut down too early), with error: Broken pipe
[rank0]:[W508 17:56:12.676427916 TCPStore.cpp:106] [c10d] sendBytes failed on SocketImpl(fd=3, addr=[localhost]:60642, remote=[localhost]:29504): Broken pipe
Exception raised from sendBytes at /pytorch/torch/csrc/distributed/c10d/Utils.hpp:653 (most recent call first):
frame #0: c10::Error::Error(c10::SourceLocation, std::__cxx11::basic_string<char, std::char_traits<char>, std::allocator<char> >) + 0x98 (0x7d295f5785e8 in /home/ycyh/miniconda3/envs/LoRA/lib/python3.11/site-packages/torch/lib/libc10.so)
frame #1: <unknown function> + 0x5ba8b0e (0x7d29511a8b0e in /home/ycyh/miniconda3/envs/LoRA/lib/python3.11/site-packages/torch/lib/libtorch_cpu.so)
frame #2: <unknown function> + 0x5baa368 (0x7d29511aa368 in /home/ycyh/miniconda3/envs/LoRA/lib/python3.11/site-packages/torch/lib/libtorch_cpu.so)
frame #3: <unknown function> + 0x5babb4e (0x7d29511abb4e in /home/ycyh/miniconda3/envs/LoRA/lib/python3.11/site-packages/torch/lib/libtorch_cpu.so)
frame #4: c10d::TCPStore::check(std::vector<std::__cxx11::basic_string<char, std::char_traits<char>, std::allocator<char> >, std::allocator<std::__cxx11::basic_string<char, std::char_traits<char>, std::allocator<char> > > > const&) + 0x298 (0x7d29511a51a8 in /home/ycyh/miniconda3/envs/LoRA/lib/python3.11/site-packages/torch/lib/libtorch_cpu.so)
frame #5: c10d::ProcessGroupNCCL::heartbeatMonitor() + 0x379 (0x7d290d526729 in /home/ycyh/miniconda3/envs/LoRA/lib/python3.11/site-packages/torch/lib/libtorch_cuda.so)
frame #6: <unknown function> + 0xd828c (0x7d2a04eeb28c in /home/ycyh/miniconda3/envs/LoRA/bin/../lib/libstdc++.so.6)
frame #7: <unknown function> + 0x9caa4 (0x7d2a07a9caa4 in /lib/x86_64-linux-gnu/libc.so.6)
frame #8: <unknown function> + 0x129c6c (0x7d2a07b29c6c in /lib/x86_64-linux-gnu/libc.so.6)

[rank0]:[W508 17:56:12.681921179 ProcessGroupNCCL.cpp:1662] [PG ID 0 PG GUID 0(default_pg) Rank 0] Failed to check the "should dump" flag on TCPStore, (maybe TCPStore server has shut down too early), with error: Broken pipe
[rank0]:[W508 17:56:13.682134075 TCPStore.cpp:106] [c10d] sendBytes failed on SocketImpl(fd=3, addr=[localhost]:60642, remote=[localhost]:29504): Broken pipe
Exception raised from sendBytes at /pytorch/torch/csrc/distributed/c10d/Utils.hpp:653 (most recent call first):
frame #0: c10::Error::Error(c10::SourceLocation, std::__cxx11::basic_string<char, std::char_traits<char>, std::allocator<char> >) + 0x98 (0x7d295f5785e8 in /home/ycyh/miniconda3/envs/LoRA/lib/python3.11/site-packages/torch/lib/libc10.so)
frame #1: <unknown function> + 0x5ba8b0e (0x7d29511a8b0e in /home/ycyh/miniconda3/envs/LoRA/lib/python3.11/site-packages/torch/lib/libtorch_cpu.so)
frame #2: <unknown function> + 0x5baa368 (0x7d29511aa368 in /home/ycyh/miniconda3/envs/LoRA/lib/python3.11/site-packages/torch/lib/libtorch_cpu.so)
frame #3: <unknown function> + 0x5babb4e (0x7d29511abb4e in /home/ycyh/miniconda3/envs/LoRA/lib/python3.11/site-packages/torch/lib/libtorch_cpu.so)
frame #4: c10d::TCPStore::check(std::vector<std::__cxx11::basic_string<char, std::char_traits<char>, std::allocator<char> >, std::allocator<std::__cxx11::basic_string<char, std::char_traits<char>, std::allocator<char> > > > const&) + 0x298 (0x7d29511a51a8 in /home/ycyh/miniconda3/envs/LoRA/lib/python3.11/site-packages/torch/lib/libtorch_cpu.so)
frame #5: c10d::ProcessGroupNCCL::heartbeatMonitor() + 0x379 (0x7d290d526729 in /home/ycyh/miniconda3/envs/LoRA/lib/python3.11/site-packages/torch/lib/libtorch_cuda.so)
frame #6: <unknown function> + 0xd828c (0x7d2a04eeb28c in /home/ycyh/miniconda3/envs/LoRA/bin/../lib/libstdc++.so.6)
frame #7: <unknown function> + 0x9caa4 (0x7d2a07a9caa4 in /lib/x86_64-linux-gnu/libc.so.6)
frame #8: <unknown function> + 0x129c6c (0x7d2a07b29c6c in /lib/x86_64-linux-gnu/libc.so.6)

[rank0]:[W508 17:56:13.687352321 ProcessGroupNCCL.cpp:1662] [PG ID 0 PG GUID 0(default_pg) Rank 0] Failed to check the "should dump" flag on TCPStore, (maybe TCPStore server has shut down too early), with error: Broken pipe
[rank0]:[W508 17:56:14.687539245 TCPStore.cpp:106] [c10d] sendBytes failed on SocketImpl(fd=3, addr=[localhost]:60642, remote=[localhost]:29504): Broken pipe
Exception raised from sendBytes at /pytorch/torch/csrc/distributed/c10d/Utils.hpp:653 (most recent call first):
frame #0: c10::Error::Error(c10::SourceLocation, std::__cxx11::basic_string<char, std::char_traits<char>, std::allocator<char> >) + 0x98 (0x7d295f5785e8 in /home/ycyh/miniconda3/envs/LoRA/lib/python3.11/site-packages/torch/lib/libc10.so)
frame #1: <unknown function> + 0x5ba8b0e (0x7d29511a8b0e in /home/ycyh/miniconda3/envs/LoRA/lib/python3.11/site-packages/torch/lib/libtorch_cpu.so)
frame #2: <unknown function> + 0x5baa368 (0x7d29511aa368 in /home/ycyh/miniconda3/envs/LoRA/lib/python3.11/site-packages/torch/lib/libtorch_cpu.so)
frame #3: <unknown function> + 0x5babb4e (0x7d29511abb4e in /home/ycyh/miniconda3/envs/LoRA/lib/python3.11/site-packages/torch/lib/libtorch_cpu.so)
frame #4: c10d::TCPStore::check(std::vector<std::__cxx11::basic_string<char, std::char_traits<char>, std::allocator<char> >, std::allocator<std::__cxx11::basic_string<char, std::char_traits<char>, std::allocator<char> > > > const&) + 0x298 (0x7d29511a51a8 in /home/ycyh/miniconda3/envs/LoRA/lib/python3.11/site-packages/torch/lib/libtorch_cpu.so)
frame #5: c10d::ProcessGroupNCCL::heartbeatMonitor() + 0x379 (0x7d290d526729 in /home/ycyh/miniconda3/envs/LoRA/lib/python3.11/site-packages/torch/lib/libtorch_cuda.so)
frame #6: <unknown function> + 0xd828c (0x7d2a04eeb28c in /home/ycyh/miniconda3/envs/LoRA/bin/../lib/libstdc++.so.6)
frame #7: <unknown function> + 0x9caa4 (0x7d2a07a9caa4 in /lib/x86_64-linux-gnu/libc.so.6)
frame #8: <unknown function> + 0x129c6c (0x7d2a07b29c6c in /lib/x86_64-linux-gnu/libc.so.6)

[rank0]:[W508 17:56:14.692738767 ProcessGroupNCCL.cpp:1662] [PG ID 0 PG GUID 0(default_pg) Rank 0] Failed to check the "should dump" flag on TCPStore, (maybe TCPStore server has shut down too early), with error: Broken pipe
[rank0]:[W508 17:56:15.692950225 TCPStore.cpp:106] [c10d] sendBytes failed on SocketImpl(fd=3, addr=[localhost]:60642, remote=[localhost]:29504): Broken pipe
Exception raised from sendBytes at /pytorch/torch/csrc/distributed/c10d/Utils.hpp:653 (most recent call first):
frame #0: c10::Error::Error(c10::SourceLocation, std::__cxx11::basic_string<char, std::char_traits<char>, std::allocator<char> >) + 0x98 (0x7d295f5785e8 in /home/ycyh/miniconda3/envs/LoRA/lib/python3.11/site-packages/torch/lib/libc10.so)
frame #1: <unknown function> + 0x5ba8b0e (0x7d29511a8b0e in /home/ycyh/miniconda3/envs/LoRA/lib/python3.11/site-packages/torch/lib/libtorch_cpu.so)
frame #2: <unknown function> + 0x5baa368 (0x7d29511aa368 in /home/ycyh/miniconda3/envs/LoRA/lib/python3.11/site-packages/torch/lib/libtorch_cpu.so)
frame #3: <unknown function> + 0x5babb4e (0x7d29511abb4e in /home/ycyh/miniconda3/envs/LoRA/lib/python3.11/site-packages/torch/lib/libtorch_cpu.so)
frame #4: c10d::TCPStore::check(std::vector<std::__cxx11::basic_string<char, std::char_traits<char>, std::allocator<char> >, std::allocator<std::__cxx11::basic_string<char, std::char_traits<char>, std::allocator<char> > > > const&) + 0x298 (0x7d29511a51a8 in /home/ycyh/miniconda3/envs/LoRA/lib/python3.11/site-packages/torch/lib/libtorch_cpu.so)
frame #5: c10d::ProcessGroupNCCL::heartbeatMonitor() + 0x379 (0x7d290d526729 in /home/ycyh/miniconda3/envs/LoRA/lib/python3.11/site-packages/torch/lib/libtorch_cuda.so)
frame #6: <unknown function> + 0xd828c (0x7d2a04eeb28c in /home/ycyh/miniconda3/envs/LoRA/bin/../lib/libstdc++.so.6)
frame #7: <unknown function> + 0x9caa4 (0x7d2a07a9caa4 in /lib/x86_64-linux-gnu/libc.so.6)
frame #8: <unknown function> + 0x129c6c (0x7d2a07b29c6c in /lib/x86_64-linux-gnu/libc.so.6)

[rank0]:[W508 17:56:15.698172916 ProcessGroupNCCL.cpp:1662] [PG ID 0 PG GUID 0(default_pg) Rank 0] Failed to check the "should dump" flag on TCPStore, (maybe TCPStore server has shut down too early), with error: Broken pipe
[rank0]:[W508 17:56:17.698453300 TCPStore.cpp:106] [c10d] sendBytes failed on SocketImpl(fd=3, addr=[localhost]:60642, remote=[localhost]:29504): Broken pipe
Exception raised from sendBytes at /pytorch/torch/csrc/distributed/c10d/Utils.hpp:653 (most recent call first):
frame #0: c10::Error::Error(c10::SourceLocation, std::__cxx11::basic_string<char, std::char_traits<char>, std::allocator<char> >) + 0x98 (0x7d295f5785e8 in /home/ycyh/miniconda3/envs/LoRA/lib/python3.11/site-packages/torch/lib/libc10.so)
frame #1: <unknown function> + 0x5ba8b0e (0x7d29511a8b0e in /home/ycyh/miniconda3/envs/LoRA/lib/python3.11/site-packages/torch/lib/libtorch_cpu.so)
frame #2: <unknown function> + 0x5baa368 (0x7d29511aa368 in /home/ycyh/miniconda3/envs/LoRA/lib/python3.11/site-packages/torch/lib/libtorch_cpu.so)
frame #3: <unknown function> + 0x5babb4e (0x7d29511abb4e in /home/ycyh/miniconda3/envs/LoRA/lib/python3.11/site-packages/torch/lib/libtorch_cpu.so)
frame #4: c10d::TCPStore::check(std::vector<std::__cxx11::basic_string<char, std::char_traits<char>, std::allocator<char> >, std::allocator<std::__cxx11::basic_string<char, std::char_traits<char>, std::allocator<char> > > > const&) + 0x298 (0x7d29511a51a8 in /home/ycyh/miniconda3/envs/LoRA/lib/python3.11/site-packages/torch/lib/libtorch_cpu.so)
frame #5: c10d::ProcessGroupNCCL::heartbeatMonitor() + 0x379 (0x7d290d526729 in /home/ycyh/miniconda3/envs/LoRA/lib/python3.11/site-packages/torch/lib/libtorch_cuda.so)
frame #6: <unknown function> + 0xd828c (0x7d2a04eeb28c in /home/ycyh/miniconda3/envs/LoRA/bin/../lib/libstdc++.so.6)
frame #7: <unknown function> + 0x9caa4 (0x7d2a07a9caa4 in /lib/x86_64-linux-gnu/libc.so.6)
frame #8: <unknown function> + 0x129c6c (0x7d2a07b29c6c in /lib/x86_64-linux-gnu/libc.so.6)

[rank0]:[W508 17:56:17.703768141 ProcessGroupNCCL.cpp:1662] [PG ID 0 PG GUID 0(default_pg) Rank 0] Failed to check the "should dump" flag on TCPStore, (maybe TCPStore server has shut down too early), with error: Broken pipe
[rank0]:[W508 17:56:19.704075784 TCPStore.cpp:106] [c10d] sendBytes failed on SocketImpl(fd=3, addr=[localhost]:60642, remote=[localhost]:29504): Broken pipe
Exception raised from sendBytes at /pytorch/torch/csrc/distributed/c10d/Utils.hpp:653 (most recent call first):
frame #0: c10::Error::Error(c10::SourceLocation, std::__cxx11::basic_string<char, std::char_traits<char>, std::allocator<char> >) + 0x98 (0x7d295f5785e8 in /home/ycyh/miniconda3/envs/LoRA/lib/python3.11/site-packages/torch/lib/libc10.so)
frame #1: <unknown function> + 0x5ba8b0e (0x7d29511a8b0e in /home/ycyh/miniconda3/envs/LoRA/lib/python3.11/site-packages/torch/lib/libtorch_cpu.so)
frame #2: <unknown function> + 0x5baa368 (0x7d29511aa368 in /home/ycyh/miniconda3/envs/LoRA/lib/python3.11/site-packages/torch/lib/libtorch_cpu.so)
frame #3: <unknown function> + 0x5babb4e (0x7d29511abb4e in /home/ycyh/miniconda3/envs/LoRA/lib/python3.11/site-packages/torch/lib/libtorch_cpu.so)
frame #4: c10d::TCPStore::check(std::vector<std::__cxx11::basic_string<char, std::char_traits<char>, std::allocator<char> >, std::allocator<std::__cxx11::basic_string<char, std::char_traits<char>, std::allocator<char> > > > const&) + 0x298 (0x7d29511a51a8 in /home/ycyh/miniconda3/envs/LoRA/lib/python3.11/site-packages/torch/lib/libtorch_cpu.so)
frame #5: c10d::ProcessGroupNCCL::heartbeatMonitor() + 0x379 (0x7d290d526729 in /home/ycyh/miniconda3/envs/LoRA/lib/python3.11/site-packages/torch/lib/libtorch_cuda.so)
frame #6: <unknown function> + 0xd828c (0x7d2a04eeb28c in /home/ycyh/miniconda3/envs/LoRA/bin/../lib/libstdc++.so.6)
frame #7: <unknown function> + 0x9caa4 (0x7d2a07a9caa4 in /lib/x86_64-linux-gnu/libc.so.6)
frame #8: <unknown function> + 0x129c6c (0x7d2a07b29c6c in /lib/x86_64-linux-gnu/libc.so.6)

[rank0]:[W508 17:56:19.709264651 ProcessGroupNCCL.cpp:1662] [PG ID 0 PG GUID 0(default_pg) Rank 0] Failed to check the "should dump" flag on TCPStore, (maybe TCPStore server has shut down too early), with error: Broken pipe
[rank0]:[W508 17:56:20.709472253 TCPStore.cpp:106] [c10d] sendBytes failed on SocketImpl(fd=3, addr=[localhost]:60642, remote=[localhost]:29504): Broken pipe
Exception raised from sendBytes at /pytorch/torch/csrc/distributed/c10d/Utils.hpp:653 (most recent call first):
frame #0: c10::Error::Error(c10::SourceLocation, std::__cxx11::basic_string<char, std::char_traits<char>, std::allocator<char> >) + 0x98 (0x7d295f5785e8 in /home/ycyh/miniconda3/envs/LoRA/lib/python3.11/site-packages/torch/lib/libc10.so)
frame #1: <unknown function> + 0x5ba8b0e (0x7d29511a8b0e in /home/ycyh/miniconda3/envs/LoRA/lib/python3.11/site-packages/torch/lib/libtorch_cpu.so)
frame #2: <unknown function> + 0x5baa368 (0x7d29511aa368 in /home/ycyh/miniconda3/envs/LoRA/lib/python3.11/site-packages/torch/lib/libtorch_cpu.so)
frame #3: <unknown function> + 0x5babb4e (0x7d29511abb4e in /home/ycyh/miniconda3/envs/LoRA/lib/python3.11/site-packages/torch/lib/libtorch_cpu.so)
frame #4: c10d::TCPStore::check(std::vector<std::__cxx11::basic_string<char, std::char_traits<char>, std::allocator<char> >, std::allocator<std::__cxx11::basic_string<char, std::char_traits<char>, std::allocator<char> > > > const&) + 0x298 (0x7d29511a51a8 in /home/ycyh/miniconda3/envs/LoRA/lib/python3.11/site-packages/torch/lib/libtorch_cpu.so)
frame #5: c10d::ProcessGroupNCCL::heartbeatMonitor() + 0x379 (0x7d290d526729 in /home/ycyh/miniconda3/envs/LoRA/lib/python3.11/site-packages/torch/lib/libtorch_cuda.so)
frame #6: <unknown function> + 0xd828c (0x7d2a04eeb28c in /home/ycyh/miniconda3/envs/LoRA/bin/../lib/libstdc++.so.6)
frame #7: <unknown function> + 0x9caa4 (0x7d2a07a9caa4 in /lib/x86_64-linux-gnu/libc.so.6)
frame #8: <unknown function> + 0x129c6c (0x7d2a07b29c6c in /lib/x86_64-linux-gnu/libc.so.6)

[rank0]:[W508 17:56:20.714981376 ProcessGroupNCCL.cpp:1662] [PG ID 0 PG GUID 0(default_pg) Rank 0] Failed to check the "should dump" flag on TCPStore, (maybe TCPStore server has shut down too early), with error: Broken pipe
[rank0]:[W508 17:56:21.715182705 TCPStore.cpp:106] [c10d] sendBytes failed on SocketImpl(fd=3, addr=[localhost]:60642, remote=[localhost]:29504): Broken pipe
Exception raised from sendBytes at /pytorch/torch/csrc/distributed/c10d/Utils.hpp:653 (most recent call first):
frame #0: c10::Error::Error(c10::SourceLocation, std::__cxx11::basic_string<char, std::char_traits<char>, std::allocator<char> >) + 0x98 (0x7d295f5785e8 in /home/ycyh/miniconda3/envs/LoRA/lib/python3.11/site-packages/torch/lib/libc10.so)
frame #1: <unknown function> + 0x5ba8b0e (0x7d29511a8b0e in /home/ycyh/miniconda3/envs/LoRA/lib/python3.11/site-packages/torch/lib/libtorch_cpu.so)
frame #2: <unknown function> + 0x5baa368 (0x7d29511aa368 in /home/ycyh/miniconda3/envs/LoRA/lib/python3.11/site-packages/torch/lib/libtorch_cpu.so)
frame #3: <unknown function> + 0x5babb4e (0x7d29511abb4e in /home/ycyh/miniconda3/envs/LoRA/lib/python3.11/site-packages/torch/lib/libtorch_cpu.so)
frame #4: c10d::TCPStore::check(std::vector<std::__cxx11::basic_string<char, std::char_traits<char>, std::allocator<char> >, std::allocator<std::__cxx11::basic_string<char, std::char_traits<char>, std::allocator<char> > > > const&) + 0x298 (0x7d29511a51a8 in /home/ycyh/miniconda3/envs/LoRA/lib/python3.11/site-packages/torch/lib/libtorch_cpu.so)
frame #5: c10d::ProcessGroupNCCL::heartbeatMonitor() + 0x379 (0x7d290d526729 in /home/ycyh/miniconda3/envs/LoRA/lib/python3.11/site-packages/torch/lib/libtorch_cuda.so)
frame #6: <unknown function> + 0xd828c (0x7d2a04eeb28c in /home/ycyh/miniconda3/envs/LoRA/bin/../lib/libstdc++.so.6)
frame #7: <unknown function> + 0x9caa4 (0x7d2a07a9caa4 in /lib/x86_64-linux-gnu/libc.so.6)
frame #8: <unknown function> + 0x129c6c (0x7d2a07b29c6c in /lib/x86_64-linux-gnu/libc.so.6)

[rank0]:[W508 17:56:21.720502210 ProcessGroupNCCL.cpp:1662] [PG ID 0 PG GUID 0(default_pg) Rank 0] Failed to check the "should dump" flag on TCPStore, (maybe TCPStore server has shut down too early), with error: Broken pipe
[rank0]:[W508 17:56:22.720699676 TCPStore.cpp:106] [c10d] sendBytes failed on SocketImpl(fd=3, addr=[localhost]:60642, remote=[localhost]:29504): Broken pipe
Exception raised from sendBytes at /pytorch/torch/csrc/distributed/c10d/Utils.hpp:653 (most recent call first):
frame #0: c10::Error::Error(c10::SourceLocation, std::__cxx11::basic_string<char, std::char_traits<char>, std::allocator<char> >) + 0x98 (0x7d295f5785e8 in /home/ycyh/miniconda3/envs/LoRA/lib/python3.11/site-packages/torch/lib/libc10.so)
frame #1: <unknown function> + 0x5ba8b0e (0x7d29511a8b0e in /home/ycyh/miniconda3/envs/LoRA/lib/python3.11/site-packages/torch/lib/libtorch_cpu.so)
frame #2: <unknown function> + 0x5baa368 (0x7d29511aa368 in /home/ycyh/miniconda3/envs/LoRA/lib/python3.11/site-packages/torch/lib/libtorch_cpu.so)
frame #3: <unknown function> + 0x5babb4e (0x7d29511abb4e in /home/ycyh/miniconda3/envs/LoRA/lib/python3.11/site-packages/torch/lib/libtorch_cpu.so)
frame #4: c10d::TCPStore::check(std::vector<std::__cxx11::basic_string<char, std::char_traits<char>, std::allocator<char> >, std::allocator<std::__cxx11::basic_string<char, std::char_traits<char>, std::allocator<char> > > > const&) + 0x298 (0x7d29511a51a8 in /home/ycyh/miniconda3/envs/LoRA/lib/python3.11/site-packages/torch/lib/libtorch_cpu.so)
frame #5: c10d::ProcessGroupNCCL::heartbeatMonitor() + 0x379 (0x7d290d526729 in /home/ycyh/miniconda3/envs/LoRA/lib/python3.11/site-packages/torch/lib/libtorch_cuda.so)
frame #6: <unknown function> + 0xd828c (0x7d2a04eeb28c in /home/ycyh/miniconda3/envs/LoRA/bin/../lib/libstdc++.so.6)
frame #7: <unknown function> + 0x9caa4 (0x7d2a07a9caa4 in /lib/x86_64-linux-gnu/libc.so.6)
frame #8: <unknown function> + 0x129c6c (0x7d2a07b29c6c in /lib/x86_64-linux-gnu/libc.so.6)

[rank0]:[W508 17:56:22.725999024 ProcessGroupNCCL.cpp:1662] [PG ID 0 PG GUID 0(default_pg) Rank 0] Failed to check the "should dump" flag on TCPStore, (maybe TCPStore server has shut down too early), with error: Broken pipe
[rank0]:[W508 17:56:23.726204925 TCPStore.cpp:106] [c10d] sendBytes failed on SocketImpl(fd=3, addr=[localhost]:60642, remote=[localhost]:29504): Broken pipe
Exception raised from sendBytes at /pytorch/torch/csrc/distributed/c10d/Utils.hpp:653 (most recent call first):
frame #0: c10::Error::Error(c10::SourceLocation, std::__cxx11::basic_string<char, std::char_traits<char>, std::allocator<char> >) + 0x98 (0x7d295f5785e8 in /home/ycyh/miniconda3/envs/LoRA/lib/python3.11/site-packages/torch/lib/libc10.so)
frame #1: <unknown function> + 0x5ba8b0e (0x7d29511a8b0e in /home/ycyh/miniconda3/envs/LoRA/lib/python3.11/site-packages/torch/lib/libtorch_cpu.so)
frame #2: <unknown function> + 0x5baa368 (0x7d29511aa368 in /home/ycyh/miniconda3/envs/LoRA/lib/python3.11/site-packages/torch/lib/libtorch_cpu.so)
frame #3: <unknown function> + 0x5babb4e (0x7d29511abb4e in /home/ycyh/miniconda3/envs/LoRA/lib/python3.11/site-packages/torch/lib/libtorch_cpu.so)
frame #4: c10d::TCPStore::check(std::vector<std::__cxx11::basic_string<char, std::char_traits<char>, std::allocator<char> >, std::allocator<std::__cxx11::basic_string<char, std::char_traits<char>, std::allocator<char> > > > const&) + 0x298 (0x7d29511a51a8 in /home/ycyh/miniconda3/envs/LoRA/lib/python3.11/site-packages/torch/lib/libtorch_cpu.so)
frame #5: c10d::ProcessGroupNCCL::heartbeatMonitor() + 0x379 (0x7d290d526729 in /home/ycyh/miniconda3/envs/LoRA/lib/python3.11/site-packages/torch/lib/libtorch_cuda.so)
frame #6: <unknown function> + 0xd828c (0x7d2a04eeb28c in /home/ycyh/miniconda3/envs/LoRA/bin/../lib/libstdc++.so.6)
frame #7: <unknown function> + 0x9caa4 (0x7d2a07a9caa4 in /lib/x86_64-linux-gnu/libc.so.6)
frame #8: <unknown function> + 0x129c6c (0x7d2a07b29c6c in /lib/x86_64-linux-gnu/libc.so.6)

[rank0]:[W508 17:56:23.731601059 ProcessGroupNCCL.cpp:1662] [PG ID 0 PG GUID 0(default_pg) Rank 0] Failed to check the "should dump" flag on TCPStore, (maybe TCPStore server has shut down too early), with error: Broken pipe
[rank0]:[W508 17:56:24.731806034 TCPStore.cpp:106] [c10d] sendBytes failed on SocketImpl(fd=3, addr=[localhost]:60642, remote=[localhost]:29504): Broken pipe
Exception raised from sendBytes at /pytorch/torch/csrc/distributed/c10d/Utils.hpp:653 (most recent call first):
frame #0: c10::Error::Error(c10::SourceLocation, std::__cxx11::basic_string<char, std::char_traits<char>, std::allocator<char> >) + 0x98 (0x7d295f5785e8 in /home/ycyh/miniconda3/envs/LoRA/lib/python3.11/site-packages/torch/lib/libc10.so)
frame #1: <unknown function> + 0x5ba8b0e (0x7d29511a8b0e in /home/ycyh/miniconda3/envs/LoRA/lib/python3.11/site-packages/torch/lib/libtorch_cpu.so)
frame #2: <unknown function> + 0x5baa368 (0x7d29511aa368 in /home/ycyh/miniconda3/envs/LoRA/lib/python3.11/site-packages/torch/lib/libtorch_cpu.so)
frame #3: <unknown function> + 0x5babb4e (0x7d29511abb4e in /home/ycyh/miniconda3/envs/LoRA/lib/python3.11/site-packages/torch/lib/libtorch_cpu.so)
frame #4: c10d::TCPStore::check(std::vector<std::__cxx11::basic_string<char, std::char_traits<char>, std::allocator<char> >, std::allocator<std::__cxx11::basic_string<char, std::char_traits<char>, std::allocator<char> > > > const&) + 0x298 (0x7d29511a51a8 in /home/ycyh/miniconda3/envs/LoRA/lib/python3.11/site-packages/torch/lib/libtorch_cpu.so)
frame #5: c10d::ProcessGroupNCCL::heartbeatMonitor() + 0x379 (0x7d290d526729 in /home/ycyh/miniconda3/envs/LoRA/lib/python3.11/site-packages/torch/lib/libtorch_cuda.so)
frame #6: <unknown function> + 0xd828c (0x7d2a04eeb28c in /home/ycyh/miniconda3/envs/LoRA/bin/../lib/libstdc++.so.6)
frame #7: <unknown function> + 0x9caa4 (0x7d2a07a9caa4 in /lib/x86_64-linux-gnu/libc.so.6)
frame #8: <unknown function> + 0x129c6c (0x7d2a07b29c6c in /lib/x86_64-linux-gnu/libc.so.6)

[rank0]:[W508 17:56:24.737204715 ProcessGroupNCCL.cpp:1662] [PG ID 0 PG GUID 0(default_pg) Rank 0] Failed to check the "should dump" flag on TCPStore, (maybe TCPStore server has shut down too early), with error: Broken pipe
[rank0]:[W508 17:56:25.737404364 TCPStore.cpp:106] [c10d] sendBytes failed on SocketImpl(fd=3, addr=[localhost]:60642, remote=[localhost]:29504): Broken pipe
Exception raised from sendBytes at /pytorch/torch/csrc/distributed/c10d/Utils.hpp:653 (most recent call first):
frame #0: c10::Error::Error(c10::SourceLocation, std::__cxx11::basic_string<char, std::char_traits<char>, std::allocator<char> >) + 0x98 (0x7d295f5785e8 in /home/ycyh/miniconda3/envs/LoRA/lib/python3.11/site-packages/torch/lib/libc10.so)
frame #1: <unknown function> + 0x5ba8b0e (0x7d29511a8b0e in /home/ycyh/miniconda3/envs/LoRA/lib/python3.11/site-packages/torch/lib/libtorch_cpu.so)
frame #2: <unknown function> + 0x5baa368 (0x7d29511aa368 in /home/ycyh/miniconda3/envs/LoRA/lib/python3.11/site-packages/torch/lib/libtorch_cpu.so)
frame #3: <unknown function> + 0x5babb4e (0x7d29511abb4e in /home/ycyh/miniconda3/envs/LoRA/lib/python3.11/site-packages/torch/lib/libtorch_cpu.so)
frame #4: c10d::TCPStore::check(std::vector<std::__cxx11::basic_string<char, std::char_traits<char>, std::allocator<char> >, std::allocator<std::__cxx11::basic_string<char, std::char_traits<char>, std::allocator<char> > > > const&) + 0x298 (0x7d29511a51a8 in /home/ycyh/miniconda3/envs/LoRA/lib/python3.11/site-packages/torch/lib/libtorch_cpu.so)
frame #5: c10d::ProcessGroupNCCL::heartbeatMonitor() + 0x379 (0x7d290d526729 in /home/ycyh/miniconda3/envs/LoRA/lib/python3.11/site-packages/torch/lib/libtorch_cuda.so)
frame #6: <unknown function> + 0xd828c (0x7d2a04eeb28c in /home/ycyh/miniconda3/envs/LoRA/bin/../lib/libstdc++.so.6)
frame #7: <unknown function> + 0x9caa4 (0x7d2a07a9caa4 in /lib/x86_64-linux-gnu/libc.so.6)
frame #8: <unknown function> + 0x129c6c (0x7d2a07b29c6c in /lib/x86_64-linux-gnu/libc.so.6)

[rank0]:[W508 17:56:25.742681429 ProcessGroupNCCL.cpp:1662] [PG ID 0 PG GUID 0(default_pg) Rank 0] Failed to check the "should dump" flag on TCPStore, (maybe TCPStore server has shut down too early), with error: Broken pipe
[rank0]:[W508 17:56:27.742962816 TCPStore.cpp:106] [c10d] sendBytes failed on SocketImpl(fd=3, addr=[localhost]:60642, remote=[localhost]:29504): Broken pipe
Exception raised from sendBytes at /pytorch/torch/csrc/distributed/c10d/Utils.hpp:653 (most recent call first):
frame #0: c10::Error::Error(c10::SourceLocation, std::__cxx11::basic_string<char, std::char_traits<char>, std::allocator<char> >) + 0x98 (0x7d295f5785e8 in /home/ycyh/miniconda3/envs/LoRA/lib/python3.11/site-packages/torch/lib/libc10.so)
frame #1: <unknown function> + 0x5ba8b0e (0x7d29511a8b0e in /home/ycyh/miniconda3/envs/LoRA/lib/python3.11/site-packages/torch/lib/libtorch_cpu.so)
frame #2: <unknown function> + 0x5baa368 (0x7d29511aa368 in /home/ycyh/miniconda3/envs/LoRA/lib/python3.11/site-packages/torch/lib/libtorch_cpu.so)
frame #3: <unknown function> + 0x5babb4e (0x7d29511abb4e in /home/ycyh/miniconda3/envs/LoRA/lib/python3.11/site-packages/torch/lib/libtorch_cpu.so)
frame #4: c10d::TCPStore::check(std::vector<std::__cxx11::basic_string<char, std::char_traits<char>, std::allocator<char> >, std::allocator<std::__cxx11::basic_string<char, std::char_traits<char>, std::allocator<char> > > > const&) + 0x298 (0x7d29511a51a8 in /home/ycyh/miniconda3/envs/LoRA/lib/python3.11/site-packages/torch/lib/libtorch_cpu.so)
frame #5: c10d::ProcessGroupNCCL::heartbeatMonitor() + 0x379 (0x7d290d526729 in /home/ycyh/miniconda3/envs/LoRA/lib/python3.11/site-packages/torch/lib/libtorch_cuda.so)
frame #6: <unknown function> + 0xd828c (0x7d2a04eeb28c in /home/ycyh/miniconda3/envs/LoRA/bin/../lib/libstdc++.so.6)
frame #7: <unknown function> + 0x9caa4 (0x7d2a07a9caa4 in /lib/x86_64-linux-gnu/libc.so.6)
frame #8: <unknown function> + 0x129c6c (0x7d2a07b29c6c in /lib/x86_64-linux-gnu/libc.so.6)

[rank0]:[W508 17:56:27.748167565 ProcessGroupNCCL.cpp:1662] [PG ID 0 PG GUID 0(default_pg) Rank 0] Failed to check the "should dump" flag on TCPStore, (maybe TCPStore server has shut down too early), with error: Broken pipe
[rank0]:[W508 17:56:28.748364462 TCPStore.cpp:106] [c10d] sendBytes failed on SocketImpl(fd=3, addr=[localhost]:60642, remote=[localhost]:29504): Broken pipe
Exception raised from sendBytes at /pytorch/torch/csrc/distributed/c10d/Utils.hpp:653 (most recent call first):
frame #0: c10::Error::Error(c10::SourceLocation, std::__cxx11::basic_string<char, std::char_traits<char>, std::allocator<char> >) + 0x98 (0x7d295f5785e8 in /home/ycyh/miniconda3/envs/LoRA/lib/python3.11/site-packages/torch/lib/libc10.so)
frame #1: <unknown function> + 0x5ba8b0e (0x7d29511a8b0e in /home/ycyh/miniconda3/envs/LoRA/lib/python3.11/site-packages/torch/lib/libtorch_cpu.so)
frame #2: <unknown function> + 0x5baa368 (0x7d29511aa368 in /home/ycyh/miniconda3/envs/LoRA/lib/python3.11/site-packages/torch/lib/libtorch_cpu.so)
frame #3: <unknown function> + 0x5babb4e (0x7d29511abb4e in /home/ycyh/miniconda3/envs/LoRA/lib/python3.11/site-packages/torch/lib/libtorch_cpu.so)
frame #4: c10d::TCPStore::check(std::vector<std::__cxx11::basic_string<char, std::char_traits<char>, std::allocator<char> >, std::allocator<std::__cxx11::basic_string<char, std::char_traits<char>, std::allocator<char> > > > const&) + 0x298 (0x7d29511a51a8 in /home/ycyh/miniconda3/envs/LoRA/lib/python3.11/site-packages/torch/lib/libtorch_cpu.so)
frame #5: c10d::ProcessGroupNCCL::heartbeatMonitor() + 0x379 (0x7d290d526729 in /home/ycyh/miniconda3/envs/LoRA/lib/python3.11/site-packages/torch/lib/libtorch_cuda.so)
frame #6: <unknown function> + 0xd828c (0x7d2a04eeb28c in /home/ycyh/miniconda3/envs/LoRA/bin/../lib/libstdc++.so.6)
frame #7: <unknown function> + 0x9caa4 (0x7d2a07a9caa4 in /lib/x86_64-linux-gnu/libc.so.6)
frame #8: <unknown function> + 0x129c6c (0x7d2a07b29c6c in /lib/x86_64-linux-gnu/libc.so.6)

[rank0]:[W508 17:56:28.753685781 ProcessGroupNCCL.cpp:1662] [PG ID 0 PG GUID 0(default_pg) Rank 0] Failed to check the "should dump" flag on TCPStore, (maybe TCPStore server has shut down too early), with error: Broken pipe
[rank0]:[W508 17:56:29.753886065 TCPStore.cpp:106] [c10d] sendBytes failed on SocketImpl(fd=3, addr=[localhost]:60642, remote=[localhost]:29504): Broken pipe
Exception raised from sendBytes at /pytorch/torch/csrc/distributed/c10d/Utils.hpp:653 (most recent call first):
frame #0: c10::Error::Error(c10::SourceLocation, std::__cxx11::basic_string<char, std::char_traits<char>, std::allocator<char> >) + 0x98 (0x7d295f5785e8 in /home/ycyh/miniconda3/envs/LoRA/lib/python3.11/site-packages/torch/lib/libc10.so)
frame #1: <unknown function> + 0x5ba8b0e (0x7d29511a8b0e in /home/ycyh/miniconda3/envs/LoRA/lib/python3.11/site-packages/torch/lib/libtorch_cpu.so)
frame #2: <unknown function> + 0x5baa368 (0x7d29511aa368 in /home/ycyh/miniconda3/envs/LoRA/lib/python3.11/site-packages/torch/lib/libtorch_cpu.so)
frame #3: <unknown function> + 0x5babb4e (0x7d29511abb4e in /home/ycyh/miniconda3/envs/LoRA/lib/python3.11/site-packages/torch/lib/libtorch_cpu.so)
frame #4: c10d::TCPStore::check(std::vector<std::__cxx11::basic_string<char, std::char_traits<char>, std::allocator<char> >, std::allocator<std::__cxx11::basic_string<char, std::char_traits<char>, std::allocator<char> > > > const&) + 0x298 (0x7d29511a51a8 in /home/ycyh/miniconda3/envs/LoRA/lib/python3.11/site-packages/torch/lib/libtorch_cpu.so)
frame #5: c10d::ProcessGroupNCCL::heartbeatMonitor() + 0x379 (0x7d290d526729 in /home/ycyh/miniconda3/envs/LoRA/lib/python3.11/site-packages/torch/lib/libtorch_cuda.so)
frame #6: <unknown function> + 0xd828c (0x7d2a04eeb28c in /home/ycyh/miniconda3/envs/LoRA/bin/../lib/libstdc++.so.6)
frame #7: <unknown function> + 0x9caa4 (0x7d2a07a9caa4 in /lib/x86_64-linux-gnu/libc.so.6)
frame #8: <unknown function> + 0x129c6c (0x7d2a07b29c6c in /lib/x86_64-linux-gnu/libc.so.6)

[rank0]:[W508 17:56:29.759267738 ProcessGroupNCCL.cpp:1662] [PG ID 0 PG GUID 0(default_pg) Rank 0] Failed to check the "should dump" flag on TCPStore, (maybe TCPStore server has shut down too early), with error: Broken pipe
[rank0]:[W508 17:56:30.759466140 TCPStore.cpp:106] [c10d] sendBytes failed on SocketImpl(fd=3, addr=[localhost]:60642, remote=[localhost]:29504): Broken pipe
Exception raised from sendBytes at /pytorch/torch/csrc/distributed/c10d/Utils.hpp:653 (most recent call first):
frame #0: c10::Error::Error(c10::SourceLocation, std::__cxx11::basic_string<char, std::char_traits<char>, std::allocator<char> >) + 0x98 (0x7d295f5785e8 in /home/ycyh/miniconda3/envs/LoRA/lib/python3.11/site-packages/torch/lib/libc10.so)
frame #1: <unknown function> + 0x5ba8b0e (0x7d29511a8b0e in /home/ycyh/miniconda3/envs/LoRA/lib/python3.11/site-packages/torch/lib/libtorch_cpu.so)
frame #2: <unknown function> + 0x5baa368 (0x7d29511aa368 in /home/ycyh/miniconda3/envs/LoRA/lib/python3.11/site-packages/torch/lib/libtorch_cpu.so)
frame #3: <unknown function> + 0x5babb4e (0x7d29511abb4e in /home/ycyh/miniconda3/envs/LoRA/lib/python3.11/site-packages/torch/lib/libtorch_cpu.so)
frame #4: c10d::TCPStore::check(std::vector<std::__cxx11::basic_string<char, std::char_traits<char>, std::allocator<char> >, std::allocator<std::__cxx11::basic_string<char, std::char_traits<char>, std::allocator<char> > > > const&) + 0x298 (0x7d29511a51a8 in /home/ycyh/miniconda3/envs/LoRA/lib/python3.11/site-packages/torch/lib/libtorch_cpu.so)
frame #5: c10d::ProcessGroupNCCL::heartbeatMonitor() + 0x379 (0x7d290d526729 in /home/ycyh/miniconda3/envs/LoRA/lib/python3.11/site-packages/torch/lib/libtorch_cuda.so)
frame #6: <unknown function> + 0xd828c (0x7d2a04eeb28c in /home/ycyh/miniconda3/envs/LoRA/bin/../lib/libstdc++.so.6)
frame #7: <unknown function> + 0x9caa4 (0x7d2a07a9caa4 in /lib/x86_64-linux-gnu/libc.so.6)
frame #8: <unknown function> + 0x129c6c (0x7d2a07b29c6c in /lib/x86_64-linux-gnu/libc.so.6)

[rank0]:[W508 17:56:30.765713856 ProcessGroupNCCL.cpp:1662] [PG ID 0 PG GUID 0(default_pg) Rank 0] Failed to check the "should dump" flag on TCPStore, (maybe TCPStore server has shut down too early), with error: Broken pipe
[rank0]:[W508 17:56:31.765924680 TCPStore.cpp:106] [c10d] sendBytes failed on SocketImpl(fd=3, addr=[localhost]:60642, remote=[localhost]:29504): Broken pipe
Exception raised from sendBytes at /pytorch/torch/csrc/distributed/c10d/Utils.hpp:653 (most recent call first):
frame #0: c10::Error::Error(c10::SourceLocation, std::__cxx11::basic_string<char, std::char_traits<char>, std::allocator<char> >) + 0x98 (0x7d295f5785e8 in /home/ycyh/miniconda3/envs/LoRA/lib/python3.11/site-packages/torch/lib/libc10.so)
frame #1: <unknown function> + 0x5ba8b0e (0x7d29511a8b0e in /home/ycyh/miniconda3/envs/LoRA/lib/python3.11/site-packages/torch/lib/libtorch_cpu.so)
frame #2: <unknown function> + 0x5baa368 (0x7d29511aa368 in /home/ycyh/miniconda3/envs/LoRA/lib/python3.11/site-packages/torch/lib/libtorch_cpu.so)
frame #3: <unknown function> + 0x5babb4e (0x7d29511abb4e in /home/ycyh/miniconda3/envs/LoRA/lib/python3.11/site-packages/torch/lib/libtorch_cpu.so)
frame #4: c10d::TCPStore::check(std::vector<std::__cxx11::basic_string<char, std::char_traits<char>, std::allocator<char> >, std::allocator<std::__cxx11::basic_string<char, std::char_traits<char>, std::allocator<char> > > > const&) + 0x298 (0x7d29511a51a8 in /home/ycyh/miniconda3/envs/LoRA/lib/python3.11/site-packages/torch/lib/libtorch_cpu.so)
frame #5: c10d::ProcessGroupNCCL::heartbeatMonitor() + 0x379 (0x7d290d526729 in /home/ycyh/miniconda3/envs/LoRA/lib/python3.11/site-packages/torch/lib/libtorch_cuda.so)
frame #6: <unknown function> + 0xd828c (0x7d2a04eeb28c in /home/ycyh/miniconda3/envs/LoRA/bin/../lib/libstdc++.so.6)
frame #7: <unknown function> + 0x9caa4 (0x7d2a07a9caa4 in /lib/x86_64-linux-gnu/libc.so.6)
frame #8: <unknown function> + 0x129c6c (0x7d2a07b29c6c in /lib/x86_64-linux-gnu/libc.so.6)

[rank0]:[W508 17:56:31.771241391 ProcessGroupNCCL.cpp:1662] [PG ID 0 PG GUID 0(default_pg) Rank 0] Failed to check the "should dump" flag on TCPStore, (maybe TCPStore server has shut down too early), with error: Broken pipe
[rank0]:[W508 17:56:32.771451976 TCPStore.cpp:106] [c10d] sendBytes failed on SocketImpl(fd=3, addr=[localhost]:60642, remote=[localhost]:29504): Broken pipe
Exception raised from sendBytes at /pytorch/torch/csrc/distributed/c10d/Utils.hpp:653 (most recent call first):
frame #0: c10::Error::Error(c10::SourceLocation, std::__cxx11::basic_string<char, std::char_traits<char>, std::allocator<char> >) + 0x98 (0x7d295f5785e8 in /home/ycyh/miniconda3/envs/LoRA/lib/python3.11/site-packages/torch/lib/libc10.so)
frame #1: <unknown function> + 0x5ba8b0e (0x7d29511a8b0e in /home/ycyh/miniconda3/envs/LoRA/lib/python3.11/site-packages/torch/lib/libtorch_cpu.so)
frame #2: <unknown function> + 0x5baa368 (0x7d29511aa368 in /home/ycyh/miniconda3/envs/LoRA/lib/python3.11/site-packages/torch/lib/libtorch_cpu.so)
frame #3: <unknown function> + 0x5babb4e (0x7d29511abb4e in /home/ycyh/miniconda3/envs/LoRA/lib/python3.11/site-packages/torch/lib/libtorch_cpu.so)
frame #4: c10d::TCPStore::check(std::vector<std::__cxx11::basic_string<char, std::char_traits<char>, std::allocator<char> >, std::allocator<std::__cxx11::basic_string<char, std::char_traits<char>, std::allocator<char> > > > const&) + 0x298 (0x7d29511a51a8 in /home/ycyh/miniconda3/envs/LoRA/lib/python3.11/site-packages/torch/lib/libtorch_cpu.so)
frame #5: c10d::ProcessGroupNCCL::heartbeatMonitor() + 0x379 (0x7d290d526729 in /home/ycyh/miniconda3/envs/LoRA/lib/python3.11/site-packages/torch/lib/libtorch_cuda.so)
frame #6: <unknown function> + 0xd828c (0x7d2a04eeb28c in /home/ycyh/miniconda3/envs/LoRA/bin/../lib/libstdc++.so.6)
frame #7: <unknown function> + 0x9caa4 (0x7d2a07a9caa4 in /lib/x86_64-linux-gnu/libc.so.6)
frame #8: <unknown function> + 0x129c6c (0x7d2a07b29c6c in /lib/x86_64-linux-gnu/libc.so.6)

[rank0]:[W508 17:56:32.776625880 ProcessGroupNCCL.cpp:1662] [PG ID 0 PG GUID 0(default_pg) Rank 0] Failed to check the "should dump" flag on TCPStore, (maybe TCPStore server has shut down too early), with error: Broken pipe
[rank0]:[W508 17:56:33.776833597 TCPStore.cpp:106] [c10d] sendBytes failed on SocketImpl(fd=3, addr=[localhost]:60642, remote=[localhost]:29504): Broken pipe
Exception raised from sendBytes at /pytorch/torch/csrc/distributed/c10d/Utils.hpp:653 (most recent call first):
frame #0: c10::Error::Error(c10::SourceLocation, std::__cxx11::basic_string<char, std::char_traits<char>, std::allocator<char> >) + 0x98 (0x7d295f5785e8 in /home/ycyh/miniconda3/envs/LoRA/lib/python3.11/site-packages/torch/lib/libc10.so)
frame #1: <unknown function> + 0x5ba8b0e (0x7d29511a8b0e in /home/ycyh/miniconda3/envs/LoRA/lib/python3.11/site-packages/torch/lib/libtorch_cpu.so)
frame #2: <unknown function> + 0x5baa368 (0x7d29511aa368 in /home/ycyh/miniconda3/envs/LoRA/lib/python3.11/site-packages/torch/lib/libtorch_cpu.so)
frame #3: <unknown function> + 0x5babb4e (0x7d29511abb4e in /home/ycyh/miniconda3/envs/LoRA/lib/python3.11/site-packages/torch/lib/libtorch_cpu.so)
frame #4: c10d::TCPStore::check(std::vector<std::__cxx11::basic_string<char, std::char_traits<char>, std::allocator<char> >, std::allocator<std::__cxx11::basic_string<char, std::char_traits<char>, std::allocator<char> > > > const&) + 0x298 (0x7d29511a51a8 in /home/ycyh/miniconda3/envs/LoRA/lib/python3.11/site-packages/torch/lib/libtorch_cpu.so)
frame #5: c10d::ProcessGroupNCCL::heartbeatMonitor() + 0x379 (0x7d290d526729 in /home/ycyh/miniconda3/envs/LoRA/lib/python3.11/site-packages/torch/lib/libtorch_cuda.so)
frame #6: <unknown function> + 0xd828c (0x7d2a04eeb28c in /home/ycyh/miniconda3/envs/LoRA/bin/../lib/libstdc++.so.6)
frame #7: <unknown function> + 0x9caa4 (0x7d2a07a9caa4 in /lib/x86_64-linux-gnu/libc.so.6)
frame #8: <unknown function> + 0x129c6c (0x7d2a07b29c6c in /lib/x86_64-linux-gnu/libc.so.6)

[rank0]:[W508 17:56:33.782173119 ProcessGroupNCCL.cpp:1662] [PG ID 0 PG GUID 0(default_pg) Rank 0] Failed to check the "should dump" flag on TCPStore, (maybe TCPStore server has shut down too early), with error: Broken pipe
[rank0]:[W508 17:56:35.782452793 TCPStore.cpp:106] [c10d] sendBytes failed on SocketImpl(fd=3, addr=[localhost]:60642, remote=[localhost]:29504): Broken pipe
Exception raised from sendBytes at /pytorch/torch/csrc/distributed/c10d/Utils.hpp:653 (most recent call first):
frame #0: c10::Error::Error(c10::SourceLocation, std::__cxx11::basic_string<char, std::char_traits<char>, std::allocator<char> >) + 0x98 (0x7d295f5785e8 in /home/ycyh/miniconda3/envs/LoRA/lib/python3.11/site-packages/torch/lib/libc10.so)
frame #1: <unknown function> + 0x5ba8b0e (0x7d29511a8b0e in /home/ycyh/miniconda3/envs/LoRA/lib/python3.11/site-packages/torch/lib/libtorch_cpu.so)
frame #2: <unknown function> + 0x5baa368 (0x7d29511aa368 in /home/ycyh/miniconda3/envs/LoRA/lib/python3.11/site-packages/torch/lib/libtorch_cpu.so)
frame #3: <unknown function> + 0x5babb4e (0x7d29511abb4e in /home/ycyh/miniconda3/envs/LoRA/lib/python3.11/site-packages/torch/lib/libtorch_cpu.so)
frame #4: c10d::TCPStore::check(std::vector<std::__cxx11::basic_string<char, std::char_traits<char>, std::allocator<char> >, std::allocator<std::__cxx11::basic_string<char, std::char_traits<char>, std::allocator<char> > > > const&) + 0x298 (0x7d29511a51a8 in /home/ycyh/miniconda3/envs/LoRA/lib/python3.11/site-packages/torch/lib/libtorch_cpu.so)
frame #5: c10d::ProcessGroupNCCL::heartbeatMonitor() + 0x379 (0x7d290d526729 in /home/ycyh/miniconda3/envs/LoRA/lib/python3.11/site-packages/torch/lib/libtorch_cuda.so)
frame #6: <unknown function> + 0xd828c (0x7d2a04eeb28c in /home/ycyh/miniconda3/envs/LoRA/bin/../lib/libstdc++.so.6)
frame #7: <unknown function> + 0x9caa4 (0x7d2a07a9caa4 in /lib/x86_64-linux-gnu/libc.so.6)
frame #8: <unknown function> + 0x129c6c (0x7d2a07b29c6c in /lib/x86_64-linux-gnu/libc.so.6)

[rank0]:[W508 17:56:35.787871382 ProcessGroupNCCL.cpp:1662] [PG ID 0 PG GUID 0(default_pg) Rank 0] Failed to check the "should dump" flag on TCPStore, (maybe TCPStore server has shut down too early), with error: Broken pipe
[rank0]:[W508 17:56:36.788079943 TCPStore.cpp:106] [c10d] sendBytes failed on SocketImpl(fd=3, addr=[localhost]:60642, remote=[localhost]:29504): Broken pipe
Exception raised from sendBytes at /pytorch/torch/csrc/distributed/c10d/Utils.hpp:653 (most recent call first):
frame #0: c10::Error::Error(c10::SourceLocation, std::__cxx11::basic_string<char, std::char_traits<char>, std::allocator<char> >) + 0x98 (0x7d295f5785e8 in /home/ycyh/miniconda3/envs/LoRA/lib/python3.11/site-packages/torch/lib/libc10.so)
frame #1: <unknown function> + 0x5ba8b0e (0x7d29511a8b0e in /home/ycyh/miniconda3/envs/LoRA/lib/python3.11/site-packages/torch/lib/libtorch_cpu.so)
frame #2: <unknown function> + 0x5baa368 (0x7d29511aa368 in /home/ycyh/miniconda3/envs/LoRA/lib/python3.11/site-packages/torch/lib/libtorch_cpu.so)
frame #3: <unknown function> + 0x5babb4e (0x7d29511abb4e in /home/ycyh/miniconda3/envs/LoRA/lib/python3.11/site-packages/torch/lib/libtorch_cpu.so)
frame #4: c10d::TCPStore::check(std::vector<std::__cxx11::basic_string<char, std::char_traits<char>, std::allocator<char> >, std::allocator<std::__cxx11::basic_string<char, std::char_traits<char>, std::allocator<char> > > > const&) + 0x298 (0x7d29511a51a8 in /home/ycyh/miniconda3/envs/LoRA/lib/python3.11/site-packages/torch/lib/libtorch_cpu.so)
frame #5: c10d::ProcessGroupNCCL::heartbeatMonitor() + 0x379 (0x7d290d526729 in /home/ycyh/miniconda3/envs/LoRA/lib/python3.11/site-packages/torch/lib/libtorch_cuda.so)
frame #6: <unknown function> + 0xd828c (0x7d2a04eeb28c in /home/ycyh/miniconda3/envs/LoRA/bin/../lib/libstdc++.so.6)
frame #7: <unknown function> + 0x9caa4 (0x7d2a07a9caa4 in /lib/x86_64-linux-gnu/libc.so.6)
frame #8: <unknown function> + 0x129c6c (0x7d2a07b29c6c in /lib/x86_64-linux-gnu/libc.so.6)

[rank0]:[W508 17:56:36.796448576 ProcessGroupNCCL.cpp:1662] [PG ID 0 PG GUID 0(default_pg) Rank 0] Failed to check the "should dump" flag on TCPStore, (maybe TCPStore server has shut down too early), with error: Broken pipe
[rank0]:[W508 17:56:38.796729877 TCPStore.cpp:106] [c10d] sendBytes failed on SocketImpl(fd=3, addr=[localhost]:60642, remote=[localhost]:29504): Broken pipe
Exception raised from sendBytes at /pytorch/torch/csrc/distributed/c10d/Utils.hpp:653 (most recent call first):
frame #0: c10::Error::Error(c10::SourceLocation, std::__cxx11::basic_string<char, std::char_traits<char>, std::allocator<char> >) + 0x98 (0x7d295f5785e8 in /home/ycyh/miniconda3/envs/LoRA/lib/python3.11/site-packages/torch/lib/libc10.so)
frame #1: <unknown function> + 0x5ba8b0e (0x7d29511a8b0e in /home/ycyh/miniconda3/envs/LoRA/lib/python3.11/site-packages/torch/lib/libtorch_cpu.so)
frame #2: <unknown function> + 0x5baa368 (0x7d29511aa368 in /home/ycyh/miniconda3/envs/LoRA/lib/python3.11/site-packages/torch/lib/libtorch_cpu.so)
frame #3: <unknown function> + 0x5babb4e (0x7d29511abb4e in /home/ycyh/miniconda3/envs/LoRA/lib/python3.11/site-packages/torch/lib/libtorch_cpu.so)
frame #4: c10d::TCPStore::check(std::vector<std::__cxx11::basic_string<char, std::char_traits<char>, std::allocator<char> >, std::allocator<std::__cxx11::basic_string<char, std::char_traits<char>, std::allocator<char> > > > const&) + 0x298 (0x7d29511a51a8 in /home/ycyh/miniconda3/envs/LoRA/lib/python3.11/site-packages/torch/lib/libtorch_cpu.so)
frame #5: c10d::ProcessGroupNCCL::heartbeatMonitor() + 0x379 (0x7d290d526729 in /home/ycyh/miniconda3/envs/LoRA/lib/python3.11/site-packages/torch/lib/libtorch_cuda.so)
frame #6: <unknown function> + 0xd828c (0x7d2a04eeb28c in /home/ycyh/miniconda3/envs/LoRA/bin/../lib/libstdc++.so.6)
frame #7: <unknown function> + 0x9caa4 (0x7d2a07a9caa4 in /lib/x86_64-linux-gnu/libc.so.6)
frame #8: <unknown function> + 0x129c6c (0x7d2a07b29c6c in /lib/x86_64-linux-gnu/libc.so.6)

[rank0]:[W508 17:56:38.802031797 ProcessGroupNCCL.cpp:1662] [PG ID 0 PG GUID 0(default_pg) Rank 0] Failed to check the "should dump" flag on TCPStore, (maybe TCPStore server has shut down too early), with error: Broken pipe
[rank0]:[W508 17:56:39.802222277 TCPStore.cpp:106] [c10d] sendBytes failed on SocketImpl(fd=3, addr=[localhost]:60642, remote=[localhost]:29504): Broken pipe
Exception raised from sendBytes at /pytorch/torch/csrc/distributed/c10d/Utils.hpp:653 (most recent call first):
frame #0: c10::Error::Error(c10::SourceLocation, std::__cxx11::basic_string<char, std::char_traits<char>, std::allocator<char> >) + 0x98 (0x7d295f5785e8 in /home/ycyh/miniconda3/envs/LoRA/lib/python3.11/site-packages/torch/lib/libc10.so)
frame #1: <unknown function> + 0x5ba8b0e (0x7d29511a8b0e in /home/ycyh/miniconda3/envs/LoRA/lib/python3.11/site-packages/torch/lib/libtorch_cpu.so)
frame #2: <unknown function> + 0x5baa368 (0x7d29511aa368 in /home/ycyh/miniconda3/envs/LoRA/lib/python3.11/site-packages/torch/lib/libtorch_cpu.so)
frame #3: <unknown function> + 0x5babb4e (0x7d29511abb4e in /home/ycyh/miniconda3/envs/LoRA/lib/python3.11/site-packages/torch/lib/libtorch_cpu.so)
frame #4: c10d::TCPStore::check(std::vector<std::__cxx11::basic_string<char, std::char_traits<char>, std::allocator<char> >, std::allocator<std::__cxx11::basic_string<char, std::char_traits<char>, std::allocator<char> > > > const&) + 0x298 (0x7d29511a51a8 in /home/ycyh/miniconda3/envs/LoRA/lib/python3.11/site-packages/torch/lib/libtorch_cpu.so)
frame #5: c10d::ProcessGroupNCCL::heartbeatMonitor() + 0x379 (0x7d290d526729 in /home/ycyh/miniconda3/envs/LoRA/lib/python3.11/site-packages/torch/lib/libtorch_cuda.so)
frame #6: <unknown function> + 0xd828c (0x7d2a04eeb28c in /home/ycyh/miniconda3/envs/LoRA/bin/../lib/libstdc++.so.6)
frame #7: <unknown function> + 0x9caa4 (0x7d2a07a9caa4 in /lib/x86_64-linux-gnu/libc.so.6)
frame #8: <unknown function> + 0x129c6c (0x7d2a07b29c6c in /lib/x86_64-linux-gnu/libc.so.6)

[rank0]:[W508 17:56:39.807419946 ProcessGroupNCCL.cpp:1662] [PG ID 0 PG GUID 0(default_pg) Rank 0] Failed to check the "should dump" flag on TCPStore, (maybe TCPStore server has shut down too early), with error: Broken pipe
[rank0]:[W508 17:56:40.807621158 TCPStore.cpp:106] [c10d] sendBytes failed on SocketImpl(fd=3, addr=[localhost]:60642, remote=[localhost]:29504): Broken pipe
Exception raised from sendBytes at /pytorch/torch/csrc/distributed/c10d/Utils.hpp:653 (most recent call first):
frame #0: c10::Error::Error(c10::SourceLocation, std::__cxx11::basic_string<char, std::char_traits<char>, std::allocator<char> >) + 0x98 (0x7d295f5785e8 in /home/ycyh/miniconda3/envs/LoRA/lib/python3.11/site-packages/torch/lib/libc10.so)
frame #1: <unknown function> + 0x5ba8b0e (0x7d29511a8b0e in /home/ycyh/miniconda3/envs/LoRA/lib/python3.11/site-packages/torch/lib/libtorch_cpu.so)
frame #2: <unknown function> + 0x5baa368 (0x7d29511aa368 in /home/ycyh/miniconda3/envs/LoRA/lib/python3.11/site-packages/torch/lib/libtorch_cpu.so)
frame #3: <unknown function> + 0x5babb4e (0x7d29511abb4e in /home/ycyh/miniconda3/envs/LoRA/lib/python3.11/site-packages/torch/lib/libtorch_cpu.so)
frame #4: c10d::TCPStore::check(std::vector<std::__cxx11::basic_string<char, std::char_traits<char>, std::allocator<char> >, std::allocator<std::__cxx11::basic_string<char, std::char_traits<char>, std::allocator<char> > > > const&) + 0x298 (0x7d29511a51a8 in /home/ycyh/miniconda3/envs/LoRA/lib/python3.11/site-packages/torch/lib/libtorch_cpu.so)
frame #5: c10d::ProcessGroupNCCL::heartbeatMonitor() + 0x379 (0x7d290d526729 in /home/ycyh/miniconda3/envs/LoRA/lib/python3.11/site-packages/torch/lib/libtorch_cuda.so)
frame #6: <unknown function> + 0xd828c (0x7d2a04eeb28c in /home/ycyh/miniconda3/envs/LoRA/bin/../lib/libstdc++.so.6)
frame #7: <unknown function> + 0x9caa4 (0x7d2a07a9caa4 in /lib/x86_64-linux-gnu/libc.so.6)
frame #8: <unknown function> + 0x129c6c (0x7d2a07b29c6c in /lib/x86_64-linux-gnu/libc.so.6)

[rank0]:[W508 17:56:40.812974199 ProcessGroupNCCL.cpp:1662] [PG ID 0 PG GUID 0(default_pg) Rank 0] Failed to check the "should dump" flag on TCPStore, (maybe TCPStore server has shut down too early), with error: Broken pipe
[rank0]:[W508 17:56:41.813133030 TCPStore.cpp:106] [c10d] sendBytes failed on SocketImpl(fd=3, addr=[localhost]:60642, remote=[localhost]:29504): Broken pipe
Exception raised from sendBytes at /pytorch/torch/csrc/distributed/c10d/Utils.hpp:653 (most recent call first):
frame #0: c10::Error::Error(c10::SourceLocation, std::__cxx11::basic_string<char, std::char_traits<char>, std::allocator<char> >) + 0x98 (0x7d295f5785e8 in /home/ycyh/miniconda3/envs/LoRA/lib/python3.11/site-packages/torch/lib/libc10.so)
frame #1: <unknown function> + 0x5ba8b0e (0x7d29511a8b0e in /home/ycyh/miniconda3/envs/LoRA/lib/python3.11/site-packages/torch/lib/libtorch_cpu.so)
frame #2: <unknown function> + 0x5baa368 (0x7d29511aa368 in /home/ycyh/miniconda3/envs/LoRA/lib/python3.11/site-packages/torch/lib/libtorch_cpu.so)
frame #3: <unknown function> + 0x5babb4e (0x7d29511abb4e in /home/ycyh/miniconda3/envs/LoRA/lib/python3.11/site-packages/torch/lib/libtorch_cpu.so)
frame #4: c10d::TCPStore::check(std::vector<std::__cxx11::basic_string<char, std::char_traits<char>, std::allocator<char> >, std::allocator<std::__cxx11::basic_string<char, std::char_traits<char>, std::allocator<char> > > > const&) + 0x298 (0x7d29511a51a8 in /home/ycyh/miniconda3/envs/LoRA/lib/python3.11/site-packages/torch/lib/libtorch_cpu.so)
frame #5: c10d::ProcessGroupNCCL::heartbeatMonitor() + 0x379 (0x7d290d526729 in /home/ycyh/miniconda3/envs/LoRA/lib/python3.11/site-packages/torch/lib/libtorch_cuda.so)
frame #6: <unknown function> + 0xd828c (0x7d2a04eeb28c in /home/ycyh/miniconda3/envs/LoRA/bin/../lib/libstdc++.so.6)
frame #7: <unknown function> + 0x9caa4 (0x7d2a07a9caa4 in /lib/x86_64-linux-gnu/libc.so.6)
frame #8: <unknown function> + 0x129c6c (0x7d2a07b29c6c in /lib/x86_64-linux-gnu/libc.so.6)

[rank0]:[W508 17:56:41.818373077 ProcessGroupNCCL.cpp:1662] [PG ID 0 PG GUID 0(default_pg) Rank 0] Failed to check the "should dump" flag on TCPStore, (maybe TCPStore server has shut down too early), with error: Broken pipe
[rank0]:[W508 17:56:42.818576008 TCPStore.cpp:106] [c10d] sendBytes failed on SocketImpl(fd=3, addr=[localhost]:60642, remote=[localhost]:29504): Broken pipe
Exception raised from sendBytes at /pytorch/torch/csrc/distributed/c10d/Utils.hpp:653 (most recent call first):
frame #0: c10::Error::Error(c10::SourceLocation, std::__cxx11::basic_string<char, std::char_traits<char>, std::allocator<char> >) + 0x98 (0x7d295f5785e8 in /home/ycyh/miniconda3/envs/LoRA/lib/python3.11/site-packages/torch/lib/libc10.so)
frame #1: <unknown function> + 0x5ba8b0e (0x7d29511a8b0e in /home/ycyh/miniconda3/envs/LoRA/lib/python3.11/site-packages/torch/lib/libtorch_cpu.so)
frame #2: <unknown function> + 0x5baa368 (0x7d29511aa368 in /home/ycyh/miniconda3/envs/LoRA/lib/python3.11/site-packages/torch/lib/libtorch_cpu.so)
frame #3: <unknown function> + 0x5babb4e (0x7d29511abb4e in /home/ycyh/miniconda3/envs/LoRA/lib/python3.11/site-packages/torch/lib/libtorch_cpu.so)
frame #4: c10d::TCPStore::check(std::vector<std::__cxx11::basic_string<char, std::char_traits<char>, std::allocator<char> >, std::allocator<std::__cxx11::basic_string<char, std::char_traits<char>, std::allocator<char> > > > const&) + 0x298 (0x7d29511a51a8 in /home/ycyh/miniconda3/envs/LoRA/lib/python3.11/site-packages/torch/lib/libtorch_cpu.so)
frame #5: c10d::ProcessGroupNCCL::heartbeatMonitor() + 0x379 (0x7d290d526729 in /home/ycyh/miniconda3/envs/LoRA/lib/python3.11/site-packages/torch/lib/libtorch_cuda.so)
frame #6: <unknown function> + 0xd828c (0x7d2a04eeb28c in /home/ycyh/miniconda3/envs/LoRA/bin/../lib/libstdc++.so.6)
frame #7: <unknown function> + 0x9caa4 (0x7d2a07a9caa4 in /lib/x86_64-linux-gnu/libc.so.6)
frame #8: <unknown function> + 0x129c6c (0x7d2a07b29c6c in /lib/x86_64-linux-gnu/libc.so.6)

[rank0]:[W508 17:56:42.823800747 ProcessGroupNCCL.cpp:1662] [PG ID 0 PG GUID 0(default_pg) Rank 0] Failed to check the "should dump" flag on TCPStore, (maybe TCPStore server has shut down too early), with error: Broken pipe
[rank0]:[W508 17:56:43.823995936 TCPStore.cpp:106] [c10d] sendBytes failed on SocketImpl(fd=3, addr=[localhost]:60642, remote=[localhost]:29504): Broken pipe
Exception raised from sendBytes at /pytorch/torch/csrc/distributed/c10d/Utils.hpp:653 (most recent call first):
frame #0: c10::Error::Error(c10::SourceLocation, std::__cxx11::basic_string<char, std::char_traits<char>, std::allocator<char> >) + 0x98 (0x7d295f5785e8 in /home/ycyh/miniconda3/envs/LoRA/lib/python3.11/site-packages/torch/lib/libc10.so)
frame #1: <unknown function> + 0x5ba8b0e (0x7d29511a8b0e in /home/ycyh/miniconda3/envs/LoRA/lib/python3.11/site-packages/torch/lib/libtorch_cpu.so)
frame #2: <unknown function> + 0x5baa368 (0x7d29511aa368 in /home/ycyh/miniconda3/envs/LoRA/lib/python3.11/site-packages/torch/lib/libtorch_cpu.so)
frame #3: <unknown function> + 0x5babb4e (0x7d29511abb4e in /home/ycyh/miniconda3/envs/LoRA/lib/python3.11/site-packages/torch/lib/libtorch_cpu.so)
frame #4: c10d::TCPStore::check(std::vector<std::__cxx11::basic_string<char, std::char_traits<char>, std::allocator<char> >, std::allocator<std::__cxx11::basic_string<char, std::char_traits<char>, std::allocator<char> > > > const&) + 0x298 (0x7d29511a51a8 in /home/ycyh/miniconda3/envs/LoRA/lib/python3.11/site-packages/torch/lib/libtorch_cpu.so)
frame #5: c10d::ProcessGroupNCCL::heartbeatMonitor() + 0x379 (0x7d290d526729 in /home/ycyh/miniconda3/envs/LoRA/lib/python3.11/site-packages/torch/lib/libtorch_cuda.so)
frame #6: <unknown function> + 0xd828c (0x7d2a04eeb28c in /home/ycyh/miniconda3/envs/LoRA/bin/../lib/libstdc++.so.6)
frame #7: <unknown function> + 0x9caa4 (0x7d2a07a9caa4 in /lib/x86_64-linux-gnu/libc.so.6)
frame #8: <unknown function> + 0x129c6c (0x7d2a07b29c6c in /lib/x86_64-linux-gnu/libc.so.6)

[rank0]:[W508 17:56:43.829205747 ProcessGroupNCCL.cpp:1662] [PG ID 0 PG GUID 0(default_pg) Rank 0] Failed to check the "should dump" flag on TCPStore, (maybe TCPStore server has shut down too early), with error: Broken pipe
[rank0]:[W508 17:56:44.829402412 TCPStore.cpp:106] [c10d] sendBytes failed on SocketImpl(fd=3, addr=[localhost]:60642, remote=[localhost]:29504): Broken pipe
Exception raised from sendBytes at /pytorch/torch/csrc/distributed/c10d/Utils.hpp:653 (most recent call first):
frame #0: c10::Error::Error(c10::SourceLocation, std::__cxx11::basic_string<char, std::char_traits<char>, std::allocator<char> >) + 0x98 (0x7d295f5785e8 in /home/ycyh/miniconda3/envs/LoRA/lib/python3.11/site-packages/torch/lib/libc10.so)
frame #1: <unknown function> + 0x5ba8b0e (0x7d29511a8b0e in /home/ycyh/miniconda3/envs/LoRA/lib/python3.11/site-packages/torch/lib/libtorch_cpu.so)
frame #2: <unknown function> + 0x5baa368 (0x7d29511aa368 in /home/ycyh/miniconda3/envs/LoRA/lib/python3.11/site-packages/torch/lib/libtorch_cpu.so)
frame #3: <unknown function> + 0x5babb4e (0x7d29511abb4e in /home/ycyh/miniconda3/envs/LoRA/lib/python3.11/site-packages/torch/lib/libtorch_cpu.so)
frame #4: c10d::TCPStore::check(std::vector<std::__cxx11::basic_string<char, std::char_traits<char>, std::allocator<char> >, std::allocator<std::__cxx11::basic_string<char, std::char_traits<char>, std::allocator<char> > > > const&) + 0x298 (0x7d29511a51a8 in /home/ycyh/miniconda3/envs/LoRA/lib/python3.11/site-packages/torch/lib/libtorch_cpu.so)
frame #5: c10d::ProcessGroupNCCL::heartbeatMonitor() + 0x379 (0x7d290d526729 in /home/ycyh/miniconda3/envs/LoRA/lib/python3.11/site-packages/torch/lib/libtorch_cuda.so)
frame #6: <unknown function> + 0xd828c (0x7d2a04eeb28c in /home/ycyh/miniconda3/envs/LoRA/bin/../lib/libstdc++.so.6)
frame #7: <unknown function> + 0x9caa4 (0x7d2a07a9caa4 in /lib/x86_64-linux-gnu/libc.so.6)
frame #8: <unknown function> + 0x129c6c (0x7d2a07b29c6c in /lib/x86_64-linux-gnu/libc.so.6)

[rank0]:[W508 17:56:44.834626412 ProcessGroupNCCL.cpp:1662] [PG ID 0 PG GUID 0(default_pg) Rank 0] Failed to check the "should dump" flag on TCPStore, (maybe TCPStore server has shut down too early), with error: Broken pipe
[rank0]:[W508 17:56:46.834908804 TCPStore.cpp:106] [c10d] sendBytes failed on SocketImpl(fd=3, addr=[localhost]:60642, remote=[localhost]:29504): Broken pipe
Exception raised from sendBytes at /pytorch/torch/csrc/distributed/c10d/Utils.hpp:653 (most recent call first):
frame #0: c10::Error::Error(c10::SourceLocation, std::__cxx11::basic_string<char, std::char_traits<char>, std::allocator<char> >) + 0x98 (0x7d295f5785e8 in /home/ycyh/miniconda3/envs/LoRA/lib/python3.11/site-packages/torch/lib/libc10.so)
frame #1: <unknown function> + 0x5ba8b0e (0x7d29511a8b0e in /home/ycyh/miniconda3/envs/LoRA/lib/python3.11/site-packages/torch/lib/libtorch_cpu.so)
frame #2: <unknown function> + 0x5baa368 (0x7d29511aa368 in /home/ycyh/miniconda3/envs/LoRA/lib/python3.11/site-packages/torch/lib/libtorch_cpu.so)
frame #3: <unknown function> + 0x5babb4e (0x7d29511abb4e in /home/ycyh/miniconda3/envs/LoRA/lib/python3.11/site-packages/torch/lib/libtorch_cpu.so)
frame #4: c10d::TCPStore::check(std::vector<std::__cxx11::basic_string<char, std::char_traits<char>, std::allocator<char> >, std::allocator<std::__cxx11::basic_string<char, std::char_traits<char>, std::allocator<char> > > > const&) + 0x298 (0x7d29511a51a8 in /home/ycyh/miniconda3/envs/LoRA/lib/python3.11/site-packages/torch/lib/libtorch_cpu.so)
frame #5: c10d::ProcessGroupNCCL::heartbeatMonitor() + 0x379 (0x7d290d526729 in /home/ycyh/miniconda3/envs/LoRA/lib/python3.11/site-packages/torch/lib/libtorch_cuda.so)
frame #6: <unknown function> + 0xd828c (0x7d2a04eeb28c in /home/ycyh/miniconda3/envs/LoRA/bin/../lib/libstdc++.so.6)
frame #7: <unknown function> + 0x9caa4 (0x7d2a07a9caa4 in /lib/x86_64-linux-gnu/libc.so.6)
frame #8: <unknown function> + 0x129c6c (0x7d2a07b29c6c in /lib/x86_64-linux-gnu/libc.so.6)

[rank0]:[W508 17:56:46.840131879 ProcessGroupNCCL.cpp:1662] [PG ID 0 PG GUID 0(default_pg) Rank 0] Failed to check the "should dump" flag on TCPStore, (maybe TCPStore server has shut down too early), with error: Broken pipe
[rank0]:[W508 17:56:48.840411291 TCPStore.cpp:106] [c10d] sendBytes failed on SocketImpl(fd=3, addr=[localhost]:60642, remote=[localhost]:29504): Broken pipe
Exception raised from sendBytes at /pytorch/torch/csrc/distributed/c10d/Utils.hpp:653 (most recent call first):
frame #0: c10::Error::Error(c10::SourceLocation, std::__cxx11::basic_string<char, std::char_traits<char>, std::allocator<char> >) + 0x98 (0x7d295f5785e8 in /home/ycyh/miniconda3/envs/LoRA/lib/python3.11/site-packages/torch/lib/libc10.so)
frame #1: <unknown function> + 0x5ba8b0e (0x7d29511a8b0e in /home/ycyh/miniconda3/envs/LoRA/lib/python3.11/site-packages/torch/lib/libtorch_cpu.so)
frame #2: <unknown function> + 0x5baa368 (0x7d29511aa368 in /home/ycyh/miniconda3/envs/LoRA/lib/python3.11/site-packages/torch/lib/libtorch_cpu.so)
frame #3: <unknown function> + 0x5babb4e (0x7d29511abb4e in /home/ycyh/miniconda3/envs/LoRA/lib/python3.11/site-packages/torch/lib/libtorch_cpu.so)
frame #4: c10d::TCPStore::check(std::vector<std::__cxx11::basic_string<char, std::char_traits<char>, std::allocator<char> >, std::allocator<std::__cxx11::basic_string<char, std::char_traits<char>, std::allocator<char> > > > const&) + 0x298 (0x7d29511a51a8 in /home/ycyh/miniconda3/envs/LoRA/lib/python3.11/site-packages/torch/lib/libtorch_cpu.so)
frame #5: c10d::ProcessGroupNCCL::heartbeatMonitor() + 0x379 (0x7d290d526729 in /home/ycyh/miniconda3/envs/LoRA/lib/python3.11/site-packages/torch/lib/libtorch_cuda.so)
frame #6: <unknown function> + 0xd828c (0x7d2a04eeb28c in /home/ycyh/miniconda3/envs/LoRA/bin/../lib/libstdc++.so.6)
frame #7: <unknown function> + 0x9caa4 (0x7d2a07a9caa4 in /lib/x86_64-linux-gnu/libc.so.6)
frame #8: <unknown function> + 0x129c6c (0x7d2a07b29c6c in /lib/x86_64-linux-gnu/libc.so.6)

[rank0]:[W508 17:56:48.845850164 ProcessGroupNCCL.cpp:1662] [PG ID 0 PG GUID 0(default_pg) Rank 0] Failed to check the "should dump" flag on TCPStore, (maybe TCPStore server has shut down too early), with error: Broken pipe
[rank0]:[W508 17:56:49.846059837 TCPStore.cpp:106] [c10d] sendBytes failed on SocketImpl(fd=3, addr=[localhost]:60642, remote=[localhost]:29504): Broken pipe
Exception raised from sendBytes at /pytorch/torch/csrc/distributed/c10d/Utils.hpp:653 (most recent call first):
frame #0: c10::Error::Error(c10::SourceLocation, std::__cxx11::basic_string<char, std::char_traits<char>, std::allocator<char> >) + 0x98 (0x7d295f5785e8 in /home/ycyh/miniconda3/envs/LoRA/lib/python3.11/site-packages/torch/lib/libc10.so)
frame #1: <unknown function> + 0x5ba8b0e (0x7d29511a8b0e in /home/ycyh/miniconda3/envs/LoRA/lib/python3.11/site-packages/torch/lib/libtorch_cpu.so)
frame #2: <unknown function> + 0x5baa368 (0x7d29511aa368 in /home/ycyh/miniconda3/envs/LoRA/lib/python3.11/site-packages/torch/lib/libtorch_cpu.so)
frame #3: <unknown function> + 0x5babb4e (0x7d29511abb4e in /home/ycyh/miniconda3/envs/LoRA/lib/python3.11/site-packages/torch/lib/libtorch_cpu.so)
frame #4: c10d::TCPStore::check(std::vector<std::__cxx11::basic_string<char, std::char_traits<char>, std::allocator<char> >, std::allocator<std::__cxx11::basic_string<char, std::char_traits<char>, std::allocator<char> > > > const&) + 0x298 (0x7d29511a51a8 in /home/ycyh/miniconda3/envs/LoRA/lib/python3.11/site-packages/torch/lib/libtorch_cpu.so)
frame #5: c10d::ProcessGroupNCCL::heartbeatMonitor() + 0x379 (0x7d290d526729 in /home/ycyh/miniconda3/envs/LoRA/lib/python3.11/site-packages/torch/lib/libtorch_cuda.so)
frame #6: <unknown function> + 0xd828c (0x7d2a04eeb28c in /home/ycyh/miniconda3/envs/LoRA/bin/../lib/libstdc++.so.6)
frame #7: <unknown function> + 0x9caa4 (0x7d2a07a9caa4 in /lib/x86_64-linux-gnu/libc.so.6)
frame #8: <unknown function> + 0x129c6c (0x7d2a07b29c6c in /lib/x86_64-linux-gnu/libc.so.6)

[rank0]:[W508 17:56:49.851387423 ProcessGroupNCCL.cpp:1662] [PG ID 0 PG GUID 0(default_pg) Rank 0] Failed to check the "should dump" flag on TCPStore, (maybe TCPStore server has shut down too early), with error: Broken pipe
[rank0]:[W508 17:56:51.851669831 TCPStore.cpp:106] [c10d] sendBytes failed on SocketImpl(fd=3, addr=[localhost]:60642, remote=[localhost]:29504): Broken pipe
Exception raised from sendBytes at /pytorch/torch/csrc/distributed/c10d/Utils.hpp:653 (most recent call first):
frame #0: c10::Error::Error(c10::SourceLocation, std::__cxx11::basic_string<char, std::char_traits<char>, std::allocator<char> >) + 0x98 (0x7d295f5785e8 in /home/ycyh/miniconda3/envs/LoRA/lib/python3.11/site-packages/torch/lib/libc10.so)
frame #1: <unknown function> + 0x5ba8b0e (0x7d29511a8b0e in /home/ycyh/miniconda3/envs/LoRA/lib/python3.11/site-packages/torch/lib/libtorch_cpu.so)
frame #2: <unknown function> + 0x5baa368 (0x7d29511aa368 in /home/ycyh/miniconda3/envs/LoRA/lib/python3.11/site-packages/torch/lib/libtorch_cpu.so)
frame #3: <unknown function> + 0x5babb4e (0x7d29511abb4e in /home/ycyh/miniconda3/envs/LoRA/lib/python3.11/site-packages/torch/lib/libtorch_cpu.so)
frame #4: c10d::TCPStore::check(std::vector<std::__cxx11::basic_string<char, std::char_traits<char>, std::allocator<char> >, std::allocator<std::__cxx11::basic_string<char, std::char_traits<char>, std::allocator<char> > > > const&) + 0x298 (0x7d29511a51a8 in /home/ycyh/miniconda3/envs/LoRA/lib/python3.11/site-packages/torch/lib/libtorch_cpu.so)
frame #5: c10d::ProcessGroupNCCL::heartbeatMonitor() + 0x379 (0x7d290d526729 in /home/ycyh/miniconda3/envs/LoRA/lib/python3.11/site-packages/torch/lib/libtorch_cuda.so)
frame #6: <unknown function> + 0xd828c (0x7d2a04eeb28c in /home/ycyh/miniconda3/envs/LoRA/bin/../lib/libstdc++.so.6)
frame #7: <unknown function> + 0x9caa4 (0x7d2a07a9caa4 in /lib/x86_64-linux-gnu/libc.so.6)
frame #8: <unknown function> + 0x129c6c (0x7d2a07b29c6c in /lib/x86_64-linux-gnu/libc.so.6)

[rank0]:[W508 17:56:51.856823869 ProcessGroupNCCL.cpp:1662] [PG ID 0 PG GUID 0(default_pg) Rank 0] Failed to check the "should dump" flag on TCPStore, (maybe TCPStore server has shut down too early), with error: Broken pipe
[rank0]:[W508 17:56:52.857020741 TCPStore.cpp:106] [c10d] sendBytes failed on SocketImpl(fd=3, addr=[localhost]:60642, remote=[localhost]:29504): Broken pipe
Exception raised from sendBytes at /pytorch/torch/csrc/distributed/c10d/Utils.hpp:653 (most recent call first):
frame #0: c10::Error::Error(c10::SourceLocation, std::__cxx11::basic_string<char, std::char_traits<char>, std::allocator<char> >) + 0x98 (0x7d295f5785e8 in /home/ycyh/miniconda3/envs/LoRA/lib/python3.11/site-packages/torch/lib/libc10.so)
frame #1: <unknown function> + 0x5ba8b0e (0x7d29511a8b0e in /home/ycyh/miniconda3/envs/LoRA/lib/python3.11/site-packages/torch/lib/libtorch_cpu.so)
frame #2: <unknown function> + 0x5baa368 (0x7d29511aa368 in /home/ycyh/miniconda3/envs/LoRA/lib/python3.11/site-packages/torch/lib/libtorch_cpu.so)
frame #3: <unknown function> + 0x5babb4e (0x7d29511abb4e in /home/ycyh/miniconda3/envs/LoRA/lib/python3.11/site-packages/torch/lib/libtorch_cpu.so)
frame #4: c10d::TCPStore::check(std::vector<std::__cxx11::basic_string<char, std::char_traits<char>, std::allocator<char> >, std::allocator<std::__cxx11::basic_string<char, std::char_traits<char>, std::allocator<char> > > > const&) + 0x298 (0x7d29511a51a8 in /home/ycyh/miniconda3/envs/LoRA/lib/python3.11/site-packages/torch/lib/libtorch_cpu.so)
frame #5: c10d::ProcessGroupNCCL::heartbeatMonitor() + 0x379 (0x7d290d526729 in /home/ycyh/miniconda3/envs/LoRA/lib/python3.11/site-packages/torch/lib/libtorch_cuda.so)
frame #6: <unknown function> + 0xd828c (0x7d2a04eeb28c in /home/ycyh/miniconda3/envs/LoRA/bin/../lib/libstdc++.so.6)
frame #7: <unknown function> + 0x9caa4 (0x7d2a07a9caa4 in /lib/x86_64-linux-gnu/libc.so.6)
frame #8: <unknown function> + 0x129c6c (0x7d2a07b29c6c in /lib/x86_64-linux-gnu/libc.so.6)

[rank0]:[W508 17:56:52.862429177 ProcessGroupNCCL.cpp:1662] [PG ID 0 PG GUID 0(default_pg) Rank 0] Failed to check the "should dump" flag on TCPStore, (maybe TCPStore server has shut down too early), with error: Broken pipe
[rank0]:[W508 17:56:53.862634743 TCPStore.cpp:106] [c10d] sendBytes failed on SocketImpl(fd=3, addr=[localhost]:60642, remote=[localhost]:29504): Broken pipe
Exception raised from sendBytes at /pytorch/torch/csrc/distributed/c10d/Utils.hpp:653 (most recent call first):
frame #0: c10::Error::Error(c10::SourceLocation, std::__cxx11::basic_string<char, std::char_traits<char>, std::allocator<char> >) + 0x98 (0x7d295f5785e8 in /home/ycyh/miniconda3/envs/LoRA/lib/python3.11/site-packages/torch/lib/libc10.so)
frame #1: <unknown function> + 0x5ba8b0e (0x7d29511a8b0e in /home/ycyh/miniconda3/envs/LoRA/lib/python3.11/site-packages/torch/lib/libtorch_cpu.so)
frame #2: <unknown function> + 0x5baa368 (0x7d29511aa368 in /home/ycyh/miniconda3/envs/LoRA/lib/python3.11/site-packages/torch/lib/libtorch_cpu.so)
frame #3: <unknown function> + 0x5babb4e (0x7d29511abb4e in /home/ycyh/miniconda3/envs/LoRA/lib/python3.11/site-packages/torch/lib/libtorch_cpu.so)
frame #4: c10d::TCPStore::check(std::vector<std::__cxx11::basic_string<char, std::char_traits<char>, std::allocator<char> >, std::allocator<std::__cxx11::basic_string<char, std::char_traits<char>, std::allocator<char> > > > const&) + 0x298 (0x7d29511a51a8 in /home/ycyh/miniconda3/envs/LoRA/lib/python3.11/site-packages/torch/lib/libtorch_cpu.so)
frame #5: c10d::ProcessGroupNCCL::heartbeatMonitor() + 0x379 (0x7d290d526729 in /home/ycyh/miniconda3/envs/LoRA/lib/python3.11/site-packages/torch/lib/libtorch_cuda.so)
frame #6: <unknown function> + 0xd828c (0x7d2a04eeb28c in /home/ycyh/miniconda3/envs/LoRA/bin/../lib/libstdc++.so.6)
frame #7: <unknown function> + 0x9caa4 (0x7d2a07a9caa4 in /lib/x86_64-linux-gnu/libc.so.6)
frame #8: <unknown function> + 0x129c6c (0x7d2a07b29c6c in /lib/x86_64-linux-gnu/libc.so.6)

[rank0]:[W508 17:56:53.867811016 ProcessGroupNCCL.cpp:1662] [PG ID 0 PG GUID 0(default_pg) Rank 0] Failed to check the "should dump" flag on TCPStore, (maybe TCPStore server has shut down too early), with error: Broken pipe
[rank0]:[W508 17:56:54.868030040 TCPStore.cpp:106] [c10d] sendBytes failed on SocketImpl(fd=3, addr=[localhost]:60642, remote=[localhost]:29504): Broken pipe
Exception raised from sendBytes at /pytorch/torch/csrc/distributed/c10d/Utils.hpp:653 (most recent call first):
frame #0: c10::Error::Error(c10::SourceLocation, std::__cxx11::basic_string<char, std::char_traits<char>, std::allocator<char> >) + 0x98 (0x7d295f5785e8 in /home/ycyh/miniconda3/envs/LoRA/lib/python3.11/site-packages/torch/lib/libc10.so)
frame #1: <unknown function> + 0x5ba8b0e (0x7d29511a8b0e in /home/ycyh/miniconda3/envs/LoRA/lib/python3.11/site-packages/torch/lib/libtorch_cpu.so)
frame #2: <unknown function> + 0x5baa368 (0x7d29511aa368 in /home/ycyh/miniconda3/envs/LoRA/lib/python3.11/site-packages/torch/lib/libtorch_cpu.so)
frame #3: <unknown function> + 0x5babb4e (0x7d29511abb4e in /home/ycyh/miniconda3/envs/LoRA/lib/python3.11/site-packages/torch/lib/libtorch_cpu.so)
frame #4: c10d::TCPStore::check(std::vector<std::__cxx11::basic_string<char, std::char_traits<char>, std::allocator<char> >, std::allocator<std::__cxx11::basic_string<char, std::char_traits<char>, std::allocator<char> > > > const&) + 0x298 (0x7d29511a51a8 in /home/ycyh/miniconda3/envs/LoRA/lib/python3.11/site-packages/torch/lib/libtorch_cpu.so)
frame #5: c10d::ProcessGroupNCCL::heartbeatMonitor() + 0x379 (0x7d290d526729 in /home/ycyh/miniconda3/envs/LoRA/lib/python3.11/site-packages/torch/lib/libtorch_cuda.so)
frame #6: <unknown function> + 0xd828c (0x7d2a04eeb28c in /home/ycyh/miniconda3/envs/LoRA/bin/../lib/libstdc++.so.6)
frame #7: <unknown function> + 0x9caa4 (0x7d2a07a9caa4 in /lib/x86_64-linux-gnu/libc.so.6)
frame #8: <unknown function> + 0x129c6c (0x7d2a07b29c6c in /lib/x86_64-linux-gnu/libc.so.6)

[rank0]:[W508 17:56:54.873316172 ProcessGroupNCCL.cpp:1662] [PG ID 0 PG GUID 0(default_pg) Rank 0] Failed to check the "should dump" flag on TCPStore, (maybe TCPStore server has shut down too early), with error: Broken pipe
[rank0]:[W508 17:56:56.873613702 TCPStore.cpp:106] [c10d] sendBytes failed on SocketImpl(fd=3, addr=[localhost]:60642, remote=[localhost]:29504): Broken pipe
Exception raised from sendBytes at /pytorch/torch/csrc/distributed/c10d/Utils.hpp:653 (most recent call first):
frame #0: c10::Error::Error(c10::SourceLocation, std::__cxx11::basic_string<char, std::char_traits<char>, std::allocator<char> >) + 0x98 (0x7d295f5785e8 in /home/ycyh/miniconda3/envs/LoRA/lib/python3.11/site-packages/torch/lib/libc10.so)
frame #1: <unknown function> + 0x5ba8b0e (0x7d29511a8b0e in /home/ycyh/miniconda3/envs/LoRA/lib/python3.11/site-packages/torch/lib/libtorch_cpu.so)
frame #2: <unknown function> + 0x5baa368 (0x7d29511aa368 in /home/ycyh/miniconda3/envs/LoRA/lib/python3.11/site-packages/torch/lib/libtorch_cpu.so)
frame #3: <unknown function> + 0x5babb4e (0x7d29511abb4e in /home/ycyh/miniconda3/envs/LoRA/lib/python3.11/site-packages/torch/lib/libtorch_cpu.so)
frame #4: c10d::TCPStore::check(std::vector<std::__cxx11::basic_string<char, std::char_traits<char>, std::allocator<char> >, std::allocator<std::__cxx11::basic_string<char, std::char_traits<char>, std::allocator<char> > > > const&) + 0x298 (0x7d29511a51a8 in /home/ycyh/miniconda3/envs/LoRA/lib/python3.11/site-packages/torch/lib/libtorch_cpu.so)
frame #5: c10d::ProcessGroupNCCL::heartbeatMonitor() + 0x379 (0x7d290d526729 in /home/ycyh/miniconda3/envs/LoRA/lib/python3.11/site-packages/torch/lib/libtorch_cuda.so)
frame #6: <unknown function> + 0xd828c (0x7d2a04eeb28c in /home/ycyh/miniconda3/envs/LoRA/bin/../lib/libstdc++.so.6)
frame #7: <unknown function> + 0x9caa4 (0x7d2a07a9caa4 in /lib/x86_64-linux-gnu/libc.so.6)
frame #8: <unknown function> + 0x129c6c (0x7d2a07b29c6c in /lib/x86_64-linux-gnu/libc.so.6)

[rank0]:[W508 17:56:56.878831235 ProcessGroupNCCL.cpp:1662] [PG ID 0 PG GUID 0(default_pg) Rank 0] Failed to check the "should dump" flag on TCPStore, (maybe TCPStore server has shut down too early), with error: Broken pipe
[rank0]:[W508 17:56:57.879031895 TCPStore.cpp:106] [c10d] sendBytes failed on SocketImpl(fd=3, addr=[localhost]:60642, remote=[localhost]:29504): Broken pipe
Exception raised from sendBytes at /pytorch/torch/csrc/distributed/c10d/Utils.hpp:653 (most recent call first):
frame #0: c10::Error::Error(c10::SourceLocation, std::__cxx11::basic_string<char, std::char_traits<char>, std::allocator<char> >) + 0x98 (0x7d295f5785e8 in /home/ycyh/miniconda3/envs/LoRA/lib/python3.11/site-packages/torch/lib/libc10.so)
frame #1: <unknown function> + 0x5ba8b0e (0x7d29511a8b0e in /home/ycyh/miniconda3/envs/LoRA/lib/python3.11/site-packages/torch/lib/libtorch_cpu.so)
frame #2: <unknown function> + 0x5baa368 (0x7d29511aa368 in /home/ycyh/miniconda3/envs/LoRA/lib/python3.11/site-packages/torch/lib/libtorch_cpu.so)
frame #3: <unknown function> + 0x5babb4e (0x7d29511abb4e in /home/ycyh/miniconda3/envs/LoRA/lib/python3.11/site-packages/torch/lib/libtorch_cpu.so)
frame #4: c10d::TCPStore::check(std::vector<std::__cxx11::basic_string<char, std::char_traits<char>, std::allocator<char> >, std::allocator<std::__cxx11::basic_string<char, std::char_traits<char>, std::allocator<char> > > > const&) + 0x298 (0x7d29511a51a8 in /home/ycyh/miniconda3/envs/LoRA/lib/python3.11/site-packages/torch/lib/libtorch_cpu.so)
frame #5: c10d::ProcessGroupNCCL::heartbeatMonitor() + 0x379 (0x7d290d526729 in /home/ycyh/miniconda3/envs/LoRA/lib/python3.11/site-packages/torch/lib/libtorch_cuda.so)
frame #6: <unknown function> + 0xd828c (0x7d2a04eeb28c in /home/ycyh/miniconda3/envs/LoRA/bin/../lib/libstdc++.so.6)
frame #7: <unknown function> + 0x9caa4 (0x7d2a07a9caa4 in /lib/x86_64-linux-gnu/libc.so.6)
frame #8: <unknown function> + 0x129c6c (0x7d2a07b29c6c in /lib/x86_64-linux-gnu/libc.so.6)

[rank0]:[W508 17:56:57.884452560 ProcessGroupNCCL.cpp:1662] [PG ID 0 PG GUID 0(default_pg) Rank 0] Failed to check the "should dump" flag on TCPStore, (maybe TCPStore server has shut down too early), with error: Broken pipe
[rank0]:[W508 17:56:59.884737680 TCPStore.cpp:106] [c10d] sendBytes failed on SocketImpl(fd=3, addr=[localhost]:60642, remote=[localhost]:29504): Broken pipe
Exception raised from sendBytes at /pytorch/torch/csrc/distributed/c10d/Utils.hpp:653 (most recent call first):
frame #0: c10::Error::Error(c10::SourceLocation, std::__cxx11::basic_string<char, std::char_traits<char>, std::allocator<char> >) + 0x98 (0x7d295f5785e8 in /home/ycyh/miniconda3/envs/LoRA/lib/python3.11/site-packages/torch/lib/libc10.so)
frame #1: <unknown function> + 0x5ba8b0e (0x7d29511a8b0e in /home/ycyh/miniconda3/envs/LoRA/lib/python3.11/site-packages/torch/lib/libtorch_cpu.so)
frame #2: <unknown function> + 0x5baa368 (0x7d29511aa368 in /home/ycyh/miniconda3/envs/LoRA/lib/python3.11/site-packages/torch/lib/libtorch_cpu.so)
frame #3: <unknown function> + 0x5babb4e (0x7d29511abb4e in /home/ycyh/miniconda3/envs/LoRA/lib/python3.11/site-packages/torch/lib/libtorch_cpu.so)
frame #4: c10d::TCPStore::check(std::vector<std::__cxx11::basic_string<char, std::char_traits<char>, std::allocator<char> >, std::allocator<std::__cxx11::basic_string<char, std::char_traits<char>, std::allocator<char> > > > const&) + 0x298 (0x7d29511a51a8 in /home/ycyh/miniconda3/envs/LoRA/lib/python3.11/site-packages/torch/lib/libtorch_cpu.so)
frame #5: c10d::ProcessGroupNCCL::heartbeatMonitor() + 0x379 (0x7d290d526729 in /home/ycyh/miniconda3/envs/LoRA/lib/python3.11/site-packages/torch/lib/libtorch_cuda.so)
frame #6: <unknown function> + 0xd828c (0x7d2a04eeb28c in /home/ycyh/miniconda3/envs/LoRA/bin/../lib/libstdc++.so.6)
frame #7: <unknown function> + 0x9caa4 (0x7d2a07a9caa4 in /lib/x86_64-linux-gnu/libc.so.6)
frame #8: <unknown function> + 0x129c6c (0x7d2a07b29c6c in /lib/x86_64-linux-gnu/libc.so.6)

[rank0]:[W508 17:56:59.890111884 ProcessGroupNCCL.cpp:1662] [PG ID 0 PG GUID 0(default_pg) Rank 0] Failed to check the "should dump" flag on TCPStore, (maybe TCPStore server has shut down too early), with error: Broken pipe
[rank0]:[W508 17:57:00.890313264 TCPStore.cpp:106] [c10d] sendBytes failed on SocketImpl(fd=3, addr=[localhost]:60642, remote=[localhost]:29504): Broken pipe
Exception raised from sendBytes at /pytorch/torch/csrc/distributed/c10d/Utils.hpp:653 (most recent call first):
frame #0: c10::Error::Error(c10::SourceLocation, std::__cxx11::basic_string<char, std::char_traits<char>, std::allocator<char> >) + 0x98 (0x7d295f5785e8 in /home/ycyh/miniconda3/envs/LoRA/lib/python3.11/site-packages/torch/lib/libc10.so)
frame #1: <unknown function> + 0x5ba8b0e (0x7d29511a8b0e in /home/ycyh/miniconda3/envs/LoRA/lib/python3.11/site-packages/torch/lib/libtorch_cpu.so)
frame #2: <unknown function> + 0x5baa368 (0x7d29511aa368 in /home/ycyh/miniconda3/envs/LoRA/lib/python3.11/site-packages/torch/lib/libtorch_cpu.so)
frame #3: <unknown function> + 0x5babb4e (0x7d29511abb4e in /home/ycyh/miniconda3/envs/LoRA/lib/python3.11/site-packages/torch/lib/libtorch_cpu.so)
frame #4: c10d::TCPStore::check(std::vector<std::__cxx11::basic_string<char, std::char_traits<char>, std::allocator<char> >, std::allocator<std::__cxx11::basic_string<char, std::char_traits<char>, std::allocator<char> > > > const&) + 0x298 (0x7d29511a51a8 in /home/ycyh/miniconda3/envs/LoRA/lib/python3.11/site-packages/torch/lib/libtorch_cpu.so)
frame #5: c10d::ProcessGroupNCCL::heartbeatMonitor() + 0x379 (0x7d290d526729 in /home/ycyh/miniconda3/envs/LoRA/lib/python3.11/site-packages/torch/lib/libtorch_cuda.so)
frame #6: <unknown function> + 0xd828c (0x7d2a04eeb28c in /home/ycyh/miniconda3/envs/LoRA/bin/../lib/libstdc++.so.6)
frame #7: <unknown function> + 0x9caa4 (0x7d2a07a9caa4 in /lib/x86_64-linux-gnu/libc.so.6)
frame #8: <unknown function> + 0x129c6c (0x7d2a07b29c6c in /lib/x86_64-linux-gnu/libc.so.6)

[rank0]:[W508 17:57:00.895670174 ProcessGroupNCCL.cpp:1662] [PG ID 0 PG GUID 0(default_pg) Rank 0] Failed to check the "should dump" flag on TCPStore, (maybe TCPStore server has shut down too early), with error: Broken pipe
[rank0]:[W508 17:57:01.895868215 TCPStore.cpp:106] [c10d] sendBytes failed on SocketImpl(fd=3, addr=[localhost]:60642, remote=[localhost]:29504): Broken pipe
Exception raised from sendBytes at /pytorch/torch/csrc/distributed/c10d/Utils.hpp:653 (most recent call first):
frame #0: c10::Error::Error(c10::SourceLocation, std::__cxx11::basic_string<char, std::char_traits<char>, std::allocator<char> >) + 0x98 (0x7d295f5785e8 in /home/ycyh/miniconda3/envs/LoRA/lib/python3.11/site-packages/torch/lib/libc10.so)
frame #1: <unknown function> + 0x5ba8b0e (0x7d29511a8b0e in /home/ycyh/miniconda3/envs/LoRA/lib/python3.11/site-packages/torch/lib/libtorch_cpu.so)
frame #2: <unknown function> + 0x5baa368 (0x7d29511aa368 in /home/ycyh/miniconda3/envs/LoRA/lib/python3.11/site-packages/torch/lib/libtorch_cpu.so)
frame #3: <unknown function> + 0x5babb4e (0x7d29511abb4e in /home/ycyh/miniconda3/envs/LoRA/lib/python3.11/site-packages/torch/lib/libtorch_cpu.so)
frame #4: c10d::TCPStore::check(std::vector<std::__cxx11::basic_string<char, std::char_traits<char>, std::allocator<char> >, std::allocator<std::__cxx11::basic_string<char, std::char_traits<char>, std::allocator<char> > > > const&) + 0x298 (0x7d29511a51a8 in /home/ycyh/miniconda3/envs/LoRA/lib/python3.11/site-packages/torch/lib/libtorch_cpu.so)
frame #5: c10d::ProcessGroupNCCL::heartbeatMonitor() + 0x379 (0x7d290d526729 in /home/ycyh/miniconda3/envs/LoRA/lib/python3.11/site-packages/torch/lib/libtorch_cuda.so)
frame #6: <unknown function> + 0xd828c (0x7d2a04eeb28c in /home/ycyh/miniconda3/envs/LoRA/bin/../lib/libstdc++.so.6)
frame #7: <unknown function> + 0x9caa4 (0x7d2a07a9caa4 in /lib/x86_64-linux-gnu/libc.so.6)
frame #8: <unknown function> + 0x129c6c (0x7d2a07b29c6c in /lib/x86_64-linux-gnu/libc.so.6)

[rank0]:[W508 17:57:01.901293507 ProcessGroupNCCL.cpp:1662] [PG ID 0 PG GUID 0(default_pg) Rank 0] Failed to check the "should dump" flag on TCPStore, (maybe TCPStore server has shut down too early), with error: Broken pipe
[rank0]:[W508 17:57:02.901514267 TCPStore.cpp:106] [c10d] sendBytes failed on SocketImpl(fd=3, addr=[localhost]:60642, remote=[localhost]:29504): Broken pipe
Exception raised from sendBytes at /pytorch/torch/csrc/distributed/c10d/Utils.hpp:653 (most recent call first):
frame #0: c10::Error::Error(c10::SourceLocation, std::__cxx11::basic_string<char, std::char_traits<char>, std::allocator<char> >) + 0x98 (0x7d295f5785e8 in /home/ycyh/miniconda3/envs/LoRA/lib/python3.11/site-packages/torch/lib/libc10.so)
frame #1: <unknown function> + 0x5ba8b0e (0x7d29511a8b0e in /home/ycyh/miniconda3/envs/LoRA/lib/python3.11/site-packages/torch/lib/libtorch_cpu.so)
frame #2: <unknown function> + 0x5baa368 (0x7d29511aa368 in /home/ycyh/miniconda3/envs/LoRA/lib/python3.11/site-packages/torch/lib/libtorch_cpu.so)
frame #3: <unknown function> + 0x5babb4e (0x7d29511abb4e in /home/ycyh/miniconda3/envs/LoRA/lib/python3.11/site-packages/torch/lib/libtorch_cpu.so)
frame #4: c10d::TCPStore::check(std::vector<std::__cxx11::basic_string<char, std::char_traits<char>, std::allocator<char> >, std::allocator<std::__cxx11::basic_string<char, std::char_traits<char>, std::allocator<char> > > > const&) + 0x298 (0x7d29511a51a8 in /home/ycyh/miniconda3/envs/LoRA/lib/python3.11/site-packages/torch/lib/libtorch_cpu.so)
frame #5: c10d::ProcessGroupNCCL::heartbeatMonitor() + 0x379 (0x7d290d526729 in /home/ycyh/miniconda3/envs/LoRA/lib/python3.11/site-packages/torch/lib/libtorch_cuda.so)
frame #6: <unknown function> + 0xd828c (0x7d2a04eeb28c in /home/ycyh/miniconda3/envs/LoRA/bin/../lib/libstdc++.so.6)
frame #7: <unknown function> + 0x9caa4 (0x7d2a07a9caa4 in /lib/x86_64-linux-gnu/libc.so.6)
frame #8: <unknown function> + 0x129c6c (0x7d2a07b29c6c in /lib/x86_64-linux-gnu/libc.so.6)

[rank0]:[W508 17:57:02.906639558 ProcessGroupNCCL.cpp:1662] [PG ID 0 PG GUID 0(default_pg) Rank 0] Failed to check the "should dump" flag on TCPStore, (maybe TCPStore server has shut down too early), with error: Broken pipe
[rank0]:[W508 17:57:03.906842745 TCPStore.cpp:106] [c10d] sendBytes failed on SocketImpl(fd=3, addr=[localhost]:60642, remote=[localhost]:29504): Broken pipe
Exception raised from sendBytes at /pytorch/torch/csrc/distributed/c10d/Utils.hpp:653 (most recent call first):
frame #0: c10::Error::Error(c10::SourceLocation, std::__cxx11::basic_string<char, std::char_traits<char>, std::allocator<char> >) + 0x98 (0x7d295f5785e8 in /home/ycyh/miniconda3/envs/LoRA/lib/python3.11/site-packages/torch/lib/libc10.so)
frame #1: <unknown function> + 0x5ba8b0e (0x7d29511a8b0e in /home/ycyh/miniconda3/envs/LoRA/lib/python3.11/site-packages/torch/lib/libtorch_cpu.so)
frame #2: <unknown function> + 0x5baa368 (0x7d29511aa368 in /home/ycyh/miniconda3/envs/LoRA/lib/python3.11/site-packages/torch/lib/libtorch_cpu.so)
frame #3: <unknown function> + 0x5babb4e (0x7d29511abb4e in /home/ycyh/miniconda3/envs/LoRA/lib/python3.11/site-packages/torch/lib/libtorch_cpu.so)
frame #4: c10d::TCPStore::check(std::vector<std::__cxx11::basic_string<char, std::char_traits<char>, std::allocator<char> >, std::allocator<std::__cxx11::basic_string<char, std::char_traits<char>, std::allocator<char> > > > const&) + 0x298 (0x7d29511a51a8 in /home/ycyh/miniconda3/envs/LoRA/lib/python3.11/site-packages/torch/lib/libtorch_cpu.so)
frame #5: c10d::ProcessGroupNCCL::heartbeatMonitor() + 0x379 (0x7d290d526729 in /home/ycyh/miniconda3/envs/LoRA/lib/python3.11/site-packages/torch/lib/libtorch_cuda.so)
frame #6: <unknown function> + 0xd828c (0x7d2a04eeb28c in /home/ycyh/miniconda3/envs/LoRA/bin/../lib/libstdc++.so.6)
frame #7: <unknown function> + 0x9caa4 (0x7d2a07a9caa4 in /lib/x86_64-linux-gnu/libc.so.6)
frame #8: <unknown function> + 0x129c6c (0x7d2a07b29c6c in /lib/x86_64-linux-gnu/libc.so.6)

[rank0]:[W508 17:57:03.912116603 ProcessGroupNCCL.cpp:1662] [PG ID 0 PG GUID 0(default_pg) Rank 0] Failed to check the "should dump" flag on TCPStore, (maybe TCPStore server has shut down too early), with error: Broken pipe
[rank0]:[W508 17:57:04.912342330 TCPStore.cpp:106] [c10d] sendBytes failed on SocketImpl(fd=3, addr=[localhost]:60642, remote=[localhost]:29504): Broken pipe
Exception raised from sendBytes at /pytorch/torch/csrc/distributed/c10d/Utils.hpp:653 (most recent call first):
frame #0: c10::Error::Error(c10::SourceLocation, std::__cxx11::basic_string<char, std::char_traits<char>, std::allocator<char> >) + 0x98 (0x7d295f5785e8 in /home/ycyh/miniconda3/envs/LoRA/lib/python3.11/site-packages/torch/lib/libc10.so)
frame #1: <unknown function> + 0x5ba8b0e (0x7d29511a8b0e in /home/ycyh/miniconda3/envs/LoRA/lib/python3.11/site-packages/torch/lib/libtorch_cpu.so)
frame #2: <unknown function> + 0x5baa368 (0x7d29511aa368 in /home/ycyh/miniconda3/envs/LoRA/lib/python3.11/site-packages/torch/lib/libtorch_cpu.so)
frame #3: <unknown function> + 0x5babb4e (0x7d29511abb4e in /home/ycyh/miniconda3/envs/LoRA/lib/python3.11/site-packages/torch/lib/libtorch_cpu.so)
frame #4: c10d::TCPStore::check(std::vector<std::__cxx11::basic_string<char, std::char_traits<char>, std::allocator<char> >, std::allocator<std::__cxx11::basic_string<char, std::char_traits<char>, std::allocator<char> > > > const&) + 0x298 (0x7d29511a51a8 in /home/ycyh/miniconda3/envs/LoRA/lib/python3.11/site-packages/torch/lib/libtorch_cpu.so)
frame #5: c10d::ProcessGroupNCCL::heartbeatMonitor() + 0x379 (0x7d290d526729 in /home/ycyh/miniconda3/envs/LoRA/lib/python3.11/site-packages/torch/lib/libtorch_cuda.so)
frame #6: <unknown function> + 0xd828c (0x7d2a04eeb28c in /home/ycyh/miniconda3/envs/LoRA/bin/../lib/libstdc++.so.6)
frame #7: <unknown function> + 0x9caa4 (0x7d2a07a9caa4 in /lib/x86_64-linux-gnu/libc.so.6)
frame #8: <unknown function> + 0x129c6c (0x7d2a07b29c6c in /lib/x86_64-linux-gnu/libc.so.6)

[rank0]:[W508 17:57:04.917473290 ProcessGroupNCCL.cpp:1662] [PG ID 0 PG GUID 0(default_pg) Rank 0] Failed to check the "should dump" flag on TCPStore, (maybe TCPStore server has shut down too early), with error: Broken pipe
[rank0]:[W508 17:57:05.917681943 TCPStore.cpp:106] [c10d] sendBytes failed on SocketImpl(fd=3, addr=[localhost]:60642, remote=[localhost]:29504): Broken pipe
Exception raised from sendBytes at /pytorch/torch/csrc/distributed/c10d/Utils.hpp:653 (most recent call first):
frame #0: c10::Error::Error(c10::SourceLocation, std::__cxx11::basic_string<char, std::char_traits<char>, std::allocator<char> >) + 0x98 (0x7d295f5785e8 in /home/ycyh/miniconda3/envs/LoRA/lib/python3.11/site-packages/torch/lib/libc10.so)
frame #1: <unknown function> + 0x5ba8b0e (0x7d29511a8b0e in /home/ycyh/miniconda3/envs/LoRA/lib/python3.11/site-packages/torch/lib/libtorch_cpu.so)
frame #2: <unknown function> + 0x5baa368 (0x7d29511aa368 in /home/ycyh/miniconda3/envs/LoRA/lib/python3.11/site-packages/torch/lib/libtorch_cpu.so)
frame #3: <unknown function> + 0x5babb4e (0x7d29511abb4e in /home/ycyh/miniconda3/envs/LoRA/lib/python3.11/site-packages/torch/lib/libtorch_cpu.so)
frame #4: c10d::TCPStore::check(std::vector<std::__cxx11::basic_string<char, std::char_traits<char>, std::allocator<char> >, std::allocator<std::__cxx11::basic_string<char, std::char_traits<char>, std::allocator<char> > > > const&) + 0x298 (0x7d29511a51a8 in /home/ycyh/miniconda3/envs/LoRA/lib/python3.11/site-packages/torch/lib/libtorch_cpu.so)
frame #5: c10d::ProcessGroupNCCL::heartbeatMonitor() + 0x379 (0x7d290d526729 in /home/ycyh/miniconda3/envs/LoRA/lib/python3.11/site-packages/torch/lib/libtorch_cuda.so)
frame #6: <unknown function> + 0xd828c (0x7d2a04eeb28c in /home/ycyh/miniconda3/envs/LoRA/bin/../lib/libstdc++.so.6)
frame #7: <unknown function> + 0x9caa4 (0x7d2a07a9caa4 in /lib/x86_64-linux-gnu/libc.so.6)
frame #8: <unknown function> + 0x129c6c (0x7d2a07b29c6c in /lib/x86_64-linux-gnu/libc.so.6)

[rank0]:[W508 17:57:05.922865801 ProcessGroupNCCL.cpp:1662] [PG ID 0 PG GUID 0(default_pg) Rank 0] Failed to check the "should dump" flag on TCPStore, (maybe TCPStore server has shut down too early), with error: Broken pipe
[rank0]:[W508 17:57:07.923134735 TCPStore.cpp:106] [c10d] sendBytes failed on SocketImpl(fd=3, addr=[localhost]:60642, remote=[localhost]:29504): Broken pipe
Exception raised from sendBytes at /pytorch/torch/csrc/distributed/c10d/Utils.hpp:653 (most recent call first):
frame #0: c10::Error::Error(c10::SourceLocation, std::__cxx11::basic_string<char, std::char_traits<char>, std::allocator<char> >) + 0x98 (0x7d295f5785e8 in /home/ycyh/miniconda3/envs/LoRA/lib/python3.11/site-packages/torch/lib/libc10.so)
frame #1: <unknown function> + 0x5ba8b0e (0x7d29511a8b0e in /home/ycyh/miniconda3/envs/LoRA/lib/python3.11/site-packages/torch/lib/libtorch_cpu.so)
frame #2: <unknown function> + 0x5baa368 (0x7d29511aa368 in /home/ycyh/miniconda3/envs/LoRA/lib/python3.11/site-packages/torch/lib/libtorch_cpu.so)
frame #3: <unknown function> + 0x5babb4e (0x7d29511abb4e in /home/ycyh/miniconda3/envs/LoRA/lib/python3.11/site-packages/torch/lib/libtorch_cpu.so)
frame #4: c10d::TCPStore::check(std::vector<std::__cxx11::basic_string<char, std::char_traits<char>, std::allocator<char> >, std::allocator<std::__cxx11::basic_string<char, std::char_traits<char>, std::allocator<char> > > > const&) + 0x298 (0x7d29511a51a8 in /home/ycyh/miniconda3/envs/LoRA/lib/python3.11/site-packages/torch/lib/libtorch_cpu.so)
frame #5: c10d::ProcessGroupNCCL::heartbeatMonitor() + 0x379 (0x7d290d526729 in /home/ycyh/miniconda3/envs/LoRA/lib/python3.11/site-packages/torch/lib/libtorch_cuda.so)
frame #6: <unknown function> + 0xd828c (0x7d2a04eeb28c in /home/ycyh/miniconda3/envs/LoRA/bin/../lib/libstdc++.so.6)
frame #7: <unknown function> + 0x9caa4 (0x7d2a07a9caa4 in /lib/x86_64-linux-gnu/libc.so.6)
frame #8: <unknown function> + 0x129c6c (0x7d2a07b29c6c in /lib/x86_64-linux-gnu/libc.so.6)

[rank0]:[W508 17:57:07.928583219 ProcessGroupNCCL.cpp:1662] [PG ID 0 PG GUID 0(default_pg) Rank 0] Failed to check the "should dump" flag on TCPStore, (maybe TCPStore server has shut down too early), with error: Broken pipe
[rank0]:[W508 17:57:09.928859511 TCPStore.cpp:106] [c10d] sendBytes failed on SocketImpl(fd=3, addr=[localhost]:60642, remote=[localhost]:29504): Broken pipe
Exception raised from sendBytes at /pytorch/torch/csrc/distributed/c10d/Utils.hpp:653 (most recent call first):
frame #0: c10::Error::Error(c10::SourceLocation, std::__cxx11::basic_string<char, std::char_traits<char>, std::allocator<char> >) + 0x98 (0x7d295f5785e8 in /home/ycyh/miniconda3/envs/LoRA/lib/python3.11/site-packages/torch/lib/libc10.so)
frame #1: <unknown function> + 0x5ba8b0e (0x7d29511a8b0e in /home/ycyh/miniconda3/envs/LoRA/lib/python3.11/site-packages/torch/lib/libtorch_cpu.so)
frame #2: <unknown function> + 0x5baa368 (0x7d29511aa368 in /home/ycyh/miniconda3/envs/LoRA/lib/python3.11/site-packages/torch/lib/libtorch_cpu.so)
frame #3: <unknown function> + 0x5babb4e (0x7d29511abb4e in /home/ycyh/miniconda3/envs/LoRA/lib/python3.11/site-packages/torch/lib/libtorch_cpu.so)
frame #4: c10d::TCPStore::check(std::vector<std::__cxx11::basic_string<char, std::char_traits<char>, std::allocator<char> >, std::allocator<std::__cxx11::basic_string<char, std::char_traits<char>, std::allocator<char> > > > const&) + 0x298 (0x7d29511a51a8 in /home/ycyh/miniconda3/envs/LoRA/lib/python3.11/site-packages/torch/lib/libtorch_cpu.so)
frame #5: c10d::ProcessGroupNCCL::heartbeatMonitor() + 0x379 (0x7d290d526729 in /home/ycyh/miniconda3/envs/LoRA/lib/python3.11/site-packages/torch/lib/libtorch_cuda.so)
frame #6: <unknown function> + 0xd828c (0x7d2a04eeb28c in /home/ycyh/miniconda3/envs/LoRA/bin/../lib/libstdc++.so.6)
frame #7: <unknown function> + 0x9caa4 (0x7d2a07a9caa4 in /lib/x86_64-linux-gnu/libc.so.6)
frame #8: <unknown function> + 0x129c6c (0x7d2a07b29c6c in /lib/x86_64-linux-gnu/libc.so.6)

[rank0]:[W508 17:57:09.934145046 ProcessGroupNCCL.cpp:1662] [PG ID 0 PG GUID 0(default_pg) Rank 0] Failed to check the "should dump" flag on TCPStore, (maybe TCPStore server has shut down too early), with error: Broken pipe
[rank0]:[W508 17:57:10.934352224 TCPStore.cpp:106] [c10d] sendBytes failed on SocketImpl(fd=3, addr=[localhost]:60642, remote=[localhost]:29504): Broken pipe
Exception raised from sendBytes at /pytorch/torch/csrc/distributed/c10d/Utils.hpp:653 (most recent call first):
frame #0: c10::Error::Error(c10::SourceLocation, std::__cxx11::basic_string<char, std::char_traits<char>, std::allocator<char> >) + 0x98 (0x7d295f5785e8 in /home/ycyh/miniconda3/envs/LoRA/lib/python3.11/site-packages/torch/lib/libc10.so)
frame #1: <unknown function> + 0x5ba8b0e (0x7d29511a8b0e in /home/ycyh/miniconda3/envs/LoRA/lib/python3.11/site-packages/torch/lib/libtorch_cpu.so)
frame #2: <unknown function> + 0x5baa368 (0x7d29511aa368 in /home/ycyh/miniconda3/envs/LoRA/lib/python3.11/site-packages/torch/lib/libtorch_cpu.so)
frame #3: <unknown function> + 0x5babb4e (0x7d29511abb4e in /home/ycyh/miniconda3/envs/LoRA/lib/python3.11/site-packages/torch/lib/libtorch_cpu.so)
frame #4: c10d::TCPStore::check(std::vector<std::__cxx11::basic_string<char, std::char_traits<char>, std::allocator<char> >, std::allocator<std::__cxx11::basic_string<char, std::char_traits<char>, std::allocator<char> > > > const&) + 0x298 (0x7d29511a51a8 in /home/ycyh/miniconda3/envs/LoRA/lib/python3.11/site-packages/torch/lib/libtorch_cpu.so)
frame #5: c10d::ProcessGroupNCCL::heartbeatMonitor() + 0x379 (0x7d290d526729 in /home/ycyh/miniconda3/envs/LoRA/lib/python3.11/site-packages/torch/lib/libtorch_cuda.so)
frame #6: <unknown function> + 0xd828c (0x7d2a04eeb28c in /home/ycyh/miniconda3/envs/LoRA/bin/../lib/libstdc++.so.6)
frame #7: <unknown function> + 0x9caa4 (0x7d2a07a9caa4 in /lib/x86_64-linux-gnu/libc.so.6)
frame #8: <unknown function> + 0x129c6c (0x7d2a07b29c6c in /lib/x86_64-linux-gnu/libc.so.6)

[rank0]:[W508 17:57:10.939578505 ProcessGroupNCCL.cpp:1662] [PG ID 0 PG GUID 0(default_pg) Rank 0] Failed to check the "should dump" flag on TCPStore, (maybe TCPStore server has shut down too early), with error: Broken pipe
[rank0]:[W508 17:57:11.939777973 TCPStore.cpp:106] [c10d] sendBytes failed on SocketImpl(fd=3, addr=[localhost]:60642, remote=[localhost]:29504): Broken pipe
Exception raised from sendBytes at /pytorch/torch/csrc/distributed/c10d/Utils.hpp:653 (most recent call first):
frame #0: c10::Error::Error(c10::SourceLocation, std::__cxx11::basic_string<char, std::char_traits<char>, std::allocator<char> >) + 0x98 (0x7d295f5785e8 in /home/ycyh/miniconda3/envs/LoRA/lib/python3.11/site-packages/torch/lib/libc10.so)
frame #1: <unknown function> + 0x5ba8b0e (0x7d29511a8b0e in /home/ycyh/miniconda3/envs/LoRA/lib/python3.11/site-packages/torch/lib/libtorch_cpu.so)
frame #2: <unknown function> + 0x5baa368 (0x7d29511aa368 in /home/ycyh/miniconda3/envs/LoRA/lib/python3.11/site-packages/torch/lib/libtorch_cpu.so)
frame #3: <unknown function> + 0x5babb4e (0x7d29511abb4e in /home/ycyh/miniconda3/envs/LoRA/lib/python3.11/site-packages/torch/lib/libtorch_cpu.so)
frame #4: c10d::TCPStore::check(std::vector<std::__cxx11::basic_string<char, std::char_traits<char>, std::allocator<char> >, std::allocator<std::__cxx11::basic_string<char, std::char_traits<char>, std::allocator<char> > > > const&) + 0x298 (0x7d29511a51a8 in /home/ycyh/miniconda3/envs/LoRA/lib/python3.11/site-packages/torch/lib/libtorch_cpu.so)
frame #5: c10d::ProcessGroupNCCL::heartbeatMonitor() + 0x379 (0x7d290d526729 in /home/ycyh/miniconda3/envs/LoRA/lib/python3.11/site-packages/torch/lib/libtorch_cuda.so)
frame #6: <unknown function> + 0xd828c (0x7d2a04eeb28c in /home/ycyh/miniconda3/envs/LoRA/bin/../lib/libstdc++.so.6)
frame #7: <unknown function> + 0x9caa4 (0x7d2a07a9caa4 in /lib/x86_64-linux-gnu/libc.so.6)
frame #8: <unknown function> + 0x129c6c (0x7d2a07b29c6c in /lib/x86_64-linux-gnu/libc.so.6)

[rank0]:[W508 17:57:11.944983025 ProcessGroupNCCL.cpp:1662] [PG ID 0 PG GUID 0(default_pg) Rank 0] Failed to check the "should dump" flag on TCPStore, (maybe TCPStore server has shut down too early), with error: Broken pipe
[rank0]:[W508 17:57:12.945175618 TCPStore.cpp:106] [c10d] sendBytes failed on SocketImpl(fd=3, addr=[localhost]:60642, remote=[localhost]:29504): Broken pipe
Exception raised from sendBytes at /pytorch/torch/csrc/distributed/c10d/Utils.hpp:653 (most recent call first):
frame #0: c10::Error::Error(c10::SourceLocation, std::__cxx11::basic_string<char, std::char_traits<char>, std::allocator<char> >) + 0x98 (0x7d295f5785e8 in /home/ycyh/miniconda3/envs/LoRA/lib/python3.11/site-packages/torch/lib/libc10.so)
frame #1: <unknown function> + 0x5ba8b0e (0x7d29511a8b0e in /home/ycyh/miniconda3/envs/LoRA/lib/python3.11/site-packages/torch/lib/libtorch_cpu.so)
frame #2: <unknown function> + 0x5baa368 (0x7d29511aa368 in /home/ycyh/miniconda3/envs/LoRA/lib/python3.11/site-packages/torch/lib/libtorch_cpu.so)
frame #3: <unknown function> + 0x5babb4e (0x7d29511abb4e in /home/ycyh/miniconda3/envs/LoRA/lib/python3.11/site-packages/torch/lib/libtorch_cpu.so)
frame #4: c10d::TCPStore::check(std::vector<std::__cxx11::basic_string<char, std::char_traits<char>, std::allocator<char> >, std::allocator<std::__cxx11::basic_string<char, std::char_traits<char>, std::allocator<char> > > > const&) + 0x298 (0x7d29511a51a8 in /home/ycyh/miniconda3/envs/LoRA/lib/python3.11/site-packages/torch/lib/libtorch_cpu.so)
frame #5: c10d::ProcessGroupNCCL::heartbeatMonitor() + 0x379 (0x7d290d526729 in /home/ycyh/miniconda3/envs/LoRA/lib/python3.11/site-packages/torch/lib/libtorch_cuda.so)
frame #6: <unknown function> + 0xd828c (0x7d2a04eeb28c in /home/ycyh/miniconda3/envs/LoRA/bin/../lib/libstdc++.so.6)
frame #7: <unknown function> + 0x9caa4 (0x7d2a07a9caa4 in /lib/x86_64-linux-gnu/libc.so.6)
frame #8: <unknown function> + 0x129c6c (0x7d2a07b29c6c in /lib/x86_64-linux-gnu/libc.so.6)

[rank0]:[W508 17:57:12.950333306 ProcessGroupNCCL.cpp:1662] [PG ID 0 PG GUID 0(default_pg) Rank 0] Failed to check the "should dump" flag on TCPStore, (maybe TCPStore server has shut down too early), with error: Broken pipe
[rank0]:[W508 17:57:13.950530426 TCPStore.cpp:106] [c10d] sendBytes failed on SocketImpl(fd=3, addr=[localhost]:60642, remote=[localhost]:29504): Broken pipe
Exception raised from sendBytes at /pytorch/torch/csrc/distributed/c10d/Utils.hpp:653 (most recent call first):
frame #0: c10::Error::Error(c10::SourceLocation, std::__cxx11::basic_string<char, std::char_traits<char>, std::allocator<char> >) + 0x98 (0x7d295f5785e8 in /home/ycyh/miniconda3/envs/LoRA/lib/python3.11/site-packages/torch/lib/libc10.so)
frame #1: <unknown function> + 0x5ba8b0e (0x7d29511a8b0e in /home/ycyh/miniconda3/envs/LoRA/lib/python3.11/site-packages/torch/lib/libtorch_cpu.so)
frame #2: <unknown function> + 0x5baa368 (0x7d29511aa368 in /home/ycyh/miniconda3/envs/LoRA/lib/python3.11/site-packages/torch/lib/libtorch_cpu.so)
frame #3: <unknown function> + 0x5babb4e (0x7d29511abb4e in /home/ycyh/miniconda3/envs/LoRA/lib/python3.11/site-packages/torch/lib/libtorch_cpu.so)
frame #4: c10d::TCPStore::check(std::vector<std::__cxx11::basic_string<char, std::char_traits<char>, std::allocator<char> >, std::allocator<std::__cxx11::basic_string<char, std::char_traits<char>, std::allocator<char> > > > const&) + 0x298 (0x7d29511a51a8 in /home/ycyh/miniconda3/envs/LoRA/lib/python3.11/site-packages/torch/lib/libtorch_cpu.so)
frame #5: c10d::ProcessGroupNCCL::heartbeatMonitor() + 0x379 (0x7d290d526729 in /home/ycyh/miniconda3/envs/LoRA/lib/python3.11/site-packages/torch/lib/libtorch_cuda.so)
frame #6: <unknown function> + 0xd828c (0x7d2a04eeb28c in /home/ycyh/miniconda3/envs/LoRA/bin/../lib/libstdc++.so.6)
frame #7: <unknown function> + 0x9caa4 (0x7d2a07a9caa4 in /lib/x86_64-linux-gnu/libc.so.6)
frame #8: <unknown function> + 0x129c6c (0x7d2a07b29c6c in /lib/x86_64-linux-gnu/libc.so.6)

[rank0]:[W508 17:57:13.955770434 ProcessGroupNCCL.cpp:1662] [PG ID 0 PG GUID 0(default_pg) Rank 0] Failed to check the "should dump" flag on TCPStore, (maybe TCPStore server has shut down too early), with error: Broken pipe
[rank0]:[W508 17:57:14.955977778 TCPStore.cpp:106] [c10d] sendBytes failed on SocketImpl(fd=3, addr=[localhost]:60642, remote=[localhost]:29504): Broken pipe
Exception raised from sendBytes at /pytorch/torch/csrc/distributed/c10d/Utils.hpp:653 (most recent call first):
frame #0: c10::Error::Error(c10::SourceLocation, std::__cxx11::basic_string<char, std::char_traits<char>, std::allocator<char> >) + 0x98 (0x7d295f5785e8 in /home/ycyh/miniconda3/envs/LoRA/lib/python3.11/site-packages/torch/lib/libc10.so)
frame #1: <unknown function> + 0x5ba8b0e (0x7d29511a8b0e in /home/ycyh/miniconda3/envs/LoRA/lib/python3.11/site-packages/torch/lib/libtorch_cpu.so)
frame #2: <unknown function> + 0x5baa368 (0x7d29511aa368 in /home/ycyh/miniconda3/envs/LoRA/lib/python3.11/site-packages/torch/lib/libtorch_cpu.so)
frame #3: <unknown function> + 0x5babb4e (0x7d29511abb4e in /home/ycyh/miniconda3/envs/LoRA/lib/python3.11/site-packages/torch/lib/libtorch_cpu.so)
frame #4: c10d::TCPStore::check(std::vector<std::__cxx11::basic_string<char, std::char_traits<char>, std::allocator<char> >, std::allocator<std::__cxx11::basic_string<char, std::char_traits<char>, std::allocator<char> > > > const&) + 0x298 (0x7d29511a51a8 in /home/ycyh/miniconda3/envs/LoRA/lib/python3.11/site-packages/torch/lib/libtorch_cpu.so)
frame #5: c10d::ProcessGroupNCCL::heartbeatMonitor() + 0x379 (0x7d290d526729 in /home/ycyh/miniconda3/envs/LoRA/lib/python3.11/site-packages/torch/lib/libtorch_cuda.so)
frame #6: <unknown function> + 0xd828c (0x7d2a04eeb28c in /home/ycyh/miniconda3/envs/LoRA/bin/../lib/libstdc++.so.6)
frame #7: <unknown function> + 0x9caa4 (0x7d2a07a9caa4 in /lib/x86_64-linux-gnu/libc.so.6)
frame #8: <unknown function> + 0x129c6c (0x7d2a07b29c6c in /lib/x86_64-linux-gnu/libc.so.6)

[rank0]:[W508 17:57:14.961232622 ProcessGroupNCCL.cpp:1662] [PG ID 0 PG GUID 0(default_pg) Rank 0] Failed to check the "should dump" flag on TCPStore, (maybe TCPStore server has shut down too early), with error: Broken pipe
[rank0]:[W508 17:57:15.961433857 TCPStore.cpp:106] [c10d] sendBytes failed on SocketImpl(fd=3, addr=[localhost]:60642, remote=[localhost]:29504): Broken pipe
Exception raised from sendBytes at /pytorch/torch/csrc/distributed/c10d/Utils.hpp:653 (most recent call first):
frame #0: c10::Error::Error(c10::SourceLocation, std::__cxx11::basic_string<char, std::char_traits<char>, std::allocator<char> >) + 0x98 (0x7d295f5785e8 in /home/ycyh/miniconda3/envs/LoRA/lib/python3.11/site-packages/torch/lib/libc10.so)
frame #1: <unknown function> + 0x5ba8b0e (0x7d29511a8b0e in /home/ycyh/miniconda3/envs/LoRA/lib/python3.11/site-packages/torch/lib/libtorch_cpu.so)
frame #2: <unknown function> + 0x5baa368 (0x7d29511aa368 in /home/ycyh/miniconda3/envs/LoRA/lib/python3.11/site-packages/torch/lib/libtorch_cpu.so)
frame #3: <unknown function> + 0x5babb4e (0x7d29511abb4e in /home/ycyh/miniconda3/envs/LoRA/lib/python3.11/site-packages/torch/lib/libtorch_cpu.so)
frame #4: c10d::TCPStore::check(std::vector<std::__cxx11::basic_string<char, std::char_traits<char>, std::allocator<char> >, std::allocator<std::__cxx11::basic_string<char, std::char_traits<char>, std::allocator<char> > > > const&) + 0x298 (0x7d29511a51a8 in /home/ycyh/miniconda3/envs/LoRA/lib/python3.11/site-packages/torch/lib/libtorch_cpu.so)
frame #5: c10d::ProcessGroupNCCL::heartbeatMonitor() + 0x379 (0x7d290d526729 in /home/ycyh/miniconda3/envs/LoRA/lib/python3.11/site-packages/torch/lib/libtorch_cuda.so)
frame #6: <unknown function> + 0xd828c (0x7d2a04eeb28c in /home/ycyh/miniconda3/envs/LoRA/bin/../lib/libstdc++.so.6)
frame #7: <unknown function> + 0x9caa4 (0x7d2a07a9caa4 in /lib/x86_64-linux-gnu/libc.so.6)
frame #8: <unknown function> + 0x129c6c (0x7d2a07b29c6c in /lib/x86_64-linux-gnu/libc.so.6)

[rank0]:[W508 17:57:15.966781898 ProcessGroupNCCL.cpp:1662] [PG ID 0 PG GUID 0(default_pg) Rank 0] Failed to check the "should dump" flag on TCPStore, (maybe TCPStore server has shut down too early), with error: Broken pipe
[rank0]:[W508 17:57:17.967058582 TCPStore.cpp:106] [c10d] sendBytes failed on SocketImpl(fd=3, addr=[localhost]:60642, remote=[localhost]:29504): Broken pipe
Exception raised from sendBytes at /pytorch/torch/csrc/distributed/c10d/Utils.hpp:653 (most recent call first):
frame #0: c10::Error::Error(c10::SourceLocation, std::__cxx11::basic_string<char, std::char_traits<char>, std::allocator<char> >) + 0x98 (0x7d295f5785e8 in /home/ycyh/miniconda3/envs/LoRA/lib/python3.11/site-packages/torch/lib/libc10.so)
frame #1: <unknown function> + 0x5ba8b0e (0x7d29511a8b0e in /home/ycyh/miniconda3/envs/LoRA/lib/python3.11/site-packages/torch/lib/libtorch_cpu.so)
frame #2: <unknown function> + 0x5baa368 (0x7d29511aa368 in /home/ycyh/miniconda3/envs/LoRA/lib/python3.11/site-packages/torch/lib/libtorch_cpu.so)
frame #3: <unknown function> + 0x5babb4e (0x7d29511abb4e in /home/ycyh/miniconda3/envs/LoRA/lib/python3.11/site-packages/torch/lib/libtorch_cpu.so)
frame #4: c10d::TCPStore::check(std::vector<std::__cxx11::basic_string<char, std::char_traits<char>, std::allocator<char> >, std::allocator<std::__cxx11::basic_string<char, std::char_traits<char>, std::allocator<char> > > > const&) + 0x298 (0x7d29511a51a8 in /home/ycyh/miniconda3/envs/LoRA/lib/python3.11/site-packages/torch/lib/libtorch_cpu.so)
frame #5: c10d::ProcessGroupNCCL::heartbeatMonitor() + 0x379 (0x7d290d526729 in /home/ycyh/miniconda3/envs/LoRA/lib/python3.11/site-packages/torch/lib/libtorch_cuda.so)
frame #6: <unknown function> + 0xd828c (0x7d2a04eeb28c in /home/ycyh/miniconda3/envs/LoRA/bin/../lib/libstdc++.so.6)
frame #7: <unknown function> + 0x9caa4 (0x7d2a07a9caa4 in /lib/x86_64-linux-gnu/libc.so.6)
frame #8: <unknown function> + 0x129c6c (0x7d2a07b29c6c in /lib/x86_64-linux-gnu/libc.so.6)

[rank0]:[W508 17:57:17.972265129 ProcessGroupNCCL.cpp:1662] [PG ID 0 PG GUID 0(default_pg) Rank 0] Failed to check the "should dump" flag on TCPStore, (maybe TCPStore server has shut down too early), with error: Broken pipe
[rank0]:[W508 17:57:18.972473772 TCPStore.cpp:106] [c10d] sendBytes failed on SocketImpl(fd=3, addr=[localhost]:60642, remote=[localhost]:29504): Broken pipe
Exception raised from sendBytes at /pytorch/torch/csrc/distributed/c10d/Utils.hpp:653 (most recent call first):
frame #0: c10::Error::Error(c10::SourceLocation, std::__cxx11::basic_string<char, std::char_traits<char>, std::allocator<char> >) + 0x98 (0x7d295f5785e8 in /home/ycyh/miniconda3/envs/LoRA/lib/python3.11/site-packages/torch/lib/libc10.so)
frame #1: <unknown function> + 0x5ba8b0e (0x7d29511a8b0e in /home/ycyh/miniconda3/envs/LoRA/lib/python3.11/site-packages/torch/lib/libtorch_cpu.so)
frame #2: <unknown function> + 0x5baa368 (0x7d29511aa368 in /home/ycyh/miniconda3/envs/LoRA/lib/python3.11/site-packages/torch/lib/libtorch_cpu.so)
frame #3: <unknown function> + 0x5babb4e (0x7d29511abb4e in /home/ycyh/miniconda3/envs/LoRA/lib/python3.11/site-packages/torch/lib/libtorch_cpu.so)
frame #4: c10d::TCPStore::check(std::vector<std::__cxx11::basic_string<char, std::char_traits<char>, std::allocator<char> >, std::allocator<std::__cxx11::basic_string<char, std::char_traits<char>, std::allocator<char> > > > const&) + 0x298 (0x7d29511a51a8 in /home/ycyh/miniconda3/envs/LoRA/lib/python3.11/site-packages/torch/lib/libtorch_cpu.so)
frame #5: c10d::ProcessGroupNCCL::heartbeatMonitor() + 0x379 (0x7d290d526729 in /home/ycyh/miniconda3/envs/LoRA/lib/python3.11/site-packages/torch/lib/libtorch_cuda.so)
frame #6: <unknown function> + 0xd828c (0x7d2a04eeb28c in /home/ycyh/miniconda3/envs/LoRA/bin/../lib/libstdc++.so.6)
frame #7: <unknown function> + 0x9caa4 (0x7d2a07a9caa4 in /lib/x86_64-linux-gnu/libc.so.6)
frame #8: <unknown function> + 0x129c6c (0x7d2a07b29c6c in /lib/x86_64-linux-gnu/libc.so.6)

[rank0]:[W508 17:57:18.977681989 ProcessGroupNCCL.cpp:1662] [PG ID 0 PG GUID 0(default_pg) Rank 0] Failed to check the "should dump" flag on TCPStore, (maybe TCPStore server has shut down too early), with error: Broken pipe
[rank0]:[W508 17:57:19.977875727 TCPStore.cpp:106] [c10d] sendBytes failed on SocketImpl(fd=3, addr=[localhost]:60642, remote=[localhost]:29504): Broken pipe
Exception raised from sendBytes at /pytorch/torch/csrc/distributed/c10d/Utils.hpp:653 (most recent call first):
frame #0: c10::Error::Error(c10::SourceLocation, std::__cxx11::basic_string<char, std::char_traits<char>, std::allocator<char> >) + 0x98 (0x7d295f5785e8 in /home/ycyh/miniconda3/envs/LoRA/lib/python3.11/site-packages/torch/lib/libc10.so)
frame #1: <unknown function> + 0x5ba8b0e (0x7d29511a8b0e in /home/ycyh/miniconda3/envs/LoRA/lib/python3.11/site-packages/torch/lib/libtorch_cpu.so)
frame #2: <unknown function> + 0x5baa368 (0x7d29511aa368 in /home/ycyh/miniconda3/envs/LoRA/lib/python3.11/site-packages/torch/lib/libtorch_cpu.so)
frame #3: <unknown function> + 0x5babb4e (0x7d29511abb4e in /home/ycyh/miniconda3/envs/LoRA/lib/python3.11/site-packages/torch/lib/libtorch_cpu.so)
frame #4: c10d::TCPStore::check(std::vector<std::__cxx11::basic_string<char, std::char_traits<char>, std::allocator<char> >, std::allocator<std::__cxx11::basic_string<char, std::char_traits<char>, std::allocator<char> > > > const&) + 0x298 (0x7d29511a51a8 in /home/ycyh/miniconda3/envs/LoRA/lib/python3.11/site-packages/torch/lib/libtorch_cpu.so)
frame #5: c10d::ProcessGroupNCCL::heartbeatMonitor() + 0x379 (0x7d290d526729 in /home/ycyh/miniconda3/envs/LoRA/lib/python3.11/site-packages/torch/lib/libtorch_cuda.so)
frame #6: <unknown function> + 0xd828c (0x7d2a04eeb28c in /home/ycyh/miniconda3/envs/LoRA/bin/../lib/libstdc++.so.6)
frame #7: <unknown function> + 0x9caa4 (0x7d2a07a9caa4 in /lib/x86_64-linux-gnu/libc.so.6)
frame #8: <unknown function> + 0x129c6c (0x7d2a07b29c6c in /lib/x86_64-linux-gnu/libc.so.6)

[rank0]:[W508 17:57:19.983125981 ProcessGroupNCCL.cpp:1662] [PG ID 0 PG GUID 0(default_pg) Rank 0] Failed to check the "should dump" flag on TCPStore, (maybe TCPStore server has shut down too early), with error: Broken pipe
[rank0]:[W508 17:57:20.983322192 TCPStore.cpp:106] [c10d] sendBytes failed on SocketImpl(fd=3, addr=[localhost]:60642, remote=[localhost]:29504): Broken pipe
Exception raised from sendBytes at /pytorch/torch/csrc/distributed/c10d/Utils.hpp:653 (most recent call first):
frame #0: c10::Error::Error(c10::SourceLocation, std::__cxx11::basic_string<char, std::char_traits<char>, std::allocator<char> >) + 0x98 (0x7d295f5785e8 in /home/ycyh/miniconda3/envs/LoRA/lib/python3.11/site-packages/torch/lib/libc10.so)
frame #1: <unknown function> + 0x5ba8b0e (0x7d29511a8b0e in /home/ycyh/miniconda3/envs/LoRA/lib/python3.11/site-packages/torch/lib/libtorch_cpu.so)
frame #2: <unknown function> + 0x5baa368 (0x7d29511aa368 in /home/ycyh/miniconda3/envs/LoRA/lib/python3.11/site-packages/torch/lib/libtorch_cpu.so)
frame #3: <unknown function> + 0x5babb4e (0x7d29511abb4e in /home/ycyh/miniconda3/envs/LoRA/lib/python3.11/site-packages/torch/lib/libtorch_cpu.so)
frame #4: c10d::TCPStore::check(std::vector<std::__cxx11::basic_string<char, std::char_traits<char>, std::allocator<char> >, std::allocator<std::__cxx11::basic_string<char, std::char_traits<char>, std::allocator<char> > > > const&) + 0x298 (0x7d29511a51a8 in /home/ycyh/miniconda3/envs/LoRA/lib/python3.11/site-packages/torch/lib/libtorch_cpu.so)
frame #5: c10d::ProcessGroupNCCL::heartbeatMonitor() + 0x379 (0x7d290d526729 in /home/ycyh/miniconda3/envs/LoRA/lib/python3.11/site-packages/torch/lib/libtorch_cuda.so)
frame #6: <unknown function> + 0xd828c (0x7d2a04eeb28c in /home/ycyh/miniconda3/envs/LoRA/bin/../lib/libstdc++.so.6)
frame #7: <unknown function> + 0x9caa4 (0x7d2a07a9caa4 in /lib/x86_64-linux-gnu/libc.so.6)
frame #8: <unknown function> + 0x129c6c (0x7d2a07b29c6c in /lib/x86_64-linux-gnu/libc.so.6)

[rank0]:[W508 17:57:20.988656965 ProcessGroupNCCL.cpp:1662] [PG ID 0 PG GUID 0(default_pg) Rank 0] Failed to check the "should dump" flag on TCPStore, (maybe TCPStore server has shut down too early), with error: Broken pipe
[rank0]:[W508 17:57:21.988856664 TCPStore.cpp:106] [c10d] sendBytes failed on SocketImpl(fd=3, addr=[localhost]:60642, remote=[localhost]:29504): Broken pipe
Exception raised from sendBytes at /pytorch/torch/csrc/distributed/c10d/Utils.hpp:653 (most recent call first):
frame #0: c10::Error::Error(c10::SourceLocation, std::__cxx11::basic_string<char, std::char_traits<char>, std::allocator<char> >) + 0x98 (0x7d295f5785e8 in /home/ycyh/miniconda3/envs/LoRA/lib/python3.11/site-packages/torch/lib/libc10.so)
frame #1: <unknown function> + 0x5ba8b0e (0x7d29511a8b0e in /home/ycyh/miniconda3/envs/LoRA/lib/python3.11/site-packages/torch/lib/libtorch_cpu.so)
frame #2: <unknown function> + 0x5baa368 (0x7d29511aa368 in /home/ycyh/miniconda3/envs/LoRA/lib/python3.11/site-packages/torch/lib/libtorch_cpu.so)
frame #3: <unknown function> + 0x5babb4e (0x7d29511abb4e in /home/ycyh/miniconda3/envs/LoRA/lib/python3.11/site-packages/torch/lib/libtorch_cpu.so)
frame #4: c10d::TCPStore::check(std::vector<std::__cxx11::basic_string<char, std::char_traits<char>, std::allocator<char> >, std::allocator<std::__cxx11::basic_string<char, std::char_traits<char>, std::allocator<char> > > > const&) + 0x298 (0x7d29511a51a8 in /home/ycyh/miniconda3/envs/LoRA/lib/python3.11/site-packages/torch/lib/libtorch_cpu.so)
frame #5: c10d::ProcessGroupNCCL::heartbeatMonitor() + 0x379 (0x7d290d526729 in /home/ycyh/miniconda3/envs/LoRA/lib/python3.11/site-packages/torch/lib/libtorch_cuda.so)
frame #6: <unknown function> + 0xd828c (0x7d2a04eeb28c in /home/ycyh/miniconda3/envs/LoRA/bin/../lib/libstdc++.so.6)
frame #7: <unknown function> + 0x9caa4 (0x7d2a07a9caa4 in /lib/x86_64-linux-gnu/libc.so.6)
frame #8: <unknown function> + 0x129c6c (0x7d2a07b29c6c in /lib/x86_64-linux-gnu/libc.so.6)

[rank0]:[W508 17:57:21.994230393 ProcessGroupNCCL.cpp:1662] [PG ID 0 PG GUID 0(default_pg) Rank 0] Failed to check the "should dump" flag on TCPStore, (maybe TCPStore server has shut down too early), with error: Broken pipe
[rank0]:[W508 17:57:22.994432986 TCPStore.cpp:106] [c10d] sendBytes failed on SocketImpl(fd=3, addr=[localhost]:60642, remote=[localhost]:29504): Broken pipe
Exception raised from sendBytes at /pytorch/torch/csrc/distributed/c10d/Utils.hpp:653 (most recent call first):
frame #0: c10::Error::Error(c10::SourceLocation, std::__cxx11::basic_string<char, std::char_traits<char>, std::allocator<char> >) + 0x98 (0x7d295f5785e8 in /home/ycyh/miniconda3/envs/LoRA/lib/python3.11/site-packages/torch/lib/libc10.so)
frame #1: <unknown function> + 0x5ba8b0e (0x7d29511a8b0e in /home/ycyh/miniconda3/envs/LoRA/lib/python3.11/site-packages/torch/lib/libtorch_cpu.so)
frame #2: <unknown function> + 0x5baa368 (0x7d29511aa368 in /home/ycyh/miniconda3/envs/LoRA/lib/python3.11/site-packages/torch/lib/libtorch_cpu.so)
frame #3: <unknown function> + 0x5babb4e (0x7d29511abb4e in /home/ycyh/miniconda3/envs/LoRA/lib/python3.11/site-packages/torch/lib/libtorch_cpu.so)
frame #4: c10d::TCPStore::check(std::vector<std::__cxx11::basic_string<char, std::char_traits<char>, std::allocator<char> >, std::allocator<std::__cxx11::basic_string<char, std::char_traits<char>, std::allocator<char> > > > const&) + 0x298 (0x7d29511a51a8 in /home/ycyh/miniconda3/envs/LoRA/lib/python3.11/site-packages/torch/lib/libtorch_cpu.so)
frame #5: c10d::ProcessGroupNCCL::heartbeatMonitor() + 0x379 (0x7d290d526729 in /home/ycyh/miniconda3/envs/LoRA/lib/python3.11/site-packages/torch/lib/libtorch_cuda.so)
frame #6: <unknown function> + 0xd828c (0x7d2a04eeb28c in /home/ycyh/miniconda3/envs/LoRA/bin/../lib/libstdc++.so.6)
frame #7: <unknown function> + 0x9caa4 (0x7d2a07a9caa4 in /lib/x86_64-linux-gnu/libc.so.6)
frame #8: <unknown function> + 0x129c6c (0x7d2a07b29c6c in /lib/x86_64-linux-gnu/libc.so.6)

[rank0]:[W508 17:57:22.999702374 ProcessGroupNCCL.cpp:1662] [PG ID 0 PG GUID 0(default_pg) Rank 0] Failed to check the "should dump" flag on TCPStore, (maybe TCPStore server has shut down too early), with error: Broken pipe
[rank0]:[W508 17:57:23.999906705 TCPStore.cpp:106] [c10d] sendBytes failed on SocketImpl(fd=3, addr=[localhost]:60642, remote=[localhost]:29504): Broken pipe
Exception raised from sendBytes at /pytorch/torch/csrc/distributed/c10d/Utils.hpp:653 (most recent call first):
frame #0: c10::Error::Error(c10::SourceLocation, std::__cxx11::basic_string<char, std::char_traits<char>, std::allocator<char> >) + 0x98 (0x7d295f5785e8 in /home/ycyh/miniconda3/envs/LoRA/lib/python3.11/site-packages/torch/lib/libc10.so)
frame #1: <unknown function> + 0x5ba8b0e (0x7d29511a8b0e in /home/ycyh/miniconda3/envs/LoRA/lib/python3.11/site-packages/torch/lib/libtorch_cpu.so)
frame #2: <unknown function> + 0x5baa368 (0x7d29511aa368 in /home/ycyh/miniconda3/envs/LoRA/lib/python3.11/site-packages/torch/lib/libtorch_cpu.so)
frame #3: <unknown function> + 0x5babb4e (0x7d29511abb4e in /home/ycyh/miniconda3/envs/LoRA/lib/python3.11/site-packages/torch/lib/libtorch_cpu.so)
frame #4: c10d::TCPStore::check(std::vector<std::__cxx11::basic_string<char, std::char_traits<char>, std::allocator<char> >, std::allocator<std::__cxx11::basic_string<char, std::char_traits<char>, std::allocator<char> > > > const&) + 0x298 (0x7d29511a51a8 in /home/ycyh/miniconda3/envs/LoRA/lib/python3.11/site-packages/torch/lib/libtorch_cpu.so)
frame #5: c10d::ProcessGroupNCCL::heartbeatMonitor() + 0x379 (0x7d290d526729 in /home/ycyh/miniconda3/envs/LoRA/lib/python3.11/site-packages/torch/lib/libtorch_cuda.so)
frame #6: <unknown function> + 0xd828c (0x7d2a04eeb28c in /home/ycyh/miniconda3/envs/LoRA/bin/../lib/libstdc++.so.6)
frame #7: <unknown function> + 0x9caa4 (0x7d2a07a9caa4 in /lib/x86_64-linux-gnu/libc.so.6)
frame #8: <unknown function> + 0x129c6c (0x7d2a07b29c6c in /lib/x86_64-linux-gnu/libc.so.6)

[rank0]:[W508 17:57:23.005196751 ProcessGroupNCCL.cpp:1662] [PG ID 0 PG GUID 0(default_pg) Rank 0] Failed to check the "should dump" flag on TCPStore, (maybe TCPStore server has shut down too early), with error: Broken pipe
[rank0]:[W508 17:57:25.005472412 TCPStore.cpp:106] [c10d] sendBytes failed on SocketImpl(fd=3, addr=[localhost]:60642, remote=[localhost]:29504): Broken pipe
Exception raised from sendBytes at /pytorch/torch/csrc/distributed/c10d/Utils.hpp:653 (most recent call first):
frame #0: c10::Error::Error(c10::SourceLocation, std::__cxx11::basic_string<char, std::char_traits<char>, std::allocator<char> >) + 0x98 (0x7d295f5785e8 in /home/ycyh/miniconda3/envs/LoRA/lib/python3.11/site-packages/torch/lib/libc10.so)
frame #1: <unknown function> + 0x5ba8b0e (0x7d29511a8b0e in /home/ycyh/miniconda3/envs/LoRA/lib/python3.11/site-packages/torch/lib/libtorch_cpu.so)
frame #2: <unknown function> + 0x5baa368 (0x7d29511aa368 in /home/ycyh/miniconda3/envs/LoRA/lib/python3.11/site-packages/torch/lib/libtorch_cpu.so)
frame #3: <unknown function> + 0x5babb4e (0x7d29511abb4e in /home/ycyh/miniconda3/envs/LoRA/lib/python3.11/site-packages/torch/lib/libtorch_cpu.so)
frame #4: c10d::TCPStore::check(std::vector<std::__cxx11::basic_string<char, std::char_traits<char>, std::allocator<char> >, std::allocator<std::__cxx11::basic_string<char, std::char_traits<char>, std::allocator<char> > > > const&) + 0x298 (0x7d29511a51a8 in /home/ycyh/miniconda3/envs/LoRA/lib/python3.11/site-packages/torch/lib/libtorch_cpu.so)
frame #5: c10d::ProcessGroupNCCL::heartbeatMonitor() + 0x379 (0x7d290d526729 in /home/ycyh/miniconda3/envs/LoRA/lib/python3.11/site-packages/torch/lib/libtorch_cuda.so)
frame #6: <unknown function> + 0xd828c (0x7d2a04eeb28c in /home/ycyh/miniconda3/envs/LoRA/bin/../lib/libstdc++.so.6)
frame #7: <unknown function> + 0x9caa4 (0x7d2a07a9caa4 in /lib/x86_64-linux-gnu/libc.so.6)
frame #8: <unknown function> + 0x129c6c (0x7d2a07b29c6c in /lib/x86_64-linux-gnu/libc.so.6)

[rank0]:[W508 17:57:25.010759337 ProcessGroupNCCL.cpp:1662] [PG ID 0 PG GUID 0(default_pg) Rank 0] Failed to check the "should dump" flag on TCPStore, (maybe TCPStore server has shut down too early), with error: Broken pipe
[rank0]:[W508 17:57:26.010961976 TCPStore.cpp:106] [c10d] sendBytes failed on SocketImpl(fd=3, addr=[localhost]:60642, remote=[localhost]:29504): Broken pipe
Exception raised from sendBytes at /pytorch/torch/csrc/distributed/c10d/Utils.hpp:653 (most recent call first):
frame #0: c10::Error::Error(c10::SourceLocation, std::__cxx11::basic_string<char, std::char_traits<char>, std::allocator<char> >) + 0x98 (0x7d295f5785e8 in /home/ycyh/miniconda3/envs/LoRA/lib/python3.11/site-packages/torch/lib/libc10.so)
frame #1: <unknown function> + 0x5ba8b0e (0x7d29511a8b0e in /home/ycyh/miniconda3/envs/LoRA/lib/python3.11/site-packages/torch/lib/libtorch_cpu.so)
frame #2: <unknown function> + 0x5baa368 (0x7d29511aa368 in /home/ycyh/miniconda3/envs/LoRA/lib/python3.11/site-packages/torch/lib/libtorch_cpu.so)
frame #3: <unknown function> + 0x5babb4e (0x7d29511abb4e in /home/ycyh/miniconda3/envs/LoRA/lib/python3.11/site-packages/torch/lib/libtorch_cpu.so)
frame #4: c10d::TCPStore::check(std::vector<std::__cxx11::basic_string<char, std::char_traits<char>, std::allocator<char> >, std::allocator<std::__cxx11::basic_string<char, std::char_traits<char>, std::allocator<char> > > > const&) + 0x298 (0x7d29511a51a8 in /home/ycyh/miniconda3/envs/LoRA/lib/python3.11/site-packages/torch/lib/libtorch_cpu.so)
frame #5: c10d::ProcessGroupNCCL::heartbeatMonitor() + 0x379 (0x7d290d526729 in /home/ycyh/miniconda3/envs/LoRA/lib/python3.11/site-packages/torch/lib/libtorch_cuda.so)
frame #6: <unknown function> + 0xd828c (0x7d2a04eeb28c in /home/ycyh/miniconda3/envs/LoRA/bin/../lib/libstdc++.so.6)
frame #7: <unknown function> + 0x9caa4 (0x7d2a07a9caa4 in /lib/x86_64-linux-gnu/libc.so.6)
frame #8: <unknown function> + 0x129c6c (0x7d2a07b29c6c in /lib/x86_64-linux-gnu/libc.so.6)

[rank0]:[W508 17:57:26.016247559 ProcessGroupNCCL.cpp:1662] [PG ID 0 PG GUID 0(default_pg) Rank 0] Failed to check the "should dump" flag on TCPStore, (maybe TCPStore server has shut down too early), with error: Broken pipe
[rank0]:[W508 17:57:28.016515166 TCPStore.cpp:106] [c10d] sendBytes failed on SocketImpl(fd=3, addr=[localhost]:60642, remote=[localhost]:29504): Broken pipe
Exception raised from sendBytes at /pytorch/torch/csrc/distributed/c10d/Utils.hpp:653 (most recent call first):
frame #0: c10::Error::Error(c10::SourceLocation, std::__cxx11::basic_string<char, std::char_traits<char>, std::allocator<char> >) + 0x98 (0x7d295f5785e8 in /home/ycyh/miniconda3/envs/LoRA/lib/python3.11/site-packages/torch/lib/libc10.so)
frame #1: <unknown function> + 0x5ba8b0e (0x7d29511a8b0e in /home/ycyh/miniconda3/envs/LoRA/lib/python3.11/site-packages/torch/lib/libtorch_cpu.so)
frame #2: <unknown function> + 0x5baa368 (0x7d29511aa368 in /home/ycyh/miniconda3/envs/LoRA/lib/python3.11/site-packages/torch/lib/libtorch_cpu.so)
frame #3: <unknown function> + 0x5babb4e (0x7d29511abb4e in /home/ycyh/miniconda3/envs/LoRA/lib/python3.11/site-packages/torch/lib/libtorch_cpu.so)
frame #4: c10d::TCPStore::check(std::vector<std::__cxx11::basic_string<char, std::char_traits<char>, std::allocator<char> >, std::allocator<std::__cxx11::basic_string<char, std::char_traits<char>, std::allocator<char> > > > const&) + 0x298 (0x7d29511a51a8 in /home/ycyh/miniconda3/envs/LoRA/lib/python3.11/site-packages/torch/lib/libtorch_cpu.so)
frame #5: c10d::ProcessGroupNCCL::heartbeatMonitor() + 0x379 (0x7d290d526729 in /home/ycyh/miniconda3/envs/LoRA/lib/python3.11/site-packages/torch/lib/libtorch_cuda.so)
frame #6: <unknown function> + 0xd828c (0x7d2a04eeb28c in /home/ycyh/miniconda3/envs/LoRA/bin/../lib/libstdc++.so.6)
frame #7: <unknown function> + 0x9caa4 (0x7d2a07a9caa4 in /lib/x86_64-linux-gnu/libc.so.6)
frame #8: <unknown function> + 0x129c6c (0x7d2a07b29c6c in /lib/x86_64-linux-gnu/libc.so.6)

[rank0]:[W508 17:57:28.021738684 ProcessGroupNCCL.cpp:1662] [PG ID 0 PG GUID 0(default_pg) Rank 0] Failed to check the "should dump" flag on TCPStore, (maybe TCPStore server has shut down too early), with error: Broken pipe
[rank0]:[W508 17:57:29.021942455 TCPStore.cpp:106] [c10d] sendBytes failed on SocketImpl(fd=3, addr=[localhost]:60642, remote=[localhost]:29504): Broken pipe
Exception raised from sendBytes at /pytorch/torch/csrc/distributed/c10d/Utils.hpp:653 (most recent call first):
frame #0: c10::Error::Error(c10::SourceLocation, std::__cxx11::basic_string<char, std::char_traits<char>, std::allocator<char> >) + 0x98 (0x7d295f5785e8 in /home/ycyh/miniconda3/envs/LoRA/lib/python3.11/site-packages/torch/lib/libc10.so)
frame #1: <unknown function> + 0x5ba8b0e (0x7d29511a8b0e in /home/ycyh/miniconda3/envs/LoRA/lib/python3.11/site-packages/torch/lib/libtorch_cpu.so)
frame #2: <unknown function> + 0x5baa368 (0x7d29511aa368 in /home/ycyh/miniconda3/envs/LoRA/lib/python3.11/site-packages/torch/lib/libtorch_cpu.so)
frame #3: <unknown function> + 0x5babb4e (0x7d29511abb4e in /home/ycyh/miniconda3/envs/LoRA/lib/python3.11/site-packages/torch/lib/libtorch_cpu.so)
frame #4: c10d::TCPStore::check(std::vector<std::__cxx11::basic_string<char, std::char_traits<char>, std::allocator<char> >, std::allocator<std::__cxx11::basic_string<char, std::char_traits<char>, std::allocator<char> > > > const&) + 0x298 (0x7d29511a51a8 in /home/ycyh/miniconda3/envs/LoRA/lib/python3.11/site-packages/torch/lib/libtorch_cpu.so)
frame #5: c10d::ProcessGroupNCCL::heartbeatMonitor() + 0x379 (0x7d290d526729 in /home/ycyh/miniconda3/envs/LoRA/lib/python3.11/site-packages/torch/lib/libtorch_cuda.so)
frame #6: <unknown function> + 0xd828c (0x7d2a04eeb28c in /home/ycyh/miniconda3/envs/LoRA/bin/../lib/libstdc++.so.6)
frame #7: <unknown function> + 0x9caa4 (0x7d2a07a9caa4 in /lib/x86_64-linux-gnu/libc.so.6)
frame #8: <unknown function> + 0x129c6c (0x7d2a07b29c6c in /lib/x86_64-linux-gnu/libc.so.6)

[rank0]:[W508 17:57:29.027166681 ProcessGroupNCCL.cpp:1662] [PG ID 0 PG GUID 0(default_pg) Rank 0] Failed to check the "should dump" flag on TCPStore, (maybe TCPStore server has shut down too early), with error: Broken pipe
[rank0]:[W508 17:57:30.027367634 TCPStore.cpp:106] [c10d] sendBytes failed on SocketImpl(fd=3, addr=[localhost]:60642, remote=[localhost]:29504): Broken pipe
Exception raised from sendBytes at /pytorch/torch/csrc/distributed/c10d/Utils.hpp:653 (most recent call first):
frame #0: c10::Error::Error(c10::SourceLocation, std::__cxx11::basic_string<char, std::char_traits<char>, std::allocator<char> >) + 0x98 (0x7d295f5785e8 in /home/ycyh/miniconda3/envs/LoRA/lib/python3.11/site-packages/torch/lib/libc10.so)
frame #1: <unknown function> + 0x5ba8b0e (0x7d29511a8b0e in /home/ycyh/miniconda3/envs/LoRA/lib/python3.11/site-packages/torch/lib/libtorch_cpu.so)
frame #2: <unknown function> + 0x5baa368 (0x7d29511aa368 in /home/ycyh/miniconda3/envs/LoRA/lib/python3.11/site-packages/torch/lib/libtorch_cpu.so)
frame #3: <unknown function> + 0x5babb4e (0x7d29511abb4e in /home/ycyh/miniconda3/envs/LoRA/lib/python3.11/site-packages/torch/lib/libtorch_cpu.so)
frame #4: c10d::TCPStore::check(std::vector<std::__cxx11::basic_string<char, std::char_traits<char>, std::allocator<char> >, std::allocator<std::__cxx11::basic_string<char, std::char_traits<char>, std::allocator<char> > > > const&) + 0x298 (0x7d29511a51a8 in /home/ycyh/miniconda3/envs/LoRA/lib/python3.11/site-packages/torch/lib/libtorch_cpu.so)
frame #5: c10d::ProcessGroupNCCL::heartbeatMonitor() + 0x379 (0x7d290d526729 in /home/ycyh/miniconda3/envs/LoRA/lib/python3.11/site-packages/torch/lib/libtorch_cuda.so)
frame #6: <unknown function> + 0xd828c (0x7d2a04eeb28c in /home/ycyh/miniconda3/envs/LoRA/bin/../lib/libstdc++.so.6)
frame #7: <unknown function> + 0x9caa4 (0x7d2a07a9caa4 in /lib/x86_64-linux-gnu/libc.so.6)
frame #8: <unknown function> + 0x129c6c (0x7d2a07b29c6c in /lib/x86_64-linux-gnu/libc.so.6)

[rank0]:[W508 17:57:30.032726297 ProcessGroupNCCL.cpp:1662] [PG ID 0 PG GUID 0(default_pg) Rank 0] Failed to check the "should dump" flag on TCPStore, (maybe TCPStore server has shut down too early), with error: Broken pipe
[rank0]:[W508 17:57:31.032922530 TCPStore.cpp:106] [c10d] sendBytes failed on SocketImpl(fd=3, addr=[localhost]:60642, remote=[localhost]:29504): Broken pipe
Exception raised from sendBytes at /pytorch/torch/csrc/distributed/c10d/Utils.hpp:653 (most recent call first):
frame #0: c10::Error::Error(c10::SourceLocation, std::__cxx11::basic_string<char, std::char_traits<char>, std::allocator<char> >) + 0x98 (0x7d295f5785e8 in /home/ycyh/miniconda3/envs/LoRA/lib/python3.11/site-packages/torch/lib/libc10.so)
frame #1: <unknown function> + 0x5ba8b0e (0x7d29511a8b0e in /home/ycyh/miniconda3/envs/LoRA/lib/python3.11/site-packages/torch/lib/libtorch_cpu.so)
frame #2: <unknown function> + 0x5baa368 (0x7d29511aa368 in /home/ycyh/miniconda3/envs/LoRA/lib/python3.11/site-packages/torch/lib/libtorch_cpu.so)
frame #3: <unknown function> + 0x5babb4e (0x7d29511abb4e in /home/ycyh/miniconda3/envs/LoRA/lib/python3.11/site-packages/torch/lib/libtorch_cpu.so)
frame #4: c10d::TCPStore::check(std::vector<std::__cxx11::basic_string<char, std::char_traits<char>, std::allocator<char> >, std::allocator<std::__cxx11::basic_string<char, std::char_traits<char>, std::allocator<char> > > > const&) + 0x298 (0x7d29511a51a8 in /home/ycyh/miniconda3/envs/LoRA/lib/python3.11/site-packages/torch/lib/libtorch_cpu.so)
frame #5: c10d::ProcessGroupNCCL::heartbeatMonitor() + 0x379 (0x7d290d526729 in /home/ycyh/miniconda3/envs/LoRA/lib/python3.11/site-packages/torch/lib/libtorch_cuda.so)
frame #6: <unknown function> + 0xd828c (0x7d2a04eeb28c in /home/ycyh/miniconda3/envs/LoRA/bin/../lib/libstdc++.so.6)
frame #7: <unknown function> + 0x9caa4 (0x7d2a07a9caa4 in /lib/x86_64-linux-gnu/libc.so.6)
frame #8: <unknown function> + 0x129c6c (0x7d2a07b29c6c in /lib/x86_64-linux-gnu/libc.so.6)

[rank0]:[W508 17:57:31.038197411 ProcessGroupNCCL.cpp:1662] [PG ID 0 PG GUID 0(default_pg) Rank 0] Failed to check the "should dump" flag on TCPStore, (maybe TCPStore server has shut down too early), with error: Broken pipe
[rank0]:[W508 17:57:32.038417992 TCPStore.cpp:106] [c10d] sendBytes failed on SocketImpl(fd=3, addr=[localhost]:60642, remote=[localhost]:29504): Broken pipe
Exception raised from sendBytes at /pytorch/torch/csrc/distributed/c10d/Utils.hpp:653 (most recent call first):
frame #0: c10::Error::Error(c10::SourceLocation, std::__cxx11::basic_string<char, std::char_traits<char>, std::allocator<char> >) + 0x98 (0x7d295f5785e8 in /home/ycyh/miniconda3/envs/LoRA/lib/python3.11/site-packages/torch/lib/libc10.so)
frame #1: <unknown function> + 0x5ba8b0e (0x7d29511a8b0e in /home/ycyh/miniconda3/envs/LoRA/lib/python3.11/site-packages/torch/lib/libtorch_cpu.so)
frame #2: <unknown function> + 0x5baa368 (0x7d29511aa368 in /home/ycyh/miniconda3/envs/LoRA/lib/python3.11/site-packages/torch/lib/libtorch_cpu.so)
frame #3: <unknown function> + 0x5babb4e (0x7d29511abb4e in /home/ycyh/miniconda3/envs/LoRA/lib/python3.11/site-packages/torch/lib/libtorch_cpu.so)
frame #4: c10d::TCPStore::check(std::vector<std::__cxx11::basic_string<char, std::char_traits<char>, std::allocator<char> >, std::allocator<std::__cxx11::basic_string<char, std::char_traits<char>, std::allocator<char> > > > const&) + 0x298 (0x7d29511a51a8 in /home/ycyh/miniconda3/envs/LoRA/lib/python3.11/site-packages/torch/lib/libtorch_cpu.so)
frame #5: c10d::ProcessGroupNCCL::heartbeatMonitor() + 0x379 (0x7d290d526729 in /home/ycyh/miniconda3/envs/LoRA/lib/python3.11/site-packages/torch/lib/libtorch_cuda.so)
frame #6: <unknown function> + 0xd828c (0x7d2a04eeb28c in /home/ycyh/miniconda3/envs/LoRA/bin/../lib/libstdc++.so.6)
frame #7: <unknown function> + 0x9caa4 (0x7d2a07a9caa4 in /lib/x86_64-linux-gnu/libc.so.6)
frame #8: <unknown function> + 0x129c6c (0x7d2a07b29c6c in /lib/x86_64-linux-gnu/libc.so.6)

[rank0]:[W508 17:57:32.043810533 ProcessGroupNCCL.cpp:1662] [PG ID 0 PG GUID 0(default_pg) Rank 0] Failed to check the "should dump" flag on TCPStore, (maybe TCPStore server has shut down too early), with error: Broken pipe
[rank0]:[W508 17:57:33.044023993 TCPStore.cpp:106] [c10d] sendBytes failed on SocketImpl(fd=3, addr=[localhost]:60642, remote=[localhost]:29504): Broken pipe
Exception raised from sendBytes at /pytorch/torch/csrc/distributed/c10d/Utils.hpp:653 (most recent call first):
frame #0: c10::Error::Error(c10::SourceLocation, std::__cxx11::basic_string<char, std::char_traits<char>, std::allocator<char> >) + 0x98 (0x7d295f5785e8 in /home/ycyh/miniconda3/envs/LoRA/lib/python3.11/site-packages/torch/lib/libc10.so)
frame #1: <unknown function> + 0x5ba8b0e (0x7d29511a8b0e in /home/ycyh/miniconda3/envs/LoRA/lib/python3.11/site-packages/torch/lib/libtorch_cpu.so)
frame #2: <unknown function> + 0x5baa368 (0x7d29511aa368 in /home/ycyh/miniconda3/envs/LoRA/lib/python3.11/site-packages/torch/lib/libtorch_cpu.so)
frame #3: <unknown function> + 0x5babb4e (0x7d29511abb4e in /home/ycyh/miniconda3/envs/LoRA/lib/python3.11/site-packages/torch/lib/libtorch_cpu.so)
frame #4: c10d::TCPStore::check(std::vector<std::__cxx11::basic_string<char, std::char_traits<char>, std::allocator<char> >, std::allocator<std::__cxx11::basic_string<char, std::char_traits<char>, std::allocator<char> > > > const&) + 0x298 (0x7d29511a51a8 in /home/ycyh/miniconda3/envs/LoRA/lib/python3.11/site-packages/torch/lib/libtorch_cpu.so)
frame #5: c10d::ProcessGroupNCCL::heartbeatMonitor() + 0x379 (0x7d290d526729 in /home/ycyh/miniconda3/envs/LoRA/lib/python3.11/site-packages/torch/lib/libtorch_cuda.so)
frame #6: <unknown function> + 0xd828c (0x7d2a04eeb28c in /home/ycyh/miniconda3/envs/LoRA/bin/../lib/libstdc++.so.6)
frame #7: <unknown function> + 0x9caa4 (0x7d2a07a9caa4 in /lib/x86_64-linux-gnu/libc.so.6)
frame #8: <unknown function> + 0x129c6c (0x7d2a07b29c6c in /lib/x86_64-linux-gnu/libc.so.6)

[rank0]:[W508 17:57:33.049232970 ProcessGroupNCCL.cpp:1662] [PG ID 0 PG GUID 0(default_pg) Rank 0] Failed to check the "should dump" flag on TCPStore, (maybe TCPStore server has shut down too early), with error: Broken pipe
[rank0]:[W508 17:57:34.049425929 TCPStore.cpp:106] [c10d] sendBytes failed on SocketImpl(fd=3, addr=[localhost]:60642, remote=[localhost]:29504): Broken pipe
Exception raised from sendBytes at /pytorch/torch/csrc/distributed/c10d/Utils.hpp:653 (most recent call first):
frame #0: c10::Error::Error(c10::SourceLocation, std::__cxx11::basic_string<char, std::char_traits<char>, std::allocator<char> >) + 0x98 (0x7d295f5785e8 in /home/ycyh/miniconda3/envs/LoRA/lib/python3.11/site-packages/torch/lib/libc10.so)
frame #1: <unknown function> + 0x5ba8b0e (0x7d29511a8b0e in /home/ycyh/miniconda3/envs/LoRA/lib/python3.11/site-packages/torch/lib/libtorch_cpu.so)
frame #2: <unknown function> + 0x5baa368 (0x7d29511aa368 in /home/ycyh/miniconda3/envs/LoRA/lib/python3.11/site-packages/torch/lib/libtorch_cpu.so)
frame #3: <unknown function> + 0x5babb4e (0x7d29511abb4e in /home/ycyh/miniconda3/envs/LoRA/lib/python3.11/site-packages/torch/lib/libtorch_cpu.so)
frame #4: c10d::TCPStore::check(std::vector<std::__cxx11::basic_string<char, std::char_traits<char>, std::allocator<char> >, std::allocator<std::__cxx11::basic_string<char, std::char_traits<char>, std::allocator<char> > > > const&) + 0x298 (0x7d29511a51a8 in /home/ycyh/miniconda3/envs/LoRA/lib/python3.11/site-packages/torch/lib/libtorch_cpu.so)
frame #5: c10d::ProcessGroupNCCL::heartbeatMonitor() + 0x379 (0x7d290d526729 in /home/ycyh/miniconda3/envs/LoRA/lib/python3.11/site-packages/torch/lib/libtorch_cuda.so)
frame #6: <unknown function> + 0xd828c (0x7d2a04eeb28c in /home/ycyh/miniconda3/envs/LoRA/bin/../lib/libstdc++.so.6)
frame #7: <unknown function> + 0x9caa4 (0x7d2a07a9caa4 in /lib/x86_64-linux-gnu/libc.so.6)
frame #8: <unknown function> + 0x129c6c (0x7d2a07b29c6c in /lib/x86_64-linux-gnu/libc.so.6)

[rank0]:[W508 17:57:34.054745517 ProcessGroupNCCL.cpp:1662] [PG ID 0 PG GUID 0(default_pg) Rank 0] Failed to check the "should dump" flag on TCPStore, (maybe TCPStore server has shut down too early), with error: Broken pipe
[rank0]:[W508 17:57:36.055048341 TCPStore.cpp:106] [c10d] sendBytes failed on SocketImpl(fd=3, addr=[localhost]:60642, remote=[localhost]:29504): Broken pipe
Exception raised from sendBytes at /pytorch/torch/csrc/distributed/c10d/Utils.hpp:653 (most recent call first):
frame #0: c10::Error::Error(c10::SourceLocation, std::__cxx11::basic_string<char, std::char_traits<char>, std::allocator<char> >) + 0x98 (0x7d295f5785e8 in /home/ycyh/miniconda3/envs/LoRA/lib/python3.11/site-packages/torch/lib/libc10.so)
frame #1: <unknown function> + 0x5ba8b0e (0x7d29511a8b0e in /home/ycyh/miniconda3/envs/LoRA/lib/python3.11/site-packages/torch/lib/libtorch_cpu.so)
frame #2: <unknown function> + 0x5baa368 (0x7d29511aa368 in /home/ycyh/miniconda3/envs/LoRA/lib/python3.11/site-packages/torch/lib/libtorch_cpu.so)
frame #3: <unknown function> + 0x5babb4e (0x7d29511abb4e in /home/ycyh/miniconda3/envs/LoRA/lib/python3.11/site-packages/torch/lib/libtorch_cpu.so)
frame #4: c10d::TCPStore::check(std::vector<std::__cxx11::basic_string<char, std::char_traits<char>, std::allocator<char> >, std::allocator<std::__cxx11::basic_string<char, std::char_traits<char>, std::allocator<char> > > > const&) + 0x298 (0x7d29511a51a8 in /home/ycyh/miniconda3/envs/LoRA/lib/python3.11/site-packages/torch/lib/libtorch_cpu.so)
frame #5: c10d::ProcessGroupNCCL::heartbeatMonitor() + 0x379 (0x7d290d526729 in /home/ycyh/miniconda3/envs/LoRA/lib/python3.11/site-packages/torch/lib/libtorch_cuda.so)
frame #6: <unknown function> + 0xd828c (0x7d2a04eeb28c in /home/ycyh/miniconda3/envs/LoRA/bin/../lib/libstdc++.so.6)
frame #7: <unknown function> + 0x9caa4 (0x7d2a07a9caa4 in /lib/x86_64-linux-gnu/libc.so.6)
frame #8: <unknown function> + 0x129c6c (0x7d2a07b29c6c in /lib/x86_64-linux-gnu/libc.so.6)

[rank0]:[W508 17:57:36.060363939 ProcessGroupNCCL.cpp:1662] [PG ID 0 PG GUID 0(default_pg) Rank 0] Failed to check the "should dump" flag on TCPStore, (maybe TCPStore server has shut down too early), with error: Broken pipe
[rank0]:[W508 17:57:38.060623437 TCPStore.cpp:106] [c10d] sendBytes failed on SocketImpl(fd=3, addr=[localhost]:60642, remote=[localhost]:29504): Broken pipe
Exception raised from sendBytes at /pytorch/torch/csrc/distributed/c10d/Utils.hpp:653 (most recent call first):
frame #0: c10::Error::Error(c10::SourceLocation, std::__cxx11::basic_string<char, std::char_traits<char>, std::allocator<char> >) + 0x98 (0x7d295f5785e8 in /home/ycyh/miniconda3/envs/LoRA/lib/python3.11/site-packages/torch/lib/libc10.so)
frame #1: <unknown function> + 0x5ba8b0e (0x7d29511a8b0e in /home/ycyh/miniconda3/envs/LoRA/lib/python3.11/site-packages/torch/lib/libtorch_cpu.so)
frame #2: <unknown function> + 0x5baa368 (0x7d29511aa368 in /home/ycyh/miniconda3/envs/LoRA/lib/python3.11/site-packages/torch/lib/libtorch_cpu.so)
frame #3: <unknown function> + 0x5babb4e (0x7d29511abb4e in /home/ycyh/miniconda3/envs/LoRA/lib/python3.11/site-packages/torch/lib/libtorch_cpu.so)
frame #4: c10d::TCPStore::check(std::vector<std::__cxx11::basic_string<char, std::char_traits<char>, std::allocator<char> >, std::allocator<std::__cxx11::basic_string<char, std::char_traits<char>, std::allocator<char> > > > const&) + 0x298 (0x7d29511a51a8 in /home/ycyh/miniconda3/envs/LoRA/lib/python3.11/site-packages/torch/lib/libtorch_cpu.so)
frame #5: c10d::ProcessGroupNCCL::heartbeatMonitor() + 0x379 (0x7d290d526729 in /home/ycyh/miniconda3/envs/LoRA/lib/python3.11/site-packages/torch/lib/libtorch_cuda.so)
frame #6: <unknown function> + 0xd828c (0x7d2a04eeb28c in /home/ycyh/miniconda3/envs/LoRA/bin/../lib/libstdc++.so.6)
frame #7: <unknown function> + 0x9caa4 (0x7d2a07a9caa4 in /lib/x86_64-linux-gnu/libc.so.6)
frame #8: <unknown function> + 0x129c6c (0x7d2a07b29c6c in /lib/x86_64-linux-gnu/libc.so.6)

[rank0]:[W508 17:57:38.065879575 ProcessGroupNCCL.cpp:1662] [PG ID 0 PG GUID 0(default_pg) Rank 0] Failed to check the "should dump" flag on TCPStore, (maybe TCPStore server has shut down too early), with error: Broken pipe
[rank0]:[W508 17:57:39.066079852 TCPStore.cpp:106] [c10d] sendBytes failed on SocketImpl(fd=3, addr=[localhost]:60642, remote=[localhost]:29504): Broken pipe
Exception raised from sendBytes at /pytorch/torch/csrc/distributed/c10d/Utils.hpp:653 (most recent call first):
frame #0: c10::Error::Error(c10::SourceLocation, std::__cxx11::basic_string<char, std::char_traits<char>, std::allocator<char> >) + 0x98 (0x7d295f5785e8 in /home/ycyh/miniconda3/envs/LoRA/lib/python3.11/site-packages/torch/lib/libc10.so)
frame #1: <unknown function> + 0x5ba8b0e (0x7d29511a8b0e in /home/ycyh/miniconda3/envs/LoRA/lib/python3.11/site-packages/torch/lib/libtorch_cpu.so)
frame #2: <unknown function> + 0x5baa368 (0x7d29511aa368 in /home/ycyh/miniconda3/envs/LoRA/lib/python3.11/site-packages/torch/lib/libtorch_cpu.so)
frame #3: <unknown function> + 0x5babb4e (0x7d29511abb4e in /home/ycyh/miniconda3/envs/LoRA/lib/python3.11/site-packages/torch/lib/libtorch_cpu.so)
frame #4: c10d::TCPStore::check(std::vector<std::__cxx11::basic_string<char, std::char_traits<char>, std::allocator<char> >, std::allocator<std::__cxx11::basic_string<char, std::char_traits<char>, std::allocator<char> > > > const&) + 0x298 (0x7d29511a51a8 in /home/ycyh/miniconda3/envs/LoRA/lib/python3.11/site-packages/torch/lib/libtorch_cpu.so)
frame #5: c10d::ProcessGroupNCCL::heartbeatMonitor() + 0x379 (0x7d290d526729 in /home/ycyh/miniconda3/envs/LoRA/lib/python3.11/site-packages/torch/lib/libtorch_cuda.so)
frame #6: <unknown function> + 0xd828c (0x7d2a04eeb28c in /home/ycyh/miniconda3/envs/LoRA/bin/../lib/libstdc++.so.6)
frame #7: <unknown function> + 0x9caa4 (0x7d2a07a9caa4 in /lib/x86_64-linux-gnu/libc.so.6)
frame #8: <unknown function> + 0x129c6c (0x7d2a07b29c6c in /lib/x86_64-linux-gnu/libc.so.6)

[rank0]:[W508 17:57:39.071325356 ProcessGroupNCCL.cpp:1662] [PG ID 0 PG GUID 0(default_pg) Rank 0] Failed to check the "should dump" flag on TCPStore, (maybe TCPStore server has shut down too early), with error: Broken pipe
[rank0]:[W508 17:57:41.071587674 TCPStore.cpp:106] [c10d] sendBytes failed on SocketImpl(fd=3, addr=[localhost]:60642, remote=[localhost]:29504): Broken pipe
Exception raised from sendBytes at /pytorch/torch/csrc/distributed/c10d/Utils.hpp:653 (most recent call first):
frame #0: c10::Error::Error(c10::SourceLocation, std::__cxx11::basic_string<char, std::char_traits<char>, std::allocator<char> >) + 0x98 (0x7d295f5785e8 in /home/ycyh/miniconda3/envs/LoRA/lib/python3.11/site-packages/torch/lib/libc10.so)
frame #1: <unknown function> + 0x5ba8b0e (0x7d29511a8b0e in /home/ycyh/miniconda3/envs/LoRA/lib/python3.11/site-packages/torch/lib/libtorch_cpu.so)
frame #2: <unknown function> + 0x5baa368 (0x7d29511aa368 in /home/ycyh/miniconda3/envs/LoRA/lib/python3.11/site-packages/torch/lib/libtorch_cpu.so)
frame #3: <unknown function> + 0x5babb4e (0x7d29511abb4e in /home/ycyh/miniconda3/envs/LoRA/lib/python3.11/site-packages/torch/lib/libtorch_cpu.so)
frame #4: c10d::TCPStore::check(std::vector<std::__cxx11::basic_string<char, std::char_traits<char>, std::allocator<char> >, std::allocator<std::__cxx11::basic_string<char, std::char_traits<char>, std::allocator<char> > > > const&) + 0x298 (0x7d29511a51a8 in /home/ycyh/miniconda3/envs/LoRA/lib/python3.11/site-packages/torch/lib/libtorch_cpu.so)
frame #5: c10d::ProcessGroupNCCL::heartbeatMonitor() + 0x379 (0x7d290d526729 in /home/ycyh/miniconda3/envs/LoRA/lib/python3.11/site-packages/torch/lib/libtorch_cuda.so)
frame #6: <unknown function> + 0xd828c (0x7d2a04eeb28c in /home/ycyh/miniconda3/envs/LoRA/bin/../lib/libstdc++.so.6)
frame #7: <unknown function> + 0x9caa4 (0x7d2a07a9caa4 in /lib/x86_64-linux-gnu/libc.so.6)
frame #8: <unknown function> + 0x129c6c (0x7d2a07b29c6c in /lib/x86_64-linux-gnu/libc.so.6)

[rank0]:[W508 17:57:41.076871833 ProcessGroupNCCL.cpp:1662] [PG ID 0 PG GUID 0(default_pg) Rank 0] Failed to check the "should dump" flag on TCPStore, (maybe TCPStore server has shut down too early), with error: Broken pipe
[rank0]:[W508 17:57:42.077071376 TCPStore.cpp:106] [c10d] sendBytes failed on SocketImpl(fd=3, addr=[localhost]:60642, remote=[localhost]:29504): Broken pipe
Exception raised from sendBytes at /pytorch/torch/csrc/distributed/c10d/Utils.hpp:653 (most recent call first):
frame #0: c10::Error::Error(c10::SourceLocation, std::__cxx11::basic_string<char, std::char_traits<char>, std::allocator<char> >) + 0x98 (0x7d295f5785e8 in /home/ycyh/miniconda3/envs/LoRA/lib/python3.11/site-packages/torch/lib/libc10.so)
frame #1: <unknown function> + 0x5ba8b0e (0x7d29511a8b0e in /home/ycyh/miniconda3/envs/LoRA/lib/python3.11/site-packages/torch/lib/libtorch_cpu.so)
frame #2: <unknown function> + 0x5baa368 (0x7d29511aa368 in /home/ycyh/miniconda3/envs/LoRA/lib/python3.11/site-packages/torch/lib/libtorch_cpu.so)
frame #3: <unknown function> + 0x5babb4e (0x7d29511abb4e in /home/ycyh/miniconda3/envs/LoRA/lib/python3.11/site-packages/torch/lib/libtorch_cpu.so)
frame #4: c10d::TCPStore::check(std::vector<std::__cxx11::basic_string<char, std::char_traits<char>, std::allocator<char> >, std::allocator<std::__cxx11::basic_string<char, std::char_traits<char>, std::allocator<char> > > > const&) + 0x298 (0x7d29511a51a8 in /home/ycyh/miniconda3/envs/LoRA/lib/python3.11/site-packages/torch/lib/libtorch_cpu.so)
frame #5: c10d::ProcessGroupNCCL::heartbeatMonitor() + 0x379 (0x7d290d526729 in /home/ycyh/miniconda3/envs/LoRA/lib/python3.11/site-packages/torch/lib/libtorch_cuda.so)
frame #6: <unknown function> + 0xd828c (0x7d2a04eeb28c in /home/ycyh/miniconda3/envs/LoRA/bin/../lib/libstdc++.so.6)
frame #7: <unknown function> + 0x9caa4 (0x7d2a07a9caa4 in /lib/x86_64-linux-gnu/libc.so.6)
frame #8: <unknown function> + 0x129c6c (0x7d2a07b29c6c in /lib/x86_64-linux-gnu/libc.so.6)

[rank0]:[W508 17:57:42.082369733 ProcessGroupNCCL.cpp:1662] [PG ID 0 PG GUID 0(default_pg) Rank 0] Failed to check the "should dump" flag on TCPStore, (maybe TCPStore server has shut down too early), with error: Broken pipe
[rank0]:[W508 17:57:43.082564275 TCPStore.cpp:106] [c10d] sendBytes failed on SocketImpl(fd=3, addr=[localhost]:60642, remote=[localhost]:29504): Broken pipe
Exception raised from sendBytes at /pytorch/torch/csrc/distributed/c10d/Utils.hpp:653 (most recent call first):
frame #0: c10::Error::Error(c10::SourceLocation, std::__cxx11::basic_string<char, std::char_traits<char>, std::allocator<char> >) + 0x98 (0x7d295f5785e8 in /home/ycyh/miniconda3/envs/LoRA/lib/python3.11/site-packages/torch/lib/libc10.so)
frame #1: <unknown function> + 0x5ba8b0e (0x7d29511a8b0e in /home/ycyh/miniconda3/envs/LoRA/lib/python3.11/site-packages/torch/lib/libtorch_cpu.so)
frame #2: <unknown function> + 0x5baa368 (0x7d29511aa368 in /home/ycyh/miniconda3/envs/LoRA/lib/python3.11/site-packages/torch/lib/libtorch_cpu.so)
frame #3: <unknown function> + 0x5babb4e (0x7d29511abb4e in /home/ycyh/miniconda3/envs/LoRA/lib/python3.11/site-packages/torch/lib/libtorch_cpu.so)
frame #4: c10d::TCPStore::check(std::vector<std::__cxx11::basic_string<char, std::char_traits<char>, std::allocator<char> >, std::allocator<std::__cxx11::basic_string<char, std::char_traits<char>, std::allocator<char> > > > const&) + 0x298 (0x7d29511a51a8 in /home/ycyh/miniconda3/envs/LoRA/lib/python3.11/site-packages/torch/lib/libtorch_cpu.so)
frame #5: c10d::ProcessGroupNCCL::heartbeatMonitor() + 0x379 (0x7d290d526729 in /home/ycyh/miniconda3/envs/LoRA/lib/python3.11/site-packages/torch/lib/libtorch_cuda.so)
frame #6: <unknown function> + 0xd828c (0x7d2a04eeb28c in /home/ycyh/miniconda3/envs/LoRA/bin/../lib/libstdc++.so.6)
frame #7: <unknown function> + 0x9caa4 (0x7d2a07a9caa4 in /lib/x86_64-linux-gnu/libc.so.6)
frame #8: <unknown function> + 0x129c6c (0x7d2a07b29c6c in /lib/x86_64-linux-gnu/libc.so.6)

[rank0]:[W508 17:57:43.088131871 ProcessGroupNCCL.cpp:1662] [PG ID 0 PG GUID 0(default_pg) Rank 0] Failed to check the "should dump" flag on TCPStore, (maybe TCPStore server has shut down too early), with error: Broken pipe
[rank0]:[W508 17:57:44.088340154 TCPStore.cpp:106] [c10d] sendBytes failed on SocketImpl(fd=3, addr=[localhost]:60642, remote=[localhost]:29504): Broken pipe
Exception raised from sendBytes at /pytorch/torch/csrc/distributed/c10d/Utils.hpp:653 (most recent call first):
frame #0: c10::Error::Error(c10::SourceLocation, std::__cxx11::basic_string<char, std::char_traits<char>, std::allocator<char> >) + 0x98 (0x7d295f5785e8 in /home/ycyh/miniconda3/envs/LoRA/lib/python3.11/site-packages/torch/lib/libc10.so)
frame #1: <unknown function> + 0x5ba8b0e (0x7d29511a8b0e in /home/ycyh/miniconda3/envs/LoRA/lib/python3.11/site-packages/torch/lib/libtorch_cpu.so)
frame #2: <unknown function> + 0x5baa368 (0x7d29511aa368 in /home/ycyh/miniconda3/envs/LoRA/lib/python3.11/site-packages/torch/lib/libtorch_cpu.so)
frame #3: <unknown function> + 0x5babb4e (0x7d29511abb4e in /home/ycyh/miniconda3/envs/LoRA/lib/python3.11/site-packages/torch/lib/libtorch_cpu.so)
frame #4: c10d::TCPStore::check(std::vector<std::__cxx11::basic_string<char, std::char_traits<char>, std::allocator<char> >, std::allocator<std::__cxx11::basic_string<char, std::char_traits<char>, std::allocator<char> > > > const&) + 0x298 (0x7d29511a51a8 in /home/ycyh/miniconda3/envs/LoRA/lib/python3.11/site-packages/torch/lib/libtorch_cpu.so)
frame #5: c10d::ProcessGroupNCCL::heartbeatMonitor() + 0x379 (0x7d290d526729 in /home/ycyh/miniconda3/envs/LoRA/lib/python3.11/site-packages/torch/lib/libtorch_cuda.so)
frame #6: <unknown function> + 0xd828c (0x7d2a04eeb28c in /home/ycyh/miniconda3/envs/LoRA/bin/../lib/libstdc++.so.6)
frame #7: <unknown function> + 0x9caa4 (0x7d2a07a9caa4 in /lib/x86_64-linux-gnu/libc.so.6)
frame #8: <unknown function> + 0x129c6c (0x7d2a07b29c6c in /lib/x86_64-linux-gnu/libc.so.6)

[rank0]:[W508 17:57:44.093701723 ProcessGroupNCCL.cpp:1662] [PG ID 0 PG GUID 0(default_pg) Rank 0] Failed to check the "should dump" flag on TCPStore, (maybe TCPStore server has shut down too early), with error: Broken pipe
[rank0]:[W508 17:57:46.093979834 TCPStore.cpp:106] [c10d] sendBytes failed on SocketImpl(fd=3, addr=[localhost]:60642, remote=[localhost]:29504): Broken pipe
Exception raised from sendBytes at /pytorch/torch/csrc/distributed/c10d/Utils.hpp:653 (most recent call first):
frame #0: c10::Error::Error(c10::SourceLocation, std::__cxx11::basic_string<char, std::char_traits<char>, std::allocator<char> >) + 0x98 (0x7d295f5785e8 in /home/ycyh/miniconda3/envs/LoRA/lib/python3.11/site-packages/torch/lib/libc10.so)
frame #1: <unknown function> + 0x5ba8b0e (0x7d29511a8b0e in /home/ycyh/miniconda3/envs/LoRA/lib/python3.11/site-packages/torch/lib/libtorch_cpu.so)
frame #2: <unknown function> + 0x5baa368 (0x7d29511aa368 in /home/ycyh/miniconda3/envs/LoRA/lib/python3.11/site-packages/torch/lib/libtorch_cpu.so)
frame #3: <unknown function> + 0x5babb4e (0x7d29511abb4e in /home/ycyh/miniconda3/envs/LoRA/lib/python3.11/site-packages/torch/lib/libtorch_cpu.so)
frame #4: c10d::TCPStore::check(std::vector<std::__cxx11::basic_string<char, std::char_traits<char>, std::allocator<char> >, std::allocator<std::__cxx11::basic_string<char, std::char_traits<char>, std::allocator<char> > > > const&) + 0x298 (0x7d29511a51a8 in /home/ycyh/miniconda3/envs/LoRA/lib/python3.11/site-packages/torch/lib/libtorch_cpu.so)
frame #5: c10d::ProcessGroupNCCL::heartbeatMonitor() + 0x379 (0x7d290d526729 in /home/ycyh/miniconda3/envs/LoRA/lib/python3.11/site-packages/torch/lib/libtorch_cuda.so)
frame #6: <unknown function> + 0xd828c (0x7d2a04eeb28c in /home/ycyh/miniconda3/envs/LoRA/bin/../lib/libstdc++.so.6)
frame #7: <unknown function> + 0x9caa4 (0x7d2a07a9caa4 in /lib/x86_64-linux-gnu/libc.so.6)
frame #8: <unknown function> + 0x129c6c (0x7d2a07b29c6c in /lib/x86_64-linux-gnu/libc.so.6)

[rank0]:[W508 17:57:46.099530774 ProcessGroupNCCL.cpp:1662] [PG ID 0 PG GUID 0(default_pg) Rank 0] Failed to check the "should dump" flag on TCPStore, (maybe TCPStore server has shut down too early), with error: Broken pipe
[rank0]:[W508 17:57:47.099729780 TCPStore.cpp:106] [c10d] sendBytes failed on SocketImpl(fd=3, addr=[localhost]:60642, remote=[localhost]:29504): Broken pipe
Exception raised from sendBytes at /pytorch/torch/csrc/distributed/c10d/Utils.hpp:653 (most recent call first):
frame #0: c10::Error::Error(c10::SourceLocation, std::__cxx11::basic_string<char, std::char_traits<char>, std::allocator<char> >) + 0x98 (0x7d295f5785e8 in /home/ycyh/miniconda3/envs/LoRA/lib/python3.11/site-packages/torch/lib/libc10.so)
frame #1: <unknown function> + 0x5ba8b0e (0x7d29511a8b0e in /home/ycyh/miniconda3/envs/LoRA/lib/python3.11/site-packages/torch/lib/libtorch_cpu.so)
frame #2: <unknown function> + 0x5baa368 (0x7d29511aa368 in /home/ycyh/miniconda3/envs/LoRA/lib/python3.11/site-packages/torch/lib/libtorch_cpu.so)
frame #3: <unknown function> + 0x5babb4e (0x7d29511abb4e in /home/ycyh/miniconda3/envs/LoRA/lib/python3.11/site-packages/torch/lib/libtorch_cpu.so)
frame #4: c10d::TCPStore::check(std::vector<std::__cxx11::basic_string<char, std::char_traits<char>, std::allocator<char> >, std::allocator<std::__cxx11::basic_string<char, std::char_traits<char>, std::allocator<char> > > > const&) + 0x298 (0x7d29511a51a8 in /home/ycyh/miniconda3/envs/LoRA/lib/python3.11/site-packages/torch/lib/libtorch_cpu.so)
frame #5: c10d::ProcessGroupNCCL::heartbeatMonitor() + 0x379 (0x7d290d526729 in /home/ycyh/miniconda3/envs/LoRA/lib/python3.11/site-packages/torch/lib/libtorch_cuda.so)
frame #6: <unknown function> + 0xd828c (0x7d2a04eeb28c in /home/ycyh/miniconda3/envs/LoRA/bin/../lib/libstdc++.so.6)
frame #7: <unknown function> + 0x9caa4 (0x7d2a07a9caa4 in /lib/x86_64-linux-gnu/libc.so.6)
frame #8: <unknown function> + 0x129c6c (0x7d2a07b29c6c in /lib/x86_64-linux-gnu/libc.so.6)

[rank0]:[W508 17:57:47.108146324 ProcessGroupNCCL.cpp:1662] [PG ID 0 PG GUID 0(default_pg) Rank 0] Failed to check the "should dump" flag on TCPStore, (maybe TCPStore server has shut down too early), with error: Broken pipe
[rank0]:[W508 17:57:48.108415554 TCPStore.cpp:106] [c10d] sendBytes failed on SocketImpl(fd=3, addr=[localhost]:60642, remote=[localhost]:29504): Broken pipe
Exception raised from sendBytes at /pytorch/torch/csrc/distributed/c10d/Utils.hpp:653 (most recent call first):
frame #0: c10::Error::Error(c10::SourceLocation, std::__cxx11::basic_string<char, std::char_traits<char>, std::allocator<char> >) + 0x98 (0x7d295f5785e8 in /home/ycyh/miniconda3/envs/LoRA/lib/python3.11/site-packages/torch/lib/libc10.so)
frame #1: <unknown function> + 0x5ba8b0e (0x7d29511a8b0e in /home/ycyh/miniconda3/envs/LoRA/lib/python3.11/site-packages/torch/lib/libtorch_cpu.so)
frame #2: <unknown function> + 0x5baa368 (0x7d29511aa368 in /home/ycyh/miniconda3/envs/LoRA/lib/python3.11/site-packages/torch/lib/libtorch_cpu.so)
frame #3: <unknown function> + 0x5babb4e (0x7d29511abb4e in /home/ycyh/miniconda3/envs/LoRA/lib/python3.11/site-packages/torch/lib/libtorch_cpu.so)
frame #4: c10d::TCPStore::check(std::vector<std::__cxx11::basic_string<char, std::char_traits<char>, std::allocator<char> >, std::allocator<std::__cxx11::basic_string<char, std::char_traits<char>, std::allocator<char> > > > const&) + 0x298 (0x7d29511a51a8 in /home/ycyh/miniconda3/envs/LoRA/lib/python3.11/site-packages/torch/lib/libtorch_cpu.so)
frame #5: c10d::ProcessGroupNCCL::heartbeatMonitor() + 0x379 (0x7d290d526729 in /home/ycyh/miniconda3/envs/LoRA/lib/python3.11/site-packages/torch/lib/libtorch_cuda.so)
frame #6: <unknown function> + 0xd828c (0x7d2a04eeb28c in /home/ycyh/miniconda3/envs/LoRA/bin/../lib/libstdc++.so.6)
frame #7: <unknown function> + 0x9caa4 (0x7d2a07a9caa4 in /lib/x86_64-linux-gnu/libc.so.6)
frame #8: <unknown function> + 0x129c6c (0x7d2a07b29c6c in /lib/x86_64-linux-gnu/libc.so.6)

[rank0]:[W508 17:57:48.113729668 ProcessGroupNCCL.cpp:1662] [PG ID 0 PG GUID 0(default_pg) Rank 0] Failed to check the "should dump" flag on TCPStore, (maybe TCPStore server has shut down too early), with error: Broken pipe
[rank0]:[W508 17:57:49.113921934 TCPStore.cpp:106] [c10d] sendBytes failed on SocketImpl(fd=3, addr=[localhost]:60642, remote=[localhost]:29504): Broken pipe
Exception raised from sendBytes at /pytorch/torch/csrc/distributed/c10d/Utils.hpp:653 (most recent call first):
frame #0: c10::Error::Error(c10::SourceLocation, std::__cxx11::basic_string<char, std::char_traits<char>, std::allocator<char> >) + 0x98 (0x7d295f5785e8 in /home/ycyh/miniconda3/envs/LoRA/lib/python3.11/site-packages/torch/lib/libc10.so)
frame #1: <unknown function> + 0x5ba8b0e (0x7d29511a8b0e in /home/ycyh/miniconda3/envs/LoRA/lib/python3.11/site-packages/torch/lib/libtorch_cpu.so)
frame #2: <unknown function> + 0x5baa368 (0x7d29511aa368 in /home/ycyh/miniconda3/envs/LoRA/lib/python3.11/site-packages/torch/lib/libtorch_cpu.so)
frame #3: <unknown function> + 0x5babb4e (0x7d29511abb4e in /home/ycyh/miniconda3/envs/LoRA/lib/python3.11/site-packages/torch/lib/libtorch_cpu.so)
frame #4: c10d::TCPStore::check(std::vector<std::__cxx11::basic_string<char, std::char_traits<char>, std::allocator<char> >, std::allocator<std::__cxx11::basic_string<char, std::char_traits<char>, std::allocator<char> > > > const&) + 0x298 (0x7d29511a51a8 in /home/ycyh/miniconda3/envs/LoRA/lib/python3.11/site-packages/torch/lib/libtorch_cpu.so)
frame #5: c10d::ProcessGroupNCCL::heartbeatMonitor() + 0x379 (0x7d290d526729 in /home/ycyh/miniconda3/envs/LoRA/lib/python3.11/site-packages/torch/lib/libtorch_cuda.so)
frame #6: <unknown function> + 0xd828c (0x7d2a04eeb28c in /home/ycyh/miniconda3/envs/LoRA/bin/../lib/libstdc++.so.6)
frame #7: <unknown function> + 0x9caa4 (0x7d2a07a9caa4 in /lib/x86_64-linux-gnu/libc.so.6)
frame #8: <unknown function> + 0x129c6c (0x7d2a07b29c6c in /lib/x86_64-linux-gnu/libc.so.6)

[rank0]:[W508 17:57:49.119269290 ProcessGroupNCCL.cpp:1662] [PG ID 0 PG GUID 0(default_pg) Rank 0] Failed to check the "should dump" flag on TCPStore, (maybe TCPStore server has shut down too early), with error: Broken pipe
[rank0]:[W508 17:57:50.119492545 TCPStore.cpp:106] [c10d] sendBytes failed on SocketImpl(fd=3, addr=[localhost]:60642, remote=[localhost]:29504): Broken pipe
Exception raised from sendBytes at /pytorch/torch/csrc/distributed/c10d/Utils.hpp:653 (most recent call first):
frame #0: c10::Error::Error(c10::SourceLocation, std::__cxx11::basic_string<char, std::char_traits<char>, std::allocator<char> >) + 0x98 (0x7d295f5785e8 in /home/ycyh/miniconda3/envs/LoRA/lib/python3.11/site-packages/torch/lib/libc10.so)
frame #1: <unknown function> + 0x5ba8b0e (0x7d29511a8b0e in /home/ycyh/miniconda3/envs/LoRA/lib/python3.11/site-packages/torch/lib/libtorch_cpu.so)
frame #2: <unknown function> + 0x5baa368 (0x7d29511aa368 in /home/ycyh/miniconda3/envs/LoRA/lib/python3.11/site-packages/torch/lib/libtorch_cpu.so)
frame #3: <unknown function> + 0x5babb4e (0x7d29511abb4e in /home/ycyh/miniconda3/envs/LoRA/lib/python3.11/site-packages/torch/lib/libtorch_cpu.so)
frame #4: c10d::TCPStore::check(std::vector<std::__cxx11::basic_string<char, std::char_traits<char>, std::allocator<char> >, std::allocator<std::__cxx11::basic_string<char, std::char_traits<char>, std::allocator<char> > > > const&) + 0x298 (0x7d29511a51a8 in /home/ycyh/miniconda3/envs/LoRA/lib/python3.11/site-packages/torch/lib/libtorch_cpu.so)
frame #5: c10d::ProcessGroupNCCL::heartbeatMonitor() + 0x379 (0x7d290d526729 in /home/ycyh/miniconda3/envs/LoRA/lib/python3.11/site-packages/torch/lib/libtorch_cuda.so)
frame #6: <unknown function> + 0xd828c (0x7d2a04eeb28c in /home/ycyh/miniconda3/envs/LoRA/bin/../lib/libstdc++.so.6)
frame #7: <unknown function> + 0x9caa4 (0x7d2a07a9caa4 in /lib/x86_64-linux-gnu/libc.so.6)
frame #8: <unknown function> + 0x129c6c (0x7d2a07b29c6c in /lib/x86_64-linux-gnu/libc.so.6)

[rank0]:[W508 17:57:50.124715811 ProcessGroupNCCL.cpp:1662] [PG ID 0 PG GUID 0(default_pg) Rank 0] Failed to check the "should dump" flag on TCPStore, (maybe TCPStore server has shut down too early), with error: Broken pipe
[rank0]:[W508 17:57:51.124903872 TCPStore.cpp:106] [c10d] sendBytes failed on SocketImpl(fd=3, addr=[localhost]:60642, remote=[localhost]:29504): Broken pipe
Exception raised from sendBytes at /pytorch/torch/csrc/distributed/c10d/Utils.hpp:653 (most recent call first):
frame #0: c10::Error::Error(c10::SourceLocation, std::__cxx11::basic_string<char, std::char_traits<char>, std::allocator<char> >) + 0x98 (0x7d295f5785e8 in /home/ycyh/miniconda3/envs/LoRA/lib/python3.11/site-packages/torch/lib/libc10.so)
frame #1: <unknown function> + 0x5ba8b0e (0x7d29511a8b0e in /home/ycyh/miniconda3/envs/LoRA/lib/python3.11/site-packages/torch/lib/libtorch_cpu.so)
frame #2: <unknown function> + 0x5baa368 (0x7d29511aa368 in /home/ycyh/miniconda3/envs/LoRA/lib/python3.11/site-packages/torch/lib/libtorch_cpu.so)
frame #3: <unknown function> + 0x5babb4e (0x7d29511abb4e in /home/ycyh/miniconda3/envs/LoRA/lib/python3.11/site-packages/torch/lib/libtorch_cpu.so)
frame #4: c10d::TCPStore::check(std::vector<std::__cxx11::basic_string<char, std::char_traits<char>, std::allocator<char> >, std::allocator<std::__cxx11::basic_string<char, std::char_traits<char>, std::allocator<char> > > > const&) + 0x298 (0x7d29511a51a8 in /home/ycyh/miniconda3/envs/LoRA/lib/python3.11/site-packages/torch/lib/libtorch_cpu.so)
frame #5: c10d::ProcessGroupNCCL::heartbeatMonitor() + 0x379 (0x7d290d526729 in /home/ycyh/miniconda3/envs/LoRA/lib/python3.11/site-packages/torch/lib/libtorch_cuda.so)
frame #6: <unknown function> + 0xd828c (0x7d2a04eeb28c in /home/ycyh/miniconda3/envs/LoRA/bin/../lib/libstdc++.so.6)
frame #7: <unknown function> + 0x9caa4 (0x7d2a07a9caa4 in /lib/x86_64-linux-gnu/libc.so.6)
frame #8: <unknown function> + 0x129c6c (0x7d2a07b29c6c in /lib/x86_64-linux-gnu/libc.so.6)

[rank0]:[W508 17:57:51.130249277 ProcessGroupNCCL.cpp:1662] [PG ID 0 PG GUID 0(default_pg) Rank 0] Failed to check the "should dump" flag on TCPStore, (maybe TCPStore server has shut down too early), with error: Broken pipe
[rank0]:[W508 17:57:52.130442151 TCPStore.cpp:106] [c10d] sendBytes failed on SocketImpl(fd=3, addr=[localhost]:60642, remote=[localhost]:29504): Broken pipe
Exception raised from sendBytes at /pytorch/torch/csrc/distributed/c10d/Utils.hpp:653 (most recent call first):
frame #0: c10::Error::Error(c10::SourceLocation, std::__cxx11::basic_string<char, std::char_traits<char>, std::allocator<char> >) + 0x98 (0x7d295f5785e8 in /home/ycyh/miniconda3/envs/LoRA/lib/python3.11/site-packages/torch/lib/libc10.so)
frame #1: <unknown function> + 0x5ba8b0e (0x7d29511a8b0e in /home/ycyh/miniconda3/envs/LoRA/lib/python3.11/site-packages/torch/lib/libtorch_cpu.so)
frame #2: <unknown function> + 0x5baa368 (0x7d29511aa368 in /home/ycyh/miniconda3/envs/LoRA/lib/python3.11/site-packages/torch/lib/libtorch_cpu.so)
frame #3: <unknown function> + 0x5babb4e (0x7d29511abb4e in /home/ycyh/miniconda3/envs/LoRA/lib/python3.11/site-packages/torch/lib/libtorch_cpu.so)
frame #4: c10d::TCPStore::check(std::vector<std::__cxx11::basic_string<char, std::char_traits<char>, std::allocator<char> >, std::allocator<std::__cxx11::basic_string<char, std::char_traits<char>, std::allocator<char> > > > const&) + 0x298 (0x7d29511a51a8 in /home/ycyh/miniconda3/envs/LoRA/lib/python3.11/site-packages/torch/lib/libtorch_cpu.so)
frame #5: c10d::ProcessGroupNCCL::heartbeatMonitor() + 0x379 (0x7d290d526729 in /home/ycyh/miniconda3/envs/LoRA/lib/python3.11/site-packages/torch/lib/libtorch_cuda.so)
frame #6: <unknown function> + 0xd828c (0x7d2a04eeb28c in /home/ycyh/miniconda3/envs/LoRA/bin/../lib/libstdc++.so.6)
frame #7: <unknown function> + 0x9caa4 (0x7d2a07a9caa4 in /lib/x86_64-linux-gnu/libc.so.6)
frame #8: <unknown function> + 0x129c6c (0x7d2a07b29c6c in /lib/x86_64-linux-gnu/libc.so.6)

[rank0]:[W508 17:57:52.135634688 ProcessGroupNCCL.cpp:1662] [PG ID 0 PG GUID 0(default_pg) Rank 0] Failed to check the "should dump" flag on TCPStore, (maybe TCPStore server has shut down too early), with error: Broken pipe
[rank0]:[W508 17:57:53.135857718 TCPStore.cpp:106] [c10d] sendBytes failed on SocketImpl(fd=3, addr=[localhost]:60642, remote=[localhost]:29504): Broken pipe
Exception raised from sendBytes at /pytorch/torch/csrc/distributed/c10d/Utils.hpp:653 (most recent call first):
frame #0: c10::Error::Error(c10::SourceLocation, std::__cxx11::basic_string<char, std::char_traits<char>, std::allocator<char> >) + 0x98 (0x7d295f5785e8 in /home/ycyh/miniconda3/envs/LoRA/lib/python3.11/site-packages/torch/lib/libc10.so)
frame #1: <unknown function> + 0x5ba8b0e (0x7d29511a8b0e in /home/ycyh/miniconda3/envs/LoRA/lib/python3.11/site-packages/torch/lib/libtorch_cpu.so)
frame #2: <unknown function> + 0x5baa368 (0x7d29511aa368 in /home/ycyh/miniconda3/envs/LoRA/lib/python3.11/site-packages/torch/lib/libtorch_cpu.so)
frame #3: <unknown function> + 0x5babb4e (0x7d29511abb4e in /home/ycyh/miniconda3/envs/LoRA/lib/python3.11/site-packages/torch/lib/libtorch_cpu.so)
frame #4: c10d::TCPStore::check(std::vector<std::__cxx11::basic_string<char, std::char_traits<char>, std::allocator<char> >, std::allocator<std::__cxx11::basic_string<char, std::char_traits<char>, std::allocator<char> > > > const&) + 0x298 (0x7d29511a51a8 in /home/ycyh/miniconda3/envs/LoRA/lib/python3.11/site-packages/torch/lib/libtorch_cpu.so)
frame #5: c10d::ProcessGroupNCCL::heartbeatMonitor() + 0x379 (0x7d290d526729 in /home/ycyh/miniconda3/envs/LoRA/lib/python3.11/site-packages/torch/lib/libtorch_cuda.so)
frame #6: <unknown function> + 0xd828c (0x7d2a04eeb28c in /home/ycyh/miniconda3/envs/LoRA/bin/../lib/libstdc++.so.6)
frame #7: <unknown function> + 0x9caa4 (0x7d2a07a9caa4 in /lib/x86_64-linux-gnu/libc.so.6)
frame #8: <unknown function> + 0x129c6c (0x7d2a07b29c6c in /lib/x86_64-linux-gnu/libc.so.6)

[rank0]:[W508 17:57:53.141060115 ProcessGroupNCCL.cpp:1662] [PG ID 0 PG GUID 0(default_pg) Rank 0] Failed to check the "should dump" flag on TCPStore, (maybe TCPStore server has shut down too early), with error: Broken pipe
[rank0]:[W508 17:57:54.141274979 TCPStore.cpp:106] [c10d] sendBytes failed on SocketImpl(fd=3, addr=[localhost]:60642, remote=[localhost]:29504): Broken pipe
Exception raised from sendBytes at /pytorch/torch/csrc/distributed/c10d/Utils.hpp:653 (most recent call first):
frame #0: c10::Error::Error(c10::SourceLocation, std::__cxx11::basic_string<char, std::char_traits<char>, std::allocator<char> >) + 0x98 (0x7d295f5785e8 in /home/ycyh/miniconda3/envs/LoRA/lib/python3.11/site-packages/torch/lib/libc10.so)
frame #1: <unknown function> + 0x5ba8b0e (0x7d29511a8b0e in /home/ycyh/miniconda3/envs/LoRA/lib/python3.11/site-packages/torch/lib/libtorch_cpu.so)
frame #2: <unknown function> + 0x5baa368 (0x7d29511aa368 in /home/ycyh/miniconda3/envs/LoRA/lib/python3.11/site-packages/torch/lib/libtorch_cpu.so)
frame #3: <unknown function> + 0x5babb4e (0x7d29511abb4e in /home/ycyh/miniconda3/envs/LoRA/lib/python3.11/site-packages/torch/lib/libtorch_cpu.so)
frame #4: c10d::TCPStore::check(std::vector<std::__cxx11::basic_string<char, std::char_traits<char>, std::allocator<char> >, std::allocator<std::__cxx11::basic_string<char, std::char_traits<char>, std::allocator<char> > > > const&) + 0x298 (0x7d29511a51a8 in /home/ycyh/miniconda3/envs/LoRA/lib/python3.11/site-packages/torch/lib/libtorch_cpu.so)
frame #5: c10d::ProcessGroupNCCL::heartbeatMonitor() + 0x379 (0x7d290d526729 in /home/ycyh/miniconda3/envs/LoRA/lib/python3.11/site-packages/torch/lib/libtorch_cuda.so)
frame #6: <unknown function> + 0xd828c (0x7d2a04eeb28c in /home/ycyh/miniconda3/envs/LoRA/bin/../lib/libstdc++.so.6)
frame #7: <unknown function> + 0x9caa4 (0x7d2a07a9caa4 in /lib/x86_64-linux-gnu/libc.so.6)
frame #8: <unknown function> + 0x129c6c (0x7d2a07b29c6c in /lib/x86_64-linux-gnu/libc.so.6)

[rank0]:[W508 17:57:54.146735307 ProcessGroupNCCL.cpp:1662] [PG ID 0 PG GUID 0(default_pg) Rank 0] Failed to check the "should dump" flag on TCPStore, (maybe TCPStore server has shut down too early), with error: Broken pipe
[rank0]:[W508 17:57:55.146940190 TCPStore.cpp:106] [c10d] sendBytes failed on SocketImpl(fd=3, addr=[localhost]:60642, remote=[localhost]:29504): Broken pipe
Exception raised from sendBytes at /pytorch/torch/csrc/distributed/c10d/Utils.hpp:653 (most recent call first):
frame #0: c10::Error::Error(c10::SourceLocation, std::__cxx11::basic_string<char, std::char_traits<char>, std::allocator<char> >) + 0x98 (0x7d295f5785e8 in /home/ycyh/miniconda3/envs/LoRA/lib/python3.11/site-packages/torch/lib/libc10.so)
frame #1: <unknown function> + 0x5ba8b0e (0x7d29511a8b0e in /home/ycyh/miniconda3/envs/LoRA/lib/python3.11/site-packages/torch/lib/libtorch_cpu.so)
frame #2: <unknown function> + 0x5baa368 (0x7d29511aa368 in /home/ycyh/miniconda3/envs/LoRA/lib/python3.11/site-packages/torch/lib/libtorch_cpu.so)
frame #3: <unknown function> + 0x5babb4e (0x7d29511abb4e in /home/ycyh/miniconda3/envs/LoRA/lib/python3.11/site-packages/torch/lib/libtorch_cpu.so)
frame #4: c10d::TCPStore::check(std::vector<std::__cxx11::basic_string<char, std::char_traits<char>, std::allocator<char> >, std::allocator<std::__cxx11::basic_string<char, std::char_traits<char>, std::allocator<char> > > > const&) + 0x298 (0x7d29511a51a8 in /home/ycyh/miniconda3/envs/LoRA/lib/python3.11/site-packages/torch/lib/libtorch_cpu.so)
frame #5: c10d::ProcessGroupNCCL::heartbeatMonitor() + 0x379 (0x7d290d526729 in /home/ycyh/miniconda3/envs/LoRA/lib/python3.11/site-packages/torch/lib/libtorch_cuda.so)
frame #6: <unknown function> + 0xd828c (0x7d2a04eeb28c in /home/ycyh/miniconda3/envs/LoRA/bin/../lib/libstdc++.so.6)
frame #7: <unknown function> + 0x9caa4 (0x7d2a07a9caa4 in /lib/x86_64-linux-gnu/libc.so.6)
frame #8: <unknown function> + 0x129c6c (0x7d2a07b29c6c in /lib/x86_64-linux-gnu/libc.so.6)

[rank0]:[W508 17:57:55.152319928 ProcessGroupNCCL.cpp:1662] [PG ID 0 PG GUID 0(default_pg) Rank 0] Failed to check the "should dump" flag on TCPStore, (maybe TCPStore server has shut down too early), with error: Broken pipe
[rank0]:[W508 17:57:57.152583477 TCPStore.cpp:106] [c10d] sendBytes failed on SocketImpl(fd=3, addr=[localhost]:60642, remote=[localhost]:29504): Broken pipe
Exception raised from sendBytes at /pytorch/torch/csrc/distributed/c10d/Utils.hpp:653 (most recent call first):
frame #0: c10::Error::Error(c10::SourceLocation, std::__cxx11::basic_string<char, std::char_traits<char>, std::allocator<char> >) + 0x98 (0x7d295f5785e8 in /home/ycyh/miniconda3/envs/LoRA/lib/python3.11/site-packages/torch/lib/libc10.so)
frame #1: <unknown function> + 0x5ba8b0e (0x7d29511a8b0e in /home/ycyh/miniconda3/envs/LoRA/lib/python3.11/site-packages/torch/lib/libtorch_cpu.so)
frame #2: <unknown function> + 0x5baa368 (0x7d29511aa368 in /home/ycyh/miniconda3/envs/LoRA/lib/python3.11/site-packages/torch/lib/libtorch_cpu.so)
frame #3: <unknown function> + 0x5babb4e (0x7d29511abb4e in /home/ycyh/miniconda3/envs/LoRA/lib/python3.11/site-packages/torch/lib/libtorch_cpu.so)
frame #4: c10d::TCPStore::check(std::vector<std::__cxx11::basic_string<char, std::char_traits<char>, std::allocator<char> >, std::allocator<std::__cxx11::basic_string<char, std::char_traits<char>, std::allocator<char> > > > const&) + 0x298 (0x7d29511a51a8 in /home/ycyh/miniconda3/envs/LoRA/lib/python3.11/site-packages/torch/lib/libtorch_cpu.so)
frame #5: c10d::ProcessGroupNCCL::heartbeatMonitor() + 0x379 (0x7d290d526729 in /home/ycyh/miniconda3/envs/LoRA/lib/python3.11/site-packages/torch/lib/libtorch_cuda.so)
frame #6: <unknown function> + 0xd828c (0x7d2a04eeb28c in /home/ycyh/miniconda3/envs/LoRA/bin/../lib/libstdc++.so.6)
frame #7: <unknown function> + 0x9caa4 (0x7d2a07a9caa4 in /lib/x86_64-linux-gnu/libc.so.6)
frame #8: <unknown function> + 0x129c6c (0x7d2a07b29c6c in /lib/x86_64-linux-gnu/libc.so.6)

[rank0]:[W508 17:57:57.157866465 ProcessGroupNCCL.cpp:1662] [PG ID 0 PG GUID 0(default_pg) Rank 0] Failed to check the "should dump" flag on TCPStore, (maybe TCPStore server has shut down too early), with error: Broken pipe
[rank0]:[W508 17:57:58.158068482 TCPStore.cpp:106] [c10d] sendBytes failed on SocketImpl(fd=3, addr=[localhost]:60642, remote=[localhost]:29504): Broken pipe
Exception raised from sendBytes at /pytorch/torch/csrc/distributed/c10d/Utils.hpp:653 (most recent call first):
frame #0: c10::Error::Error(c10::SourceLocation, std::__cxx11::basic_string<char, std::char_traits<char>, std::allocator<char> >) + 0x98 (0x7d295f5785e8 in /home/ycyh/miniconda3/envs/LoRA/lib/python3.11/site-packages/torch/lib/libc10.so)
frame #1: <unknown function> + 0x5ba8b0e (0x7d29511a8b0e in /home/ycyh/miniconda3/envs/LoRA/lib/python3.11/site-packages/torch/lib/libtorch_cpu.so)
frame #2: <unknown function> + 0x5baa368 (0x7d29511aa368 in /home/ycyh/miniconda3/envs/LoRA/lib/python3.11/site-packages/torch/lib/libtorch_cpu.so)
frame #3: <unknown function> + 0x5babb4e (0x7d29511abb4e in /home/ycyh/miniconda3/envs/LoRA/lib/python3.11/site-packages/torch/lib/libtorch_cpu.so)
frame #4: c10d::TCPStore::check(std::vector<std::__cxx11::basic_string<char, std::char_traits<char>, std::allocator<char> >, std::allocator<std::__cxx11::basic_string<char, std::char_traits<char>, std::allocator<char> > > > const&) + 0x298 (0x7d29511a51a8 in /home/ycyh/miniconda3/envs/LoRA/lib/python3.11/site-packages/torch/lib/libtorch_cpu.so)
frame #5: c10d::ProcessGroupNCCL::heartbeatMonitor() + 0x379 (0x7d290d526729 in /home/ycyh/miniconda3/envs/LoRA/lib/python3.11/site-packages/torch/lib/libtorch_cuda.so)
frame #6: <unknown function> + 0xd828c (0x7d2a04eeb28c in /home/ycyh/miniconda3/envs/LoRA/bin/../lib/libstdc++.so.6)
frame #7: <unknown function> + 0x9caa4 (0x7d2a07a9caa4 in /lib/x86_64-linux-gnu/libc.so.6)
frame #8: <unknown function> + 0x129c6c (0x7d2a07b29c6c in /lib/x86_64-linux-gnu/libc.so.6)

[rank0]:[W508 17:57:58.163360627 ProcessGroupNCCL.cpp:1662] [PG ID 0 PG GUID 0(default_pg) Rank 0] Failed to check the "should dump" flag on TCPStore, (maybe TCPStore server has shut down too early), with error: Broken pipe
[rank0]:[W508 17:57:59.163553743 TCPStore.cpp:106] [c10d] sendBytes failed on SocketImpl(fd=3, addr=[localhost]:60642, remote=[localhost]:29504): Broken pipe
Exception raised from sendBytes at /pytorch/torch/csrc/distributed/c10d/Utils.hpp:653 (most recent call first):
frame #0: c10::Error::Error(c10::SourceLocation, std::__cxx11::basic_string<char, std::char_traits<char>, std::allocator<char> >) + 0x98 (0x7d295f5785e8 in /home/ycyh/miniconda3/envs/LoRA/lib/python3.11/site-packages/torch/lib/libc10.so)
frame #1: <unknown function> + 0x5ba8b0e (0x7d29511a8b0e in /home/ycyh/miniconda3/envs/LoRA/lib/python3.11/site-packages/torch/lib/libtorch_cpu.so)
frame #2: <unknown function> + 0x5baa368 (0x7d29511aa368 in /home/ycyh/miniconda3/envs/LoRA/lib/python3.11/site-packages/torch/lib/libtorch_cpu.so)
frame #3: <unknown function> + 0x5babb4e (0x7d29511abb4e in /home/ycyh/miniconda3/envs/LoRA/lib/python3.11/site-packages/torch/lib/libtorch_cpu.so)
frame #4: c10d::TCPStore::check(std::vector<std::__cxx11::basic_string<char, std::char_traits<char>, std::allocator<char> >, std::allocator<std::__cxx11::basic_string<char, std::char_traits<char>, std::allocator<char> > > > const&) + 0x298 (0x7d29511a51a8 in /home/ycyh/miniconda3/envs/LoRA/lib/python3.11/site-packages/torch/lib/libtorch_cpu.so)
frame #5: c10d::ProcessGroupNCCL::heartbeatMonitor() + 0x379 (0x7d290d526729 in /home/ycyh/miniconda3/envs/LoRA/lib/python3.11/site-packages/torch/lib/libtorch_cuda.so)
frame #6: <unknown function> + 0xd828c (0x7d2a04eeb28c in /home/ycyh/miniconda3/envs/LoRA/bin/../lib/libstdc++.so.6)
frame #7: <unknown function> + 0x9caa4 (0x7d2a07a9caa4 in /lib/x86_64-linux-gnu/libc.so.6)
frame #8: <unknown function> + 0x129c6c (0x7d2a07b29c6c in /lib/x86_64-linux-gnu/libc.so.6)

[rank0]:[W508 17:57:59.168836006 ProcessGroupNCCL.cpp:1662] [PG ID 0 PG GUID 0(default_pg) Rank 0] Failed to check the "should dump" flag on TCPStore, (maybe TCPStore server has shut down too early), with error: Broken pipe
[rank0]:[W508 17:58:00.169044079 TCPStore.cpp:106] [c10d] sendBytes failed on SocketImpl(fd=3, addr=[localhost]:60642, remote=[localhost]:29504): Broken pipe
Exception raised from sendBytes at /pytorch/torch/csrc/distributed/c10d/Utils.hpp:653 (most recent call first):
frame #0: c10::Error::Error(c10::SourceLocation, std::__cxx11::basic_string<char, std::char_traits<char>, std::allocator<char> >) + 0x98 (0x7d295f5785e8 in /home/ycyh/miniconda3/envs/LoRA/lib/python3.11/site-packages/torch/lib/libc10.so)
frame #1: <unknown function> + 0x5ba8b0e (0x7d29511a8b0e in /home/ycyh/miniconda3/envs/LoRA/lib/python3.11/site-packages/torch/lib/libtorch_cpu.so)
frame #2: <unknown function> + 0x5baa368 (0x7d29511aa368 in /home/ycyh/miniconda3/envs/LoRA/lib/python3.11/site-packages/torch/lib/libtorch_cpu.so)
frame #3: <unknown function> + 0x5babb4e (0x7d29511abb4e in /home/ycyh/miniconda3/envs/LoRA/lib/python3.11/site-packages/torch/lib/libtorch_cpu.so)
frame #4: c10d::TCPStore::check(std::vector<std::__cxx11::basic_string<char, std::char_traits<char>, std::allocator<char> >, std::allocator<std::__cxx11::basic_string<char, std::char_traits<char>, std::allocator<char> > > > const&) + 0x298 (0x7d29511a51a8 in /home/ycyh/miniconda3/envs/LoRA/lib/python3.11/site-packages/torch/lib/libtorch_cpu.so)
frame #5: c10d::ProcessGroupNCCL::heartbeatMonitor() + 0x379 (0x7d290d526729 in /home/ycyh/miniconda3/envs/LoRA/lib/python3.11/site-packages/torch/lib/libtorch_cuda.so)
frame #6: <unknown function> + 0xd828c (0x7d2a04eeb28c in /home/ycyh/miniconda3/envs/LoRA/bin/../lib/libstdc++.so.6)
frame #7: <unknown function> + 0x9caa4 (0x7d2a07a9caa4 in /lib/x86_64-linux-gnu/libc.so.6)
frame #8: <unknown function> + 0x129c6c (0x7d2a07b29c6c in /lib/x86_64-linux-gnu/libc.so.6)

[rank0]:[W508 17:58:00.174308195 ProcessGroupNCCL.cpp:1662] [PG ID 0 PG GUID 0(default_pg) Rank 0] Failed to check the "should dump" flag on TCPStore, (maybe TCPStore server has shut down too early), with error: Broken pipe
[rank0]:[W508 17:58:01.174496538 TCPStore.cpp:106] [c10d] sendBytes failed on SocketImpl(fd=3, addr=[localhost]:60642, remote=[localhost]:29504): Broken pipe
Exception raised from sendBytes at /pytorch/torch/csrc/distributed/c10d/Utils.hpp:653 (most recent call first):
frame #0: c10::Error::Error(c10::SourceLocation, std::__cxx11::basic_string<char, std::char_traits<char>, std::allocator<char> >) + 0x98 (0x7d295f5785e8 in /home/ycyh/miniconda3/envs/LoRA/lib/python3.11/site-packages/torch/lib/libc10.so)
frame #1: <unknown function> + 0x5ba8b0e (0x7d29511a8b0e in /home/ycyh/miniconda3/envs/LoRA/lib/python3.11/site-packages/torch/lib/libtorch_cpu.so)
frame #2: <unknown function> + 0x5baa368 (0x7d29511aa368 in /home/ycyh/miniconda3/envs/LoRA/lib/python3.11/site-packages/torch/lib/libtorch_cpu.so)
frame #3: <unknown function> + 0x5babb4e (0x7d29511abb4e in /home/ycyh/miniconda3/envs/LoRA/lib/python3.11/site-packages/torch/lib/libtorch_cpu.so)
frame #4: c10d::TCPStore::check(std::vector<std::__cxx11::basic_string<char, std::char_traits<char>, std::allocator<char> >, std::allocator<std::__cxx11::basic_string<char, std::char_traits<char>, std::allocator<char> > > > const&) + 0x298 (0x7d29511a51a8 in /home/ycyh/miniconda3/envs/LoRA/lib/python3.11/site-packages/torch/lib/libtorch_cpu.so)
frame #5: c10d::ProcessGroupNCCL::heartbeatMonitor() + 0x379 (0x7d290d526729 in /home/ycyh/miniconda3/envs/LoRA/lib/python3.11/site-packages/torch/lib/libtorch_cuda.so)
frame #6: <unknown function> + 0xd828c (0x7d2a04eeb28c in /home/ycyh/miniconda3/envs/LoRA/bin/../lib/libstdc++.so.6)
frame #7: <unknown function> + 0x9caa4 (0x7d2a07a9caa4 in /lib/x86_64-linux-gnu/libc.so.6)
frame #8: <unknown function> + 0x129c6c (0x7d2a07b29c6c in /lib/x86_64-linux-gnu/libc.so.6)

[rank0]:[W508 17:58:01.179690743 ProcessGroupNCCL.cpp:1662] [PG ID 0 PG GUID 0(default_pg) Rank 0] Failed to check the "should dump" flag on TCPStore, (maybe TCPStore server has shut down too early), with error: Broken pipe
[rank0]:[W508 17:58:02.179891165 TCPStore.cpp:106] [c10d] sendBytes failed on SocketImpl(fd=3, addr=[localhost]:60642, remote=[localhost]:29504): Broken pipe
Exception raised from sendBytes at /pytorch/torch/csrc/distributed/c10d/Utils.hpp:653 (most recent call first):
frame #0: c10::Error::Error(c10::SourceLocation, std::__cxx11::basic_string<char, std::char_traits<char>, std::allocator<char> >) + 0x98 (0x7d295f5785e8 in /home/ycyh/miniconda3/envs/LoRA/lib/python3.11/site-packages/torch/lib/libc10.so)
frame #1: <unknown function> + 0x5ba8b0e (0x7d29511a8b0e in /home/ycyh/miniconda3/envs/LoRA/lib/python3.11/site-packages/torch/lib/libtorch_cpu.so)
frame #2: <unknown function> + 0x5baa368 (0x7d29511aa368 in /home/ycyh/miniconda3/envs/LoRA/lib/python3.11/site-packages/torch/lib/libtorch_cpu.so)
frame #3: <unknown function> + 0x5babb4e (0x7d29511abb4e in /home/ycyh/miniconda3/envs/LoRA/lib/python3.11/site-packages/torch/lib/libtorch_cpu.so)
frame #4: c10d::TCPStore::check(std::vector<std::__cxx11::basic_string<char, std::char_traits<char>, std::allocator<char> >, std::allocator<std::__cxx11::basic_string<char, std::char_traits<char>, std::allocator<char> > > > const&) + 0x298 (0x7d29511a51a8 in /home/ycyh/miniconda3/envs/LoRA/lib/python3.11/site-packages/torch/lib/libtorch_cpu.so)
frame #5: c10d::ProcessGroupNCCL::heartbeatMonitor() + 0x379 (0x7d290d526729 in /home/ycyh/miniconda3/envs/LoRA/lib/python3.11/site-packages/torch/lib/libtorch_cuda.so)
frame #6: <unknown function> + 0xd828c (0x7d2a04eeb28c in /home/ycyh/miniconda3/envs/LoRA/bin/../lib/libstdc++.so.6)
frame #7: <unknown function> + 0x9caa4 (0x7d2a07a9caa4 in /lib/x86_64-linux-gnu/libc.so.6)
frame #8: <unknown function> + 0x129c6c (0x7d2a07b29c6c in /lib/x86_64-linux-gnu/libc.so.6)

[rank0]:[W508 17:58:02.185121658 ProcessGroupNCCL.cpp:1662] [PG ID 0 PG GUID 0(default_pg) Rank 0] Failed to check the "should dump" flag on TCPStore, (maybe TCPStore server has shut down too early), with error: Broken pipe
[rank0]:[W508 17:58:03.185325014 TCPStore.cpp:106] [c10d] sendBytes failed on SocketImpl(fd=3, addr=[localhost]:60642, remote=[localhost]:29504): Broken pipe
Exception raised from sendBytes at /pytorch/torch/csrc/distributed/c10d/Utils.hpp:653 (most recent call first):
frame #0: c10::Error::Error(c10::SourceLocation, std::__cxx11::basic_string<char, std::char_traits<char>, std::allocator<char> >) + 0x98 (0x7d295f5785e8 in /home/ycyh/miniconda3/envs/LoRA/lib/python3.11/site-packages/torch/lib/libc10.so)
frame #1: <unknown function> + 0x5ba8b0e (0x7d29511a8b0e in /home/ycyh/miniconda3/envs/LoRA/lib/python3.11/site-packages/torch/lib/libtorch_cpu.so)
frame #2: <unknown function> + 0x5baa368 (0x7d29511aa368 in /home/ycyh/miniconda3/envs/LoRA/lib/python3.11/site-packages/torch/lib/libtorch_cpu.so)
frame #3: <unknown function> + 0x5babb4e (0x7d29511abb4e in /home/ycyh/miniconda3/envs/LoRA/lib/python3.11/site-packages/torch/lib/libtorch_cpu.so)
frame #4: c10d::TCPStore::check(std::vector<std::__cxx11::basic_string<char, std::char_traits<char>, std::allocator<char> >, std::allocator<std::__cxx11::basic_string<char, std::char_traits<char>, std::allocator<char> > > > const&) + 0x298 (0x7d29511a51a8 in /home/ycyh/miniconda3/envs/LoRA/lib/python3.11/site-packages/torch/lib/libtorch_cpu.so)
frame #5: c10d::ProcessGroupNCCL::heartbeatMonitor() + 0x379 (0x7d290d526729 in /home/ycyh/miniconda3/envs/LoRA/lib/python3.11/site-packages/torch/lib/libtorch_cuda.so)
frame #6: <unknown function> + 0xd828c (0x7d2a04eeb28c in /home/ycyh/miniconda3/envs/LoRA/bin/../lib/libstdc++.so.6)
frame #7: <unknown function> + 0x9caa4 (0x7d2a07a9caa4 in /lib/x86_64-linux-gnu/libc.so.6)
frame #8: <unknown function> + 0x129c6c (0x7d2a07b29c6c in /lib/x86_64-linux-gnu/libc.so.6)

[rank0]:[W508 17:58:03.190559434 ProcessGroupNCCL.cpp:1662] [PG ID 0 PG GUID 0(default_pg) Rank 0] Failed to check the "should dump" flag on TCPStore, (maybe TCPStore server has shut down too early), with error: Broken pipe
[rank0]:[W508 17:58:04.190767135 TCPStore.cpp:106] [c10d] sendBytes failed on SocketImpl(fd=3, addr=[localhost]:60642, remote=[localhost]:29504): Broken pipe
Exception raised from sendBytes at /pytorch/torch/csrc/distributed/c10d/Utils.hpp:653 (most recent call first):
frame #0: c10::Error::Error(c10::SourceLocation, std::__cxx11::basic_string<char, std::char_traits<char>, std::allocator<char> >) + 0x98 (0x7d295f5785e8 in /home/ycyh/miniconda3/envs/LoRA/lib/python3.11/site-packages/torch/lib/libc10.so)
frame #1: <unknown function> + 0x5ba8b0e (0x7d29511a8b0e in /home/ycyh/miniconda3/envs/LoRA/lib/python3.11/site-packages/torch/lib/libtorch_cpu.so)
frame #2: <unknown function> + 0x5baa368 (0x7d29511aa368 in /home/ycyh/miniconda3/envs/LoRA/lib/python3.11/site-packages/torch/lib/libtorch_cpu.so)
frame #3: <unknown function> + 0x5babb4e (0x7d29511abb4e in /home/ycyh/miniconda3/envs/LoRA/lib/python3.11/site-packages/torch/lib/libtorch_cpu.so)
frame #4: c10d::TCPStore::check(std::vector<std::__cxx11::basic_string<char, std::char_traits<char>, std::allocator<char> >, std::allocator<std::__cxx11::basic_string<char, std::char_traits<char>, std::allocator<char> > > > const&) + 0x298 (0x7d29511a51a8 in /home/ycyh/miniconda3/envs/LoRA/lib/python3.11/site-packages/torch/lib/libtorch_cpu.so)
frame #5: c10d::ProcessGroupNCCL::heartbeatMonitor() + 0x379 (0x7d290d526729 in /home/ycyh/miniconda3/envs/LoRA/lib/python3.11/site-packages/torch/lib/libtorch_cuda.so)
frame #6: <unknown function> + 0xd828c (0x7d2a04eeb28c in /home/ycyh/miniconda3/envs/LoRA/bin/../lib/libstdc++.so.6)
frame #7: <unknown function> + 0x9caa4 (0x7d2a07a9caa4 in /lib/x86_64-linux-gnu/libc.so.6)
frame #8: <unknown function> + 0x129c6c (0x7d2a07b29c6c in /lib/x86_64-linux-gnu/libc.so.6)

[rank0]:[W508 17:58:04.196097321 ProcessGroupNCCL.cpp:1662] [PG ID 0 PG GUID 0(default_pg) Rank 0] Failed to check the "should dump" flag on TCPStore, (maybe TCPStore server has shut down too early), with error: Broken pipe
[rank0]:[W508 17:58:05.196288268 TCPStore.cpp:106] [c10d] sendBytes failed on SocketImpl(fd=3, addr=[localhost]:60642, remote=[localhost]:29504): Broken pipe
Exception raised from sendBytes at /pytorch/torch/csrc/distributed/c10d/Utils.hpp:653 (most recent call first):
frame #0: c10::Error::Error(c10::SourceLocation, std::__cxx11::basic_string<char, std::char_traits<char>, std::allocator<char> >) + 0x98 (0x7d295f5785e8 in /home/ycyh/miniconda3/envs/LoRA/lib/python3.11/site-packages/torch/lib/libc10.so)
frame #1: <unknown function> + 0x5ba8b0e (0x7d29511a8b0e in /home/ycyh/miniconda3/envs/LoRA/lib/python3.11/site-packages/torch/lib/libtorch_cpu.so)
frame #2: <unknown function> + 0x5baa368 (0x7d29511aa368 in /home/ycyh/miniconda3/envs/LoRA/lib/python3.11/site-packages/torch/lib/libtorch_cpu.so)
frame #3: <unknown function> + 0x5babb4e (0x7d29511abb4e in /home/ycyh/miniconda3/envs/LoRA/lib/python3.11/site-packages/torch/lib/libtorch_cpu.so)
frame #4: c10d::TCPStore::check(std::vector<std::__cxx11::basic_string<char, std::char_traits<char>, std::allocator<char> >, std::allocator<std::__cxx11::basic_string<char, std::char_traits<char>, std::allocator<char> > > > const&) + 0x298 (0x7d29511a51a8 in /home/ycyh/miniconda3/envs/LoRA/lib/python3.11/site-packages/torch/lib/libtorch_cpu.so)
frame #5: c10d::ProcessGroupNCCL::heartbeatMonitor() + 0x379 (0x7d290d526729 in /home/ycyh/miniconda3/envs/LoRA/lib/python3.11/site-packages/torch/lib/libtorch_cuda.so)
frame #6: <unknown function> + 0xd828c (0x7d2a04eeb28c in /home/ycyh/miniconda3/envs/LoRA/bin/../lib/libstdc++.so.6)
frame #7: <unknown function> + 0x9caa4 (0x7d2a07a9caa4 in /lib/x86_64-linux-gnu/libc.so.6)
frame #8: <unknown function> + 0x129c6c (0x7d2a07b29c6c in /lib/x86_64-linux-gnu/libc.so.6)

[rank0]:[W508 17:58:05.201505697 ProcessGroupNCCL.cpp:1662] [PG ID 0 PG GUID 0(default_pg) Rank 0] Failed to check the "should dump" flag on TCPStore, (maybe TCPStore server has shut down too early), with error: Broken pipe
[rank0]:[W508 17:58:07.201775067 TCPStore.cpp:106] [c10d] sendBytes failed on SocketImpl(fd=3, addr=[localhost]:60642, remote=[localhost]:29504): Broken pipe
Exception raised from sendBytes at /pytorch/torch/csrc/distributed/c10d/Utils.hpp:653 (most recent call first):
frame #0: c10::Error::Error(c10::SourceLocation, std::__cxx11::basic_string<char, std::char_traits<char>, std::allocator<char> >) + 0x98 (0x7d295f5785e8 in /home/ycyh/miniconda3/envs/LoRA/lib/python3.11/site-packages/torch/lib/libc10.so)
frame #1: <unknown function> + 0x5ba8b0e (0x7d29511a8b0e in /home/ycyh/miniconda3/envs/LoRA/lib/python3.11/site-packages/torch/lib/libtorch_cpu.so)
frame #2: <unknown function> + 0x5baa368 (0x7d29511aa368 in /home/ycyh/miniconda3/envs/LoRA/lib/python3.11/site-packages/torch/lib/libtorch_cpu.so)
frame #3: <unknown function> + 0x5babb4e (0x7d29511abb4e in /home/ycyh/miniconda3/envs/LoRA/lib/python3.11/site-packages/torch/lib/libtorch_cpu.so)
frame #4: c10d::TCPStore::check(std::vector<std::__cxx11::basic_string<char, std::char_traits<char>, std::allocator<char> >, std::allocator<std::__cxx11::basic_string<char, std::char_traits<char>, std::allocator<char> > > > const&) + 0x298 (0x7d29511a51a8 in /home/ycyh/miniconda3/envs/LoRA/lib/python3.11/site-packages/torch/lib/libtorch_cpu.so)
frame #5: c10d::ProcessGroupNCCL::heartbeatMonitor() + 0x379 (0x7d290d526729 in /home/ycyh/miniconda3/envs/LoRA/lib/python3.11/site-packages/torch/lib/libtorch_cuda.so)
frame #6: <unknown function> + 0xd828c (0x7d2a04eeb28c in /home/ycyh/miniconda3/envs/LoRA/bin/../lib/libstdc++.so.6)
frame #7: <unknown function> + 0x9caa4 (0x7d2a07a9caa4 in /lib/x86_64-linux-gnu/libc.so.6)
frame #8: <unknown function> + 0x129c6c (0x7d2a07b29c6c in /lib/x86_64-linux-gnu/libc.so.6)

[rank0]:[W508 17:58:07.207035400 ProcessGroupNCCL.cpp:1662] [PG ID 0 PG GUID 0(default_pg) Rank 0] Failed to check the "should dump" flag on TCPStore, (maybe TCPStore server has shut down too early), with error: Broken pipe
[rank0]:[W508 17:58:08.207228894 TCPStore.cpp:106] [c10d] sendBytes failed on SocketImpl(fd=3, addr=[localhost]:60642, remote=[localhost]:29504): Broken pipe
Exception raised from sendBytes at /pytorch/torch/csrc/distributed/c10d/Utils.hpp:653 (most recent call first):
frame #0: c10::Error::Error(c10::SourceLocation, std::__cxx11::basic_string<char, std::char_traits<char>, std::allocator<char> >) + 0x98 (0x7d295f5785e8 in /home/ycyh/miniconda3/envs/LoRA/lib/python3.11/site-packages/torch/lib/libc10.so)
frame #1: <unknown function> + 0x5ba8b0e (0x7d29511a8b0e in /home/ycyh/miniconda3/envs/LoRA/lib/python3.11/site-packages/torch/lib/libtorch_cpu.so)
frame #2: <unknown function> + 0x5baa368 (0x7d29511aa368 in /home/ycyh/miniconda3/envs/LoRA/lib/python3.11/site-packages/torch/lib/libtorch_cpu.so)
frame #3: <unknown function> + 0x5babb4e (0x7d29511abb4e in /home/ycyh/miniconda3/envs/LoRA/lib/python3.11/site-packages/torch/lib/libtorch_cpu.so)
frame #4: c10d::TCPStore::check(std::vector<std::__cxx11::basic_string<char, std::char_traits<char>, std::allocator<char> >, std::allocator<std::__cxx11::basic_string<char, std::char_traits<char>, std::allocator<char> > > > const&) + 0x298 (0x7d29511a51a8 in /home/ycyh/miniconda3/envs/LoRA/lib/python3.11/site-packages/torch/lib/libtorch_cpu.so)
frame #5: c10d::ProcessGroupNCCL::heartbeatMonitor() + 0x379 (0x7d290d526729 in /home/ycyh/miniconda3/envs/LoRA/lib/python3.11/site-packages/torch/lib/libtorch_cuda.so)
frame #6: <unknown function> + 0xd828c (0x7d2a04eeb28c in /home/ycyh/miniconda3/envs/LoRA/bin/../lib/libstdc++.so.6)
frame #7: <unknown function> + 0x9caa4 (0x7d2a07a9caa4 in /lib/x86_64-linux-gnu/libc.so.6)
frame #8: <unknown function> + 0x129c6c (0x7d2a07b29c6c in /lib/x86_64-linux-gnu/libc.so.6)

[rank0]:[W508 17:58:08.212480554 ProcessGroupNCCL.cpp:1662] [PG ID 0 PG GUID 0(default_pg) Rank 0] Failed to check the "should dump" flag on TCPStore, (maybe TCPStore server has shut down too early), with error: Broken pipe
[rank0]:[W508 17:58:10.212774980 TCPStore.cpp:106] [c10d] sendBytes failed on SocketImpl(fd=3, addr=[localhost]:60642, remote=[localhost]:29504): Broken pipe
Exception raised from sendBytes at /pytorch/torch/csrc/distributed/c10d/Utils.hpp:653 (most recent call first):
frame #0: c10::Error::Error(c10::SourceLocation, std::__cxx11::basic_string<char, std::char_traits<char>, std::allocator<char> >) + 0x98 (0x7d295f5785e8 in /home/ycyh/miniconda3/envs/LoRA/lib/python3.11/site-packages/torch/lib/libc10.so)
frame #1: <unknown function> + 0x5ba8b0e (0x7d29511a8b0e in /home/ycyh/miniconda3/envs/LoRA/lib/python3.11/site-packages/torch/lib/libtorch_cpu.so)
frame #2: <unknown function> + 0x5baa368 (0x7d29511aa368 in /home/ycyh/miniconda3/envs/LoRA/lib/python3.11/site-packages/torch/lib/libtorch_cpu.so)
frame #3: <unknown function> + 0x5babb4e (0x7d29511abb4e in /home/ycyh/miniconda3/envs/LoRA/lib/python3.11/site-packages/torch/lib/libtorch_cpu.so)
frame #4: c10d::TCPStore::check(std::vector<std::__cxx11::basic_string<char, std::char_traits<char>, std::allocator<char> >, std::allocator<std::__cxx11::basic_string<char, std::char_traits<char>, std::allocator<char> > > > const&) + 0x298 (0x7d29511a51a8 in /home/ycyh/miniconda3/envs/LoRA/lib/python3.11/site-packages/torch/lib/libtorch_cpu.so)
frame #5: c10d::ProcessGroupNCCL::heartbeatMonitor() + 0x379 (0x7d290d526729 in /home/ycyh/miniconda3/envs/LoRA/lib/python3.11/site-packages/torch/lib/libtorch_cuda.so)
frame #6: <unknown function> + 0xd828c (0x7d2a04eeb28c in /home/ycyh/miniconda3/envs/LoRA/bin/../lib/libstdc++.so.6)
frame #7: <unknown function> + 0x9caa4 (0x7d2a07a9caa4 in /lib/x86_64-linux-gnu/libc.so.6)
frame #8: <unknown function> + 0x129c6c (0x7d2a07b29c6c in /lib/x86_64-linux-gnu/libc.so.6)

[rank0]:[W508 17:58:10.218292918 ProcessGroupNCCL.cpp:1662] [PG ID 0 PG GUID 0(default_pg) Rank 0] Failed to check the "should dump" flag on TCPStore, (maybe TCPStore server has shut down too early), with error: Broken pipe
[rank0]:[W508 17:58:11.218497323 TCPStore.cpp:106] [c10d] sendBytes failed on SocketImpl(fd=3, addr=[localhost]:60642, remote=[localhost]:29504): Broken pipe
Exception raised from sendBytes at /pytorch/torch/csrc/distributed/c10d/Utils.hpp:653 (most recent call first):
frame #0: c10::Error::Error(c10::SourceLocation, std::__cxx11::basic_string<char, std::char_traits<char>, std::allocator<char> >) + 0x98 (0x7d295f5785e8 in /home/ycyh/miniconda3/envs/LoRA/lib/python3.11/site-packages/torch/lib/libc10.so)
frame #1: <unknown function> + 0x5ba8b0e (0x7d29511a8b0e in /home/ycyh/miniconda3/envs/LoRA/lib/python3.11/site-packages/torch/lib/libtorch_cpu.so)
frame #2: <unknown function> + 0x5baa368 (0x7d29511aa368 in /home/ycyh/miniconda3/envs/LoRA/lib/python3.11/site-packages/torch/lib/libtorch_cpu.so)
frame #3: <unknown function> + 0x5babb4e (0x7d29511abb4e in /home/ycyh/miniconda3/envs/LoRA/lib/python3.11/site-packages/torch/lib/libtorch_cpu.so)
frame #4: c10d::TCPStore::check(std::vector<std::__cxx11::basic_string<char, std::char_traits<char>, std::allocator<char> >, std::allocator<std::__cxx11::basic_string<char, std::char_traits<char>, std::allocator<char> > > > const&) + 0x298 (0x7d29511a51a8 in /home/ycyh/miniconda3/envs/LoRA/lib/python3.11/site-packages/torch/lib/libtorch_cpu.so)
frame #5: c10d::ProcessGroupNCCL::heartbeatMonitor() + 0x379 (0x7d290d526729 in /home/ycyh/miniconda3/envs/LoRA/lib/python3.11/site-packages/torch/lib/libtorch_cuda.so)
frame #6: <unknown function> + 0xd828c (0x7d2a04eeb28c in /home/ycyh/miniconda3/envs/LoRA/bin/../lib/libstdc++.so.6)
frame #7: <unknown function> + 0x9caa4 (0x7d2a07a9caa4 in /lib/x86_64-linux-gnu/libc.so.6)
frame #8: <unknown function> + 0x129c6c (0x7d2a07b29c6c in /lib/x86_64-linux-gnu/libc.so.6)

[rank0]:[W508 17:58:11.223651386 ProcessGroupNCCL.cpp:1662] [PG ID 0 PG GUID 0(default_pg) Rank 0] Failed to check the "should dump" flag on TCPStore, (maybe TCPStore server has shut down too early), with error: Broken pipe
[rank0]:[W508 17:58:12.223856745 TCPStore.cpp:106] [c10d] sendBytes failed on SocketImpl(fd=3, addr=[localhost]:60642, remote=[localhost]:29504): Broken pipe
Exception raised from sendBytes at /pytorch/torch/csrc/distributed/c10d/Utils.hpp:653 (most recent call first):
frame #0: c10::Error::Error(c10::SourceLocation, std::__cxx11::basic_string<char, std::char_traits<char>, std::allocator<char> >) + 0x98 (0x7d295f5785e8 in /home/ycyh/miniconda3/envs/LoRA/lib/python3.11/site-packages/torch/lib/libc10.so)
frame #1: <unknown function> + 0x5ba8b0e (0x7d29511a8b0e in /home/ycyh/miniconda3/envs/LoRA/lib/python3.11/site-packages/torch/lib/libtorch_cpu.so)
frame #2: <unknown function> + 0x5baa368 (0x7d29511aa368 in /home/ycyh/miniconda3/envs/LoRA/lib/python3.11/site-packages/torch/lib/libtorch_cpu.so)
frame #3: <unknown function> + 0x5babb4e (0x7d29511abb4e in /home/ycyh/miniconda3/envs/LoRA/lib/python3.11/site-packages/torch/lib/libtorch_cpu.so)
frame #4: c10d::TCPStore::check(std::vector<std::__cxx11::basic_string<char, std::char_traits<char>, std::allocator<char> >, std::allocator<std::__cxx11::basic_string<char, std::char_traits<char>, std::allocator<char> > > > const&) + 0x298 (0x7d29511a51a8 in /home/ycyh/miniconda3/envs/LoRA/lib/python3.11/site-packages/torch/lib/libtorch_cpu.so)
frame #5: c10d::ProcessGroupNCCL::heartbeatMonitor() + 0x379 (0x7d290d526729 in /home/ycyh/miniconda3/envs/LoRA/lib/python3.11/site-packages/torch/lib/libtorch_cuda.so)
frame #6: <unknown function> + 0xd828c (0x7d2a04eeb28c in /home/ycyh/miniconda3/envs/LoRA/bin/../lib/libstdc++.so.6)
frame #7: <unknown function> + 0x9caa4 (0x7d2a07a9caa4 in /lib/x86_64-linux-gnu/libc.so.6)
frame #8: <unknown function> + 0x129c6c (0x7d2a07b29c6c in /lib/x86_64-linux-gnu/libc.so.6)

[rank0]:[W508 17:58:12.229152292 ProcessGroupNCCL.cpp:1662] [PG ID 0 PG GUID 0(default_pg) Rank 0] Failed to check the "should dump" flag on TCPStore, (maybe TCPStore server has shut down too early), with error: Broken pipe
[rank0]:[W508 17:58:13.229348607 TCPStore.cpp:106] [c10d] sendBytes failed on SocketImpl(fd=3, addr=[localhost]:60642, remote=[localhost]:29504): Broken pipe
Exception raised from sendBytes at /pytorch/torch/csrc/distributed/c10d/Utils.hpp:653 (most recent call first):
frame #0: c10::Error::Error(c10::SourceLocation, std::__cxx11::basic_string<char, std::char_traits<char>, std::allocator<char> >) + 0x98 (0x7d295f5785e8 in /home/ycyh/miniconda3/envs/LoRA/lib/python3.11/site-packages/torch/lib/libc10.so)
frame #1: <unknown function> + 0x5ba8b0e (0x7d29511a8b0e in /home/ycyh/miniconda3/envs/LoRA/lib/python3.11/site-packages/torch/lib/libtorch_cpu.so)
frame #2: <unknown function> + 0x5baa368 (0x7d29511aa368 in /home/ycyh/miniconda3/envs/LoRA/lib/python3.11/site-packages/torch/lib/libtorch_cpu.so)
frame #3: <unknown function> + 0x5babb4e (0x7d29511abb4e in /home/ycyh/miniconda3/envs/LoRA/lib/python3.11/site-packages/torch/lib/libtorch_cpu.so)
frame #4: c10d::TCPStore::check(std::vector<std::__cxx11::basic_string<char, std::char_traits<char>, std::allocator<char> >, std::allocator<std::__cxx11::basic_string<char, std::char_traits<char>, std::allocator<char> > > > const&) + 0x298 (0x7d29511a51a8 in /home/ycyh/miniconda3/envs/LoRA/lib/python3.11/site-packages/torch/lib/libtorch_cpu.so)
frame #5: c10d::ProcessGroupNCCL::heartbeatMonitor() + 0x379 (0x7d290d526729 in /home/ycyh/miniconda3/envs/LoRA/lib/python3.11/site-packages/torch/lib/libtorch_cuda.so)
frame #6: <unknown function> + 0xd828c (0x7d2a04eeb28c in /home/ycyh/miniconda3/envs/LoRA/bin/../lib/libstdc++.so.6)
frame #7: <unknown function> + 0x9caa4 (0x7d2a07a9caa4 in /lib/x86_64-linux-gnu/libc.so.6)
frame #8: <unknown function> + 0x129c6c (0x7d2a07b29c6c in /lib/x86_64-linux-gnu/libc.so.6)

[rank0]:[W508 17:58:13.234731524 ProcessGroupNCCL.cpp:1662] [PG ID 0 PG GUID 0(default_pg) Rank 0] Failed to check the "should dump" flag on TCPStore, (maybe TCPStore server has shut down too early), with error: Broken pipe
[rank0]:[W508 17:58:15.234989565 TCPStore.cpp:106] [c10d] sendBytes failed on SocketImpl(fd=3, addr=[localhost]:60642, remote=[localhost]:29504): Broken pipe
Exception raised from sendBytes at /pytorch/torch/csrc/distributed/c10d/Utils.hpp:653 (most recent call first):
frame #0: c10::Error::Error(c10::SourceLocation, std::__cxx11::basic_string<char, std::char_traits<char>, std::allocator<char> >) + 0x98 (0x7d295f5785e8 in /home/ycyh/miniconda3/envs/LoRA/lib/python3.11/site-packages/torch/lib/libc10.so)
frame #1: <unknown function> + 0x5ba8b0e (0x7d29511a8b0e in /home/ycyh/miniconda3/envs/LoRA/lib/python3.11/site-packages/torch/lib/libtorch_cpu.so)
frame #2: <unknown function> + 0x5baa368 (0x7d29511aa368 in /home/ycyh/miniconda3/envs/LoRA/lib/python3.11/site-packages/torch/lib/libtorch_cpu.so)
frame #3: <unknown function> + 0x5babb4e (0x7d29511abb4e in /home/ycyh/miniconda3/envs/LoRA/lib/python3.11/site-packages/torch/lib/libtorch_cpu.so)
frame #4: c10d::TCPStore::check(std::vector<std::__cxx11::basic_string<char, std::char_traits<char>, std::allocator<char> >, std::allocator<std::__cxx11::basic_string<char, std::char_traits<char>, std::allocator<char> > > > const&) + 0x298 (0x7d29511a51a8 in /home/ycyh/miniconda3/envs/LoRA/lib/python3.11/site-packages/torch/lib/libtorch_cpu.so)
frame #5: c10d::ProcessGroupNCCL::heartbeatMonitor() + 0x379 (0x7d290d526729 in /home/ycyh/miniconda3/envs/LoRA/lib/python3.11/site-packages/torch/lib/libtorch_cuda.so)
frame #6: <unknown function> + 0xd828c (0x7d2a04eeb28c in /home/ycyh/miniconda3/envs/LoRA/bin/../lib/libstdc++.so.6)
frame #7: <unknown function> + 0x9caa4 (0x7d2a07a9caa4 in /lib/x86_64-linux-gnu/libc.so.6)
frame #8: <unknown function> + 0x129c6c (0x7d2a07b29c6c in /lib/x86_64-linux-gnu/libc.so.6)

[rank0]:[W508 17:58:15.240295071 ProcessGroupNCCL.cpp:1662] [PG ID 0 PG GUID 0(default_pg) Rank 0] Failed to check the "should dump" flag on TCPStore, (maybe TCPStore server has shut down too early), with error: Broken pipe
[rank0]:[W508 17:58:16.240493122 TCPStore.cpp:106] [c10d] sendBytes failed on SocketImpl(fd=3, addr=[localhost]:60642, remote=[localhost]:29504): Broken pipe
Exception raised from sendBytes at /pytorch/torch/csrc/distributed/c10d/Utils.hpp:653 (most recent call first):
frame #0: c10::Error::Error(c10::SourceLocation, std::__cxx11::basic_string<char, std::char_traits<char>, std::allocator<char> >) + 0x98 (0x7d295f5785e8 in /home/ycyh/miniconda3/envs/LoRA/lib/python3.11/site-packages/torch/lib/libc10.so)
frame #1: <unknown function> + 0x5ba8b0e (0x7d29511a8b0e in /home/ycyh/miniconda3/envs/LoRA/lib/python3.11/site-packages/torch/lib/libtorch_cpu.so)
frame #2: <unknown function> + 0x5baa368 (0x7d29511aa368 in /home/ycyh/miniconda3/envs/LoRA/lib/python3.11/site-packages/torch/lib/libtorch_cpu.so)
frame #3: <unknown function> + 0x5babb4e (0x7d29511abb4e in /home/ycyh/miniconda3/envs/LoRA/lib/python3.11/site-packages/torch/lib/libtorch_cpu.so)
frame #4: c10d::TCPStore::check(std::vector<std::__cxx11::basic_string<char, std::char_traits<char>, std::allocator<char> >, std::allocator<std::__cxx11::basic_string<char, std::char_traits<char>, std::allocator<char> > > > const&) + 0x298 (0x7d29511a51a8 in /home/ycyh/miniconda3/envs/LoRA/lib/python3.11/site-packages/torch/lib/libtorch_cpu.so)
frame #5: c10d::ProcessGroupNCCL::heartbeatMonitor() + 0x379 (0x7d290d526729 in /home/ycyh/miniconda3/envs/LoRA/lib/python3.11/site-packages/torch/lib/libtorch_cuda.so)
frame #6: <unknown function> + 0xd828c (0x7d2a04eeb28c in /home/ycyh/miniconda3/envs/LoRA/bin/../lib/libstdc++.so.6)
frame #7: <unknown function> + 0x9caa4 (0x7d2a07a9caa4 in /lib/x86_64-linux-gnu/libc.so.6)
frame #8: <unknown function> + 0x129c6c (0x7d2a07b29c6c in /lib/x86_64-linux-gnu/libc.so.6)

[rank0]:[W508 17:58:16.245818060 ProcessGroupNCCL.cpp:1662] [PG ID 0 PG GUID 0(default_pg) Rank 0] Failed to check the "should dump" flag on TCPStore, (maybe TCPStore server has shut down too early), with error: Broken pipe
[rank0]:[W508 17:58:18.246095793 TCPStore.cpp:106] [c10d] sendBytes failed on SocketImpl(fd=3, addr=[localhost]:60642, remote=[localhost]:29504): Broken pipe
Exception raised from sendBytes at /pytorch/torch/csrc/distributed/c10d/Utils.hpp:653 (most recent call first):
frame #0: c10::Error::Error(c10::SourceLocation, std::__cxx11::basic_string<char, std::char_traits<char>, std::allocator<char> >) + 0x98 (0x7d295f5785e8 in /home/ycyh/miniconda3/envs/LoRA/lib/python3.11/site-packages/torch/lib/libc10.so)
frame #1: <unknown function> + 0x5ba8b0e (0x7d29511a8b0e in /home/ycyh/miniconda3/envs/LoRA/lib/python3.11/site-packages/torch/lib/libtorch_cpu.so)
frame #2: <unknown function> + 0x5baa368 (0x7d29511aa368 in /home/ycyh/miniconda3/envs/LoRA/lib/python3.11/site-packages/torch/lib/libtorch_cpu.so)
frame #3: <unknown function> + 0x5babb4e (0x7d29511abb4e in /home/ycyh/miniconda3/envs/LoRA/lib/python3.11/site-packages/torch/lib/libtorch_cpu.so)
frame #4: c10d::TCPStore::check(std::vector<std::__cxx11::basic_string<char, std::char_traits<char>, std::allocator<char> >, std::allocator<std::__cxx11::basic_string<char, std::char_traits<char>, std::allocator<char> > > > const&) + 0x298 (0x7d29511a51a8 in /home/ycyh/miniconda3/envs/LoRA/lib/python3.11/site-packages/torch/lib/libtorch_cpu.so)
frame #5: c10d::ProcessGroupNCCL::heartbeatMonitor() + 0x379 (0x7d290d526729 in /home/ycyh/miniconda3/envs/LoRA/lib/python3.11/site-packages/torch/lib/libtorch_cuda.so)
frame #6: <unknown function> + 0xd828c (0x7d2a04eeb28c in /home/ycyh/miniconda3/envs/LoRA/bin/../lib/libstdc++.so.6)
frame #7: <unknown function> + 0x9caa4 (0x7d2a07a9caa4 in /lib/x86_64-linux-gnu/libc.so.6)
frame #8: <unknown function> + 0x129c6c (0x7d2a07b29c6c in /lib/x86_64-linux-gnu/libc.so.6)

[rank0]:[W508 17:58:18.251435384 ProcessGroupNCCL.cpp:1662] [PG ID 0 PG GUID 0(default_pg) Rank 0] Failed to check the "should dump" flag on TCPStore, (maybe TCPStore server has shut down too early), with error: Broken pipe
[rank0]:[W508 17:58:19.251629802 TCPStore.cpp:106] [c10d] sendBytes failed on SocketImpl(fd=3, addr=[localhost]:60642, remote=[localhost]:29504): Broken pipe
Exception raised from sendBytes at /pytorch/torch/csrc/distributed/c10d/Utils.hpp:653 (most recent call first):
frame #0: c10::Error::Error(c10::SourceLocation, std::__cxx11::basic_string<char, std::char_traits<char>, std::allocator<char> >) + 0x98 (0x7d295f5785e8 in /home/ycyh/miniconda3/envs/LoRA/lib/python3.11/site-packages/torch/lib/libc10.so)
frame #1: <unknown function> + 0x5ba8b0e (0x7d29511a8b0e in /home/ycyh/miniconda3/envs/LoRA/lib/python3.11/site-packages/torch/lib/libtorch_cpu.so)
frame #2: <unknown function> + 0x5baa368 (0x7d29511aa368 in /home/ycyh/miniconda3/envs/LoRA/lib/python3.11/site-packages/torch/lib/libtorch_cpu.so)
frame #3: <unknown function> + 0x5babb4e (0x7d29511abb4e in /home/ycyh/miniconda3/envs/LoRA/lib/python3.11/site-packages/torch/lib/libtorch_cpu.so)
frame #4: c10d::TCPStore::check(std::vector<std::__cxx11::basic_string<char, std::char_traits<char>, std::allocator<char> >, std::allocator<std::__cxx11::basic_string<char, std::char_traits<char>, std::allocator<char> > > > const&) + 0x298 (0x7d29511a51a8 in /home/ycyh/miniconda3/envs/LoRA/lib/python3.11/site-packages/torch/lib/libtorch_cpu.so)
frame #5: c10d::ProcessGroupNCCL::heartbeatMonitor() + 0x379 (0x7d290d526729 in /home/ycyh/miniconda3/envs/LoRA/lib/python3.11/site-packages/torch/lib/libtorch_cuda.so)
frame #6: <unknown function> + 0xd828c (0x7d2a04eeb28c in /home/ycyh/miniconda3/envs/LoRA/bin/../lib/libstdc++.so.6)
frame #7: <unknown function> + 0x9caa4 (0x7d2a07a9caa4 in /lib/x86_64-linux-gnu/libc.so.6)
frame #8: <unknown function> + 0x129c6c (0x7d2a07b29c6c in /lib/x86_64-linux-gnu/libc.so.6)

[rank0]:[W508 17:58:19.257011149 ProcessGroupNCCL.cpp:1662] [PG ID 0 PG GUID 0(default_pg) Rank 0] Failed to check the "should dump" flag on TCPStore, (maybe TCPStore server has shut down too early), with error: Broken pipe
[rank0]:[W508 17:58:20.257210650 TCPStore.cpp:106] [c10d] sendBytes failed on SocketImpl(fd=3, addr=[localhost]:60642, remote=[localhost]:29504): Broken pipe
Exception raised from sendBytes at /pytorch/torch/csrc/distributed/c10d/Utils.hpp:653 (most recent call first):
frame #0: c10::Error::Error(c10::SourceLocation, std::__cxx11::basic_string<char, std::char_traits<char>, std::allocator<char> >) + 0x98 (0x7d295f5785e8 in /home/ycyh/miniconda3/envs/LoRA/lib/python3.11/site-packages/torch/lib/libc10.so)
frame #1: <unknown function> + 0x5ba8b0e (0x7d29511a8b0e in /home/ycyh/miniconda3/envs/LoRA/lib/python3.11/site-packages/torch/lib/libtorch_cpu.so)
frame #2: <unknown function> + 0x5baa368 (0x7d29511aa368 in /home/ycyh/miniconda3/envs/LoRA/lib/python3.11/site-packages/torch/lib/libtorch_cpu.so)
frame #3: <unknown function> + 0x5babb4e (0x7d29511abb4e in /home/ycyh/miniconda3/envs/LoRA/lib/python3.11/site-packages/torch/lib/libtorch_cpu.so)
frame #4: c10d::TCPStore::check(std::vector<std::__cxx11::basic_string<char, std::char_traits<char>, std::allocator<char> >, std::allocator<std::__cxx11::basic_string<char, std::char_traits<char>, std::allocator<char> > > > const&) + 0x298 (0x7d29511a51a8 in /home/ycyh/miniconda3/envs/LoRA/lib/python3.11/site-packages/torch/lib/libtorch_cpu.so)
frame #5: c10d::ProcessGroupNCCL::heartbeatMonitor() + 0x379 (0x7d290d526729 in /home/ycyh/miniconda3/envs/LoRA/lib/python3.11/site-packages/torch/lib/libtorch_cuda.so)
frame #6: <unknown function> + 0xd828c (0x7d2a04eeb28c in /home/ycyh/miniconda3/envs/LoRA/bin/../lib/libstdc++.so.6)
frame #7: <unknown function> + 0x9caa4 (0x7d2a07a9caa4 in /lib/x86_64-linux-gnu/libc.so.6)
frame #8: <unknown function> + 0x129c6c (0x7d2a07b29c6c in /lib/x86_64-linux-gnu/libc.so.6)

[rank0]:[W508 17:58:20.262526790 ProcessGroupNCCL.cpp:1662] [PG ID 0 PG GUID 0(default_pg) Rank 0] Failed to check the "should dump" flag on TCPStore, (maybe TCPStore server has shut down too early), with error: Broken pipe
[rank0]:[W508 17:58:21.262738768 TCPStore.cpp:106] [c10d] sendBytes failed on SocketImpl(fd=3, addr=[localhost]:60642, remote=[localhost]:29504): Broken pipe
Exception raised from sendBytes at /pytorch/torch/csrc/distributed/c10d/Utils.hpp:653 (most recent call first):
frame #0: c10::Error::Error(c10::SourceLocation, std::__cxx11::basic_string<char, std::char_traits<char>, std::allocator<char> >) + 0x98 (0x7d295f5785e8 in /home/ycyh/miniconda3/envs/LoRA/lib/python3.11/site-packages/torch/lib/libc10.so)
frame #1: <unknown function> + 0x5ba8b0e (0x7d29511a8b0e in /home/ycyh/miniconda3/envs/LoRA/lib/python3.11/site-packages/torch/lib/libtorch_cpu.so)
frame #2: <unknown function> + 0x5baa368 (0x7d29511aa368 in /home/ycyh/miniconda3/envs/LoRA/lib/python3.11/site-packages/torch/lib/libtorch_cpu.so)
frame #3: <unknown function> + 0x5babb4e (0x7d29511abb4e in /home/ycyh/miniconda3/envs/LoRA/lib/python3.11/site-packages/torch/lib/libtorch_cpu.so)
frame #4: c10d::TCPStore::check(std::vector<std::__cxx11::basic_string<char, std::char_traits<char>, std::allocator<char> >, std::allocator<std::__cxx11::basic_string<char, std::char_traits<char>, std::allocator<char> > > > const&) + 0x298 (0x7d29511a51a8 in /home/ycyh/miniconda3/envs/LoRA/lib/python3.11/site-packages/torch/lib/libtorch_cpu.so)
frame #5: c10d::ProcessGroupNCCL::heartbeatMonitor() + 0x379 (0x7d290d526729 in /home/ycyh/miniconda3/envs/LoRA/lib/python3.11/site-packages/torch/lib/libtorch_cuda.so)
frame #6: <unknown function> + 0xd828c (0x7d2a04eeb28c in /home/ycyh/miniconda3/envs/LoRA/bin/../lib/libstdc++.so.6)
frame #7: <unknown function> + 0x9caa4 (0x7d2a07a9caa4 in /lib/x86_64-linux-gnu/libc.so.6)
frame #8: <unknown function> + 0x129c6c (0x7d2a07b29c6c in /lib/x86_64-linux-gnu/libc.so.6)

[rank0]:[W508 17:58:21.268269493 ProcessGroupNCCL.cpp:1662] [PG ID 0 PG GUID 0(default_pg) Rank 0] Failed to check the "should dump" flag on TCPStore, (maybe TCPStore server has shut down too early), with error: Broken pipe
[rank0]:[W508 17:58:22.268466664 TCPStore.cpp:106] [c10d] sendBytes failed on SocketImpl(fd=3, addr=[localhost]:60642, remote=[localhost]:29504): Broken pipe
Exception raised from sendBytes at /pytorch/torch/csrc/distributed/c10d/Utils.hpp:653 (most recent call first):
frame #0: c10::Error::Error(c10::SourceLocation, std::__cxx11::basic_string<char, std::char_traits<char>, std::allocator<char> >) + 0x98 (0x7d295f5785e8 in /home/ycyh/miniconda3/envs/LoRA/lib/python3.11/site-packages/torch/lib/libc10.so)
frame #1: <unknown function> + 0x5ba8b0e (0x7d29511a8b0e in /home/ycyh/miniconda3/envs/LoRA/lib/python3.11/site-packages/torch/lib/libtorch_cpu.so)
frame #2: <unknown function> + 0x5baa368 (0x7d29511aa368 in /home/ycyh/miniconda3/envs/LoRA/lib/python3.11/site-packages/torch/lib/libtorch_cpu.so)
frame #3: <unknown function> + 0x5babb4e (0x7d29511abb4e in /home/ycyh/miniconda3/envs/LoRA/lib/python3.11/site-packages/torch/lib/libtorch_cpu.so)
frame #4: c10d::TCPStore::check(std::vector<std::__cxx11::basic_string<char, std::char_traits<char>, std::allocator<char> >, std::allocator<std::__cxx11::basic_string<char, std::char_traits<char>, std::allocator<char> > > > const&) + 0x298 (0x7d29511a51a8 in /home/ycyh/miniconda3/envs/LoRA/lib/python3.11/site-packages/torch/lib/libtorch_cpu.so)
frame #5: c10d::ProcessGroupNCCL::heartbeatMonitor() + 0x379 (0x7d290d526729 in /home/ycyh/miniconda3/envs/LoRA/lib/python3.11/site-packages/torch/lib/libtorch_cuda.so)
frame #6: <unknown function> + 0xd828c (0x7d2a04eeb28c in /home/ycyh/miniconda3/envs/LoRA/bin/../lib/libstdc++.so.6)
frame #7: <unknown function> + 0x9caa4 (0x7d2a07a9caa4 in /lib/x86_64-linux-gnu/libc.so.6)
frame #8: <unknown function> + 0x129c6c (0x7d2a07b29c6c in /lib/x86_64-linux-gnu/libc.so.6)

[rank0]:[W508 17:58:22.273698601 ProcessGroupNCCL.cpp:1662] [PG ID 0 PG GUID 0(default_pg) Rank 0] Failed to check the "should dump" flag on TCPStore, (maybe TCPStore server has shut down too early), with error: Broken pipe
[rank0]:[W508 17:58:23.273898256 TCPStore.cpp:106] [c10d] sendBytes failed on SocketImpl(fd=3, addr=[localhost]:60642, remote=[localhost]:29504): Broken pipe
Exception raised from sendBytes at /pytorch/torch/csrc/distributed/c10d/Utils.hpp:653 (most recent call first):
frame #0: c10::Error::Error(c10::SourceLocation, std::__cxx11::basic_string<char, std::char_traits<char>, std::allocator<char> >) + 0x98 (0x7d295f5785e8 in /home/ycyh/miniconda3/envs/LoRA/lib/python3.11/site-packages/torch/lib/libc10.so)
frame #1: <unknown function> + 0x5ba8b0e (0x7d29511a8b0e in /home/ycyh/miniconda3/envs/LoRA/lib/python3.11/site-packages/torch/lib/libtorch_cpu.so)
frame #2: <unknown function> + 0x5baa368 (0x7d29511aa368 in /home/ycyh/miniconda3/envs/LoRA/lib/python3.11/site-packages/torch/lib/libtorch_cpu.so)
frame #3: <unknown function> + 0x5babb4e (0x7d29511abb4e in /home/ycyh/miniconda3/envs/LoRA/lib/python3.11/site-packages/torch/lib/libtorch_cpu.so)
frame #4: c10d::TCPStore::check(std::vector<std::__cxx11::basic_string<char, std::char_traits<char>, std::allocator<char> >, std::allocator<std::__cxx11::basic_string<char, std::char_traits<char>, std::allocator<char> > > > const&) + 0x298 (0x7d29511a51a8 in /home/ycyh/miniconda3/envs/LoRA/lib/python3.11/site-packages/torch/lib/libtorch_cpu.so)
frame #5: c10d::ProcessGroupNCCL::heartbeatMonitor() + 0x379 (0x7d290d526729 in /home/ycyh/miniconda3/envs/LoRA/lib/python3.11/site-packages/torch/lib/libtorch_cuda.so)
frame #6: <unknown function> + 0xd828c (0x7d2a04eeb28c in /home/ycyh/miniconda3/envs/LoRA/bin/../lib/libstdc++.so.6)
frame #7: <unknown function> + 0x9caa4 (0x7d2a07a9caa4 in /lib/x86_64-linux-gnu/libc.so.6)
frame #8: <unknown function> + 0x129c6c (0x7d2a07b29c6c in /lib/x86_64-linux-gnu/libc.so.6)

[rank0]:[W508 17:58:23.279207886 ProcessGroupNCCL.cpp:1662] [PG ID 0 PG GUID 0(default_pg) Rank 0] Failed to check the "should dump" flag on TCPStore, (maybe TCPStore server has shut down too early), with error: Broken pipe
[rank0]:[W508 17:58:24.279392989 TCPStore.cpp:106] [c10d] sendBytes failed on SocketImpl(fd=3, addr=[localhost]:60642, remote=[localhost]:29504): Broken pipe
Exception raised from sendBytes at /pytorch/torch/csrc/distributed/c10d/Utils.hpp:653 (most recent call first):
frame #0: c10::Error::Error(c10::SourceLocation, std::__cxx11::basic_string<char, std::char_traits<char>, std::allocator<char> >) + 0x98 (0x7d295f5785e8 in /home/ycyh/miniconda3/envs/LoRA/lib/python3.11/site-packages/torch/lib/libc10.so)
frame #1: <unknown function> + 0x5ba8b0e (0x7d29511a8b0e in /home/ycyh/miniconda3/envs/LoRA/lib/python3.11/site-packages/torch/lib/libtorch_cpu.so)
frame #2: <unknown function> + 0x5baa368 (0x7d29511aa368 in /home/ycyh/miniconda3/envs/LoRA/lib/python3.11/site-packages/torch/lib/libtorch_cpu.so)
frame #3: <unknown function> + 0x5babb4e (0x7d29511abb4e in /home/ycyh/miniconda3/envs/LoRA/lib/python3.11/site-packages/torch/lib/libtorch_cpu.so)
frame #4: c10d::TCPStore::check(std::vector<std::__cxx11::basic_string<char, std::char_traits<char>, std::allocator<char> >, std::allocator<std::__cxx11::basic_string<char, std::char_traits<char>, std::allocator<char> > > > const&) + 0x298 (0x7d29511a51a8 in /home/ycyh/miniconda3/envs/LoRA/lib/python3.11/site-packages/torch/lib/libtorch_cpu.so)
frame #5: c10d::ProcessGroupNCCL::heartbeatMonitor() + 0x379 (0x7d290d526729 in /home/ycyh/miniconda3/envs/LoRA/lib/python3.11/site-packages/torch/lib/libtorch_cuda.so)
frame #6: <unknown function> + 0xd828c (0x7d2a04eeb28c in /home/ycyh/miniconda3/envs/LoRA/bin/../lib/libstdc++.so.6)
frame #7: <unknown function> + 0x9caa4 (0x7d2a07a9caa4 in /lib/x86_64-linux-gnu/libc.so.6)
frame #8: <unknown function> + 0x129c6c (0x7d2a07b29c6c in /lib/x86_64-linux-gnu/libc.so.6)

[rank0]:[W508 17:58:24.284580065 ProcessGroupNCCL.cpp:1662] [PG ID 0 PG GUID 0(default_pg) Rank 0] Failed to check the "should dump" flag on TCPStore, (maybe TCPStore server has shut down too early), with error: Broken pipe
